25-08-15 12:43:39.350 [background-preinit] DEBUG org.jboss.logging - Logging Provider: org.jboss.logging.Slf4jLoggerProvider found via system property
25-08-15 12:43:39.357 [background-preinit] INFO  o.h.validator.internal.util.Version - HV000001: Hibernate Validator 8.0.2.Final
25-08-15 12:43:39.368 [background-preinit] DEBUG o.h.v.i.x.config.ValidationXmlParser - Trying to load META-INF/validation.xml for XML based Validator configuration.
25-08-15 12:43:39.369 [background-preinit] DEBUG o.h.v.i.x.c.ResourceLoaderHelper - Trying to load META-INF/validation.xml via TCCL
25-08-15 12:43:39.370 [background-preinit] DEBUG o.h.v.i.x.c.ResourceLoaderHelper - Trying to load META-INF/validation.xml via Hibernate Validator's class loader
25-08-15 12:43:39.371 [background-preinit] DEBUG o.h.v.i.x.config.ValidationXmlParser - No META-INF/validation.xml found. Using annotation based configuration only.
25-08-15 12:43:39.379 [background-preinit] DEBUG o.h.v.i.e.r.TraversableResolvers - Found jakarta.persistence.Persistence on classpath containing 'getPersistenceUtil'. Assuming JPA 2 environment. Trying to instantiate JPA aware TraversableResolver
25-08-15 12:43:39.380 [background-preinit] DEBUG o.h.v.i.e.r.TraversableResolvers - Instantiated JPA aware TraversableResolver of type org.hibernate.validator.internal.engine.resolver.JPATraversableResolver.
25-08-15 12:43:39.416 [background-preinit] DEBUG o.h.v.m.ResourceBundleMessageInterpo - Loaded expression factory via original TCCL
25-08-15 12:43:39.419 [main] INFO  c.c.discodeit.DiscodeitApplication - Starting DiscodeitApplication using Java 17.0.15 with PID 38792 (C:\Users\chaos\SpringProject\Discodeit\build\classes\java\main started by chaos in C:\Users\chaos\SpringProject\Discodeit)
25-08-15 12:43:39.420 [main] DEBUG c.c.discodeit.DiscodeitApplication - Running with Spring Boot v3.5.3, Spring v6.2.8
25-08-15 12:43:39.421 [main] INFO  c.c.discodeit.DiscodeitApplication - The following 1 profile is active: "local"
25-08-15 12:43:39.422 [main] DEBUG o.s.boot.SpringApplication - Loading source class com.codeit.discodeit.DiscodeitApplication
25-08-15 12:43:39.467 [main] DEBUG o.s.b.w.s.c.AnnotationConfigServletW - Refreshing org.springframework.boot.web.servlet.context.AnnotationConfigServletWebServerApplicationContext@55e7a35c
25-08-15 12:43:39.493 [main] DEBUG o.s.b.f.s.DefaultListableBeanFactory - Creating shared instance of singleton bean 'org.springframework.context.annotation.internalConfigurationAnnotationProcessor'
25-08-15 12:43:39.508 [main] DEBUG o.s.b.f.s.DefaultListableBeanFactory - Creating shared instance of singleton bean 'org.springframework.boot.autoconfigure.internalCachingMetadataReaderFactory'
25-08-15 12:43:39.529 [background-preinit] DEBUG o.h.v.i.e.ValidatorFactoryConfigurat - HV000252: Using org.hibernate.validator.internal.engine.DefaultPropertyNodeNameProvider as property node name provider.
25-08-15 12:43:39.538 [background-preinit] DEBUG o.h.v.i.e.ValidatorFactoryConfigurat - HV000234: Using org.hibernate.validator.messageinterpolation.ResourceBundleMessageInterpolator as ValidatorFactory-scoped message interpolator.
25-08-15 12:43:39.538 [background-preinit] DEBUG o.h.v.i.e.ValidatorFactoryConfigurat - HV000234: Using org.hibernate.validator.internal.engine.resolver.JPATraversableResolver as ValidatorFactory-scoped traversable resolver.
25-08-15 12:43:39.538 [background-preinit] DEBUG o.h.v.i.e.ValidatorFactoryConfigurat - HV000234: Using org.hibernate.validator.internal.util.ExecutableParameterNameProvider as ValidatorFactory-scoped parameter name provider.
25-08-15 12:43:39.538 [background-preinit] DEBUG o.h.v.i.e.ValidatorFactoryConfigurat - HV000234: Using org.hibernate.validator.internal.engine.DefaultClockProvider as ValidatorFactory-scoped clock provider.
25-08-15 12:43:39.538 [background-preinit] DEBUG o.h.v.i.e.ValidatorFactoryConfigurat - HV000234: Using org.hibernate.validator.internal.engine.scripting.DefaultScriptEvaluatorFactory as ValidatorFactory-scoped script evaluator factory.
25-08-15 12:43:39.586 [main] DEBUG o.s.c.a.ClassPathBeanDefinitionScann - Identified candidate component class: file [C:\Users\chaos\SpringProject\Discodeit\build\classes\java\main\com\codeit\discodeit\config\JacksonConfig.class]
25-08-15 12:43:39.603 [main] DEBUG o.s.c.a.ClassPathBeanDefinitionScann - Identified candidate component class: file [C:\Users\chaos\SpringProject\Discodeit\build\classes\java\main\com\codeit\discodeit\controller\AuthController.class]
25-08-15 12:43:39.621 [main] DEBUG o.s.c.a.ClassPathBeanDefinitionScann - Identified candidate component class: file [C:\Users\chaos\SpringProject\Discodeit\build\classes\java\main\com\codeit\discodeit\controller\BinaryContentsController.class]
25-08-15 12:43:39.641 [main] DEBUG o.s.c.a.ClassPathBeanDefinitionScann - Identified candidate component class: file [C:\Users\chaos\SpringProject\Discodeit\build\classes\java\main\com\codeit\discodeit\controller\ChannelController.class]
25-08-15 12:43:39.643 [main] DEBUG o.s.c.a.ClassPathBeanDefinitionScann - Identified candidate component class: file [C:\Users\chaos\SpringProject\Discodeit\build\classes\java\main\com\codeit\discodeit\controller\MessageController.class]
25-08-15 12:43:39.644 [main] DEBUG o.s.c.a.ClassPathBeanDefinitionScann - Identified candidate component class: file [C:\Users\chaos\SpringProject\Discodeit\build\classes\java\main\com\codeit\discodeit\controller\ReadStatusController.class]
25-08-15 12:43:39.689 [main] DEBUG o.s.c.a.ClassPathBeanDefinitionScann - Identified candidate component class: file [C:\Users\chaos\SpringProject\Discodeit\build\classes\java\main\com\codeit\discodeit\controller\UserController.class]
25-08-15 12:43:40.277 [main] DEBUG o.s.c.a.ClassPathBeanDefinitionScann - Identified candidate component class: file [C:\Users\chaos\SpringProject\Discodeit\build\classes\java\main\com\codeit\discodeit\exception\global\GlobalExceptionHandler.class]
25-08-15 12:43:40.414 [main] DEBUG o.s.c.a.ClassPathBeanDefinitionScann - Identified candidate component class: file [C:\Users\chaos\SpringProject\Discodeit\build\classes\java\main\com\codeit\discodeit\mapper\BinaryContentMapperImpl.class]
25-08-15 12:43:40.428 [main] DEBUG o.s.c.a.ClassPathBeanDefinitionScann - Identified candidate component class: file [C:\Users\chaos\SpringProject\Discodeit\build\classes\java\main\com\codeit\discodeit\mapper\ChannelMapperImpl.class]
25-08-15 12:43:40.442 [main] DEBUG o.s.c.a.ClassPathBeanDefinitionScann - Identified candidate component class: file [C:\Users\chaos\SpringProject\Discodeit\build\classes\java\main\com\codeit\discodeit\mapper\MessageMapperImpl.class]
25-08-15 12:43:40.456 [main] DEBUG o.s.c.a.ClassPathBeanDefinitionScann - Identified candidate component class: file [C:\Users\chaos\SpringProject\Discodeit\build\classes\java\main\com\codeit\discodeit\mapper\ReadStatusMapperImpl.class]
25-08-15 12:43:40.479 [main] DEBUG o.s.c.a.ClassPathBeanDefinitionScann - Identified candidate component class: file [C:\Users\chaos\SpringProject\Discodeit\build\classes\java\main\com\codeit\discodeit\mapper\UserMapperImpl.class]
25-08-15 12:43:40.493 [main] DEBUG o.s.c.a.ClassPathBeanDefinitionScann - Identified candidate component class: file [C:\Users\chaos\SpringProject\Discodeit\build\classes\java\main\com\codeit\discodeit\mapper\UserStatusMapperImpl.class]
25-08-15 12:43:40.547 [main] DEBUG o.s.c.a.ClassPathBeanDefinitionScann - Identified candidate component class: file [C:\Users\chaos\SpringProject\Discodeit\build\classes\java\main\com\codeit\discodeit\service\basic\BasicAuthService.class]
25-08-15 12:43:40.549 [main] DEBUG o.s.c.a.ClassPathBeanDefinitionScann - Identified candidate component class: file [C:\Users\chaos\SpringProject\Discodeit\build\classes\java\main\com\codeit\discodeit\service\basic\BasicBinaryContentService.class]
25-08-15 12:43:40.563 [main] DEBUG o.s.c.a.ClassPathBeanDefinitionScann - Identified candidate component class: file [C:\Users\chaos\SpringProject\Discodeit\build\classes\java\main\com\codeit\discodeit\service\basic\BasicChannelService.class]
25-08-15 12:43:40.576 [main] DEBUG o.s.c.a.ClassPathBeanDefinitionScann - Identified candidate component class: file [C:\Users\chaos\SpringProject\Discodeit\build\classes\java\main\com\codeit\discodeit\service\basic\BasicMessageService.class]
25-08-15 12:43:40.578 [main] DEBUG o.s.c.a.ClassPathBeanDefinitionScann - Identified candidate component class: file [C:\Users\chaos\SpringProject\Discodeit\build\classes\java\main\com\codeit\discodeit\service\basic\BasicReadStatusService.class]
25-08-15 12:43:40.588 [main] DEBUG o.s.c.a.ClassPathBeanDefinitionScann - Identified candidate component class: file [C:\Users\chaos\SpringProject\Discodeit\build\classes\java\main\com\codeit\discodeit\service\basic\BasicUserService.class]
25-08-15 12:43:40.598 [main] DEBUG o.s.c.a.ClassPathBeanDefinitionScann - Identified candidate component class: file [C:\Users\chaos\SpringProject\Discodeit\build\classes\java\main\com\codeit\discodeit\service\basic\BasicUserStatusService.class]
25-08-15 12:43:41.737 [main] INFO  o.s.d.r.c.RepositoryConfigurationDel - Bootstrapping Spring Data JPA repositories in DEFAULT mode.
25-08-15 12:43:41.746 [main] DEBUG o.s.b.f.s.DefaultListableBeanFactory - Creating shared instance of singleton bean 'org.springframework.boot.autoconfigure.AutoConfigurationPackages'
25-08-15 12:43:41.752 [main] DEBUG o.s.b.a.AutoConfigurationPackages - @EnableAutoConfiguration was declared on a class in the package 'com.codeit.discodeit'. Automatic @Repository and @Entity scanning is enabled.
25-08-15 12:43:41.753 [main] DEBUG o.s.d.r.c.RepositoryConfigurationDel - Scanning for JPA repositories in packages com.codeit.discodeit.
25-08-15 12:43:41.773 [main] DEBUG o.s.d.r.c.RepositoryComponentProvide - Identified candidate component class: file [C:\Users\chaos\SpringProject\Discodeit\build\classes\java\main\com\codeit\discodeit\repository\BinaryContentRepository.class]
25-08-15 12:43:41.774 [main] DEBUG o.s.d.r.c.RepositoryComponentProvide - Identified candidate component class: file [C:\Users\chaos\SpringProject\Discodeit\build\classes\java\main\com\codeit\discodeit\repository\ChannelRepository.class]
25-08-15 12:43:41.774 [main] DEBUG o.s.d.r.c.RepositoryComponentProvide - Identified candidate component class: file [C:\Users\chaos\SpringProject\Discodeit\build\classes\java\main\com\codeit\discodeit\repository\MessageRepository.class]
25-08-15 12:43:41.774 [main] DEBUG o.s.d.r.c.RepositoryComponentProvide - Identified candidate component class: file [C:\Users\chaos\SpringProject\Discodeit\build\classes\java\main\com\codeit\discodeit\repository\ReadStatusRepository.class]
25-08-15 12:43:41.774 [main] DEBUG o.s.d.r.c.RepositoryComponentProvide - Identified candidate component class: file [C:\Users\chaos\SpringProject\Discodeit\build\classes\java\main\com\codeit\discodeit\repository\UserRepository.class]
25-08-15 12:43:41.774 [main] DEBUG o.s.d.r.c.RepositoryComponentProvide - Identified candidate component class: file [C:\Users\chaos\SpringProject\Discodeit\build\classes\java\main\com\codeit\discodeit\repository\UserStatusRepository.class]
25-08-15 12:43:41.808 [main] DEBUG o.s.c.a.ClassPathScanningCandidateCo - Identified candidate component class: file [C:\Users\chaos\SpringProject\Discodeit\build\classes\java\main\com\codeit\discodeit\mapper\BinaryContentMapperImpl.class]
25-08-15 12:43:41.809 [main] DEBUG o.s.c.a.ClassPathScanningCandidateCo - Identified candidate component class: file [C:\Users\chaos\SpringProject\Discodeit\build\classes\java\main\com\codeit\discodeit\mapper\ChannelMapperImpl.class]
25-08-15 12:43:41.809 [main] DEBUG o.s.c.a.ClassPathScanningCandidateCo - Identified candidate component class: file [C:\Users\chaos\SpringProject\Discodeit\build\classes\java\main\com\codeit\discodeit\mapper\MessageMapperImpl.class]
25-08-15 12:43:41.809 [main] DEBUG o.s.c.a.ClassPathScanningCandidateCo - Identified candidate component class: file [C:\Users\chaos\SpringProject\Discodeit\build\classes\java\main\com\codeit\discodeit\mapper\ReadStatusMapperImpl.class]
25-08-15 12:43:41.809 [main] DEBUG o.s.c.a.ClassPathScanningCandidateCo - Identified candidate component class: file [C:\Users\chaos\SpringProject\Discodeit\build\classes\java\main\com\codeit\discodeit\mapper\UserMapperImpl.class]
25-08-15 12:43:41.809 [main] DEBUG o.s.c.a.ClassPathScanningCandidateCo - Identified candidate component class: file [C:\Users\chaos\SpringProject\Discodeit\build\classes\java\main\com\codeit\discodeit\mapper\UserStatusMapperImpl.class]
25-08-15 12:43:41.823 [main] INFO  o.s.d.r.c.RepositoryConfigurationDel - Finished Spring Data repository scanning in 68 ms. Found 6 JPA repository interfaces.
25-08-15 12:43:41.953 [main] DEBUG o.s.b.f.s.DefaultListableBeanFactory - Creating shared instance of singleton bean 'propertySourcesPlaceholderConfigurer'
25-08-15 12:43:41.958 [main] DEBUG o.s.b.f.s.DefaultListableBeanFactory - Creating shared instance of singleton bean 'emBeanDefinitionRegistrarPostProcessor'
25-08-15 12:43:41.959 [main] DEBUG o.s.b.f.s.DefaultListableBeanFactory - Creating shared instance of singleton bean 'org.springframework.boot.sql.init.dependency.DatabaseInitializationDependencyConfigurer$DependsOnDatabaseInitializationPostProcessor'
25-08-15 12:43:42.003 [main] DEBUG o.s.b.f.s.DefaultListableBeanFactory - Creating shared instance of singleton bean 'org.springframework.context.event.internalEventListenerProcessor'
25-08-15 12:43:42.004 [main] DEBUG o.s.b.f.s.DefaultListableBeanFactory - Creating shared instance of singleton bean 'bootstrapExecutorAliasPostProcessor'
25-08-15 12:43:42.005 [main] DEBUG o.s.b.f.s.DefaultListableBeanFactory - Creating shared instance of singleton bean 'preserveErrorControllerTargetClassPostProcessor'
25-08-15 12:43:42.005 [main] DEBUG o.s.b.f.s.DefaultListableBeanFactory - Creating shared instance of singleton bean 'org.springframework.context.event.internalEventListenerFactory'
25-08-15 12:43:42.006 [main] DEBUG o.s.b.f.s.DefaultListableBeanFactory - Creating shared instance of singleton bean 'org.springframework.transaction.config.internalTransactionalEventListenerFactory'
25-08-15 12:43:42.009 [main] DEBUG o.s.b.f.s.DefaultListableBeanFactory - Creating shared instance of singleton bean 'org.springframework.context.annotation.internalAutowiredAnnotationProcessor'
25-08-15 12:43:42.011 [main] DEBUG o.s.b.f.s.DefaultListableBeanFactory - Creating shared instance of singleton bean 'org.springframework.context.annotation.internalCommonAnnotationProcessor'
25-08-15 12:43:42.015 [main] DEBUG o.s.b.f.s.DefaultListableBeanFactory - Creating shared instance of singleton bean 'org.springframework.context.annotation.internalPersistenceAnnotationProcessor'
25-08-15 12:43:42.016 [main] DEBUG o.s.b.f.s.DefaultListableBeanFactory - Creating shared instance of singleton bean 'org.springframework.boot.context.properties.ConfigurationPropertiesBindingPostProcessor'
25-08-15 12:43:42.016 [main] DEBUG o.s.b.f.s.DefaultListableBeanFactory - Creating shared instance of singleton bean 'org.springframework.boot.context.internalConfigurationPropertiesBinder'
25-08-15 12:43:42.018 [main] DEBUG o.s.b.f.s.DefaultListableBeanFactory - Creating shared instance of singleton bean 'jdbcConnectionDetailsHikariBeanPostProcessor'
25-08-15 12:43:42.021 [main] DEBUG o.s.b.f.s.DefaultListableBeanFactory - Creating shared instance of singleton bean 'methodValidationPostProcessor'
25-08-15 12:43:42.022 [main] DEBUG o.s.b.f.s.DefaultListableBeanFactory - Autowiring by type from bean name 'methodValidationPostProcessor' via factory method to bean named 'environment'
25-08-15 12:43:42.035 [main] DEBUG o.s.b.f.s.DefaultListableBeanFactory - Creating shared instance of singleton bean 'org.springframework.boot.context.properties.EnableConfigurationPropertiesRegistrar.methodValidationExcludeFilter'
25-08-15 12:43:42.054 [main] DEBUG o.s.b.f.s.DefaultListableBeanFactory - Creating shared instance of singleton bean 'org.springframework.aop.config.internalAutoProxyCreator'
25-08-15 12:43:42.070 [main] DEBUG o.s.b.f.s.DefaultListableBeanFactory - Creating shared instance of singleton bean 'persistenceExceptionTranslationPostProcessor'
25-08-15 12:43:42.071 [main] DEBUG o.s.b.f.s.DefaultListableBeanFactory - Autowiring by type from bean name 'persistenceExceptionTranslationPostProcessor' via factory method to bean named 'environment'
25-08-15 12:43:42.072 [main] DEBUG o.s.b.f.s.DefaultListableBeanFactory - Creating shared instance of singleton bean 'webServerFactoryCustomizerBeanPostProcessor'
25-08-15 12:43:42.073 [main] DEBUG o.s.b.f.s.DefaultListableBeanFactory - Creating shared instance of singleton bean 'errorPageRegistrarBeanPostProcessor'
25-08-15 12:43:42.073 [main] DEBUG o.s.b.f.s.DefaultListableBeanFactory - Creating shared instance of singleton bean 'healthEndpointGroupsBeanPostProcessor'
25-08-15 12:43:42.074 [main] DEBUG o.s.b.f.s.DefaultListableBeanFactory - Creating shared instance of singleton bean 'org.springframework.transaction.config.internalTransactionAdvisor'
25-08-15 12:43:42.074 [main] DEBUG o.s.b.f.s.DefaultListableBeanFactory - Creating shared instance of singleton bean 'org.springframework.transaction.annotation.ProxyTransactionManagementConfiguration'
25-08-15 12:43:42.085 [main] DEBUG o.s.b.f.s.DefaultListableBeanFactory - Creating shared instance of singleton bean 'transactionAttributeSource'
25-08-15 12:43:42.089 [main] DEBUG o.s.b.f.s.DefaultListableBeanFactory - Creating shared instance of singleton bean 'transactionInterceptor'
25-08-15 12:43:42.089 [main] DEBUG o.s.b.f.s.DefaultListableBeanFactory - Autowiring by type from bean name 'transactionInterceptor' via factory method to bean named 'transactionAttributeSource'
25-08-15 12:43:42.094 [main] DEBUG o.s.b.f.s.DefaultListableBeanFactory - Autowiring by type from bean name 'org.springframework.transaction.config.internalTransactionAdvisor' via factory method to bean named 'transactionAttributeSource'
25-08-15 12:43:42.094 [main] DEBUG o.s.b.f.s.DefaultListableBeanFactory - Autowiring by type from bean name 'org.springframework.transaction.config.internalTransactionAdvisor' via factory method to bean named 'transactionInterceptor'
25-08-15 12:43:42.098 [main] DEBUG o.s.b.f.s.DefaultListableBeanFactory - Creating shared instance of singleton bean 'meterRegistryPostProcessor'
25-08-15 12:43:42.099 [main] DEBUG o.s.b.f.s.DefaultListableBeanFactory - Autowiring by type from bean name 'meterRegistryPostProcessor' via factory method to bean named 'org.springframework.boot.web.servlet.context.AnnotationConfigServletWebServerApplicationContext@55e7a35c'
25-08-15 12:43:42.101 [main] DEBUG o.s.b.f.s.DefaultListableBeanFactory - Creating shared instance of singleton bean 'metricsRepositoryMethodInvocationListenerBeanPostProcessor'
25-08-15 12:43:42.102 [main] DEBUG o.s.b.f.s.DefaultListableBeanFactory - Creating shared instance of singleton bean 'observationRegistryPostProcessor'
25-08-15 12:43:42.104 [main] DEBUG o.s.b.f.s.DefaultListableBeanFactory - Creating shared instance of singleton bean 'projectingArgumentResolverBeanPostProcessor'
25-08-15 12:43:42.123 [main] DEBUG o.s.u.c.s.UiApplicationContextUtils - Unable to locate ThemeSource with name 'themeSource': using default [org.springframework.ui.context.support.ResourceBundleThemeSource@42a0786f]
25-08-15 12:43:42.124 [main] DEBUG o.s.b.f.s.DefaultListableBeanFactory - Creating shared instance of singleton bean 'tomcatServletWebServerFactory'
25-08-15 12:43:42.124 [main] DEBUG o.s.b.f.s.DefaultListableBeanFactory - Creating shared instance of singleton bean 'org.springframework.boot.autoconfigure.web.servlet.ServletWebServerFactoryConfiguration$EmbeddedTomcat'
25-08-15 12:43:42.149 [main] DEBUG o.s.b.f.s.DefaultListableBeanFactory - Creating shared instance of singleton bean 'websocketServletWebServerCustomizer'
25-08-15 12:43:42.149 [main] DEBUG o.s.b.f.s.DefaultListableBeanFactory - Creating shared instance of singleton bean 'org.springframework.boot.autoconfigure.websocket.servlet.WebSocketServletAutoConfiguration$TomcatWebSocketConfiguration'
25-08-15 12:43:42.150 [main] DEBUG o.s.b.f.s.DefaultListableBeanFactory - Creating shared instance of singleton bean 'servletWebServerFactoryCustomizer'
25-08-15 12:43:42.150 [main] DEBUG o.s.b.f.s.DefaultListableBeanFactory - Creating shared instance of singleton bean 'org.springframework.boot.autoconfigure.web.servlet.ServletWebServerFactoryAutoConfiguration'
25-08-15 12:43:42.151 [main] DEBUG o.s.b.f.s.DefaultListableBeanFactory - Creating shared instance of singleton bean 'server-org.springframework.boot.autoconfigure.web.ServerProperties'
25-08-15 12:43:42.159 [main] DEBUG o.s.b.f.s.DefaultListableBeanFactory - Creating shared instance of singleton bean 'org.springframework.boot.context.properties.BoundConfigurationProperties'
25-08-15 12:43:42.168 [main] DEBUG o.s.b.f.s.DefaultListableBeanFactory - Autowiring by type from bean name 'servletWebServerFactoryCustomizer' via factory method to bean named 'server-org.springframework.boot.autoconfigure.web.ServerProperties'
25-08-15 12:43:42.170 [main] DEBUG o.s.b.f.s.DefaultListableBeanFactory - Creating shared instance of singleton bean 'sslBundleRegistry'
25-08-15 12:43:42.170 [main] DEBUG o.s.b.f.s.DefaultListableBeanFactory - Creating shared instance of singleton bean 'org.springframework.boot.autoconfigure.ssl.SslAutoConfiguration'
25-08-15 12:43:42.171 [main] DEBUG o.s.b.f.s.DefaultListableBeanFactory - Creating shared instance of singleton bean 'spring.ssl-org.springframework.boot.autoconfigure.ssl.SslProperties'
25-08-15 12:43:42.172 [main] DEBUG o.s.b.f.s.DefaultListableBeanFactory - Autowiring by type from bean name 'org.springframework.boot.autoconfigure.ssl.SslAutoConfiguration' via constructor to bean named 'org.springframework.boot.web.servlet.context.AnnotationConfigServletWebServerApplicationContext@55e7a35c'
25-08-15 12:43:42.173 [main] DEBUG o.s.b.f.s.DefaultListableBeanFactory - Autowiring by type from bean name 'org.springframework.boot.autoconfigure.ssl.SslAutoConfiguration' via constructor to bean named 'spring.ssl-org.springframework.boot.autoconfigure.ssl.SslProperties'
25-08-15 12:43:42.176 [main] DEBUG o.s.b.f.s.DefaultListableBeanFactory - Creating shared instance of singleton bean 'sslPropertiesSslBundleRegistrar'
25-08-15 12:43:42.176 [main] DEBUG o.s.b.f.s.DefaultListableBeanFactory - Creating shared instance of singleton bean 'fileWatcher'
25-08-15 12:43:42.178 [main] DEBUG o.s.b.f.s.DefaultListableBeanFactory - Autowiring by type from bean name 'sslPropertiesSslBundleRegistrar' via factory method to bean named 'fileWatcher'
25-08-15 12:43:42.184 [main] DEBUG o.s.b.f.s.DefaultListableBeanFactory - Creating shared instance of singleton bean 'tomcatServletWebServerFactoryCustomizer'
25-08-15 12:43:42.185 [main] DEBUG o.s.b.f.s.DefaultListableBeanFactory - Autowiring by type from bean name 'tomcatServletWebServerFactoryCustomizer' via factory method to bean named 'server-org.springframework.boot.autoconfigure.web.ServerProperties'
25-08-15 12:43:42.186 [main] DEBUG o.s.b.f.s.DefaultListableBeanFactory - Creating shared instance of singleton bean 'tomcatWebServerFactoryCustomizer'
25-08-15 12:43:42.186 [main] DEBUG o.s.b.f.s.DefaultListableBeanFactory - Creating shared instance of singleton bean 'org.springframework.boot.autoconfigure.web.embedded.EmbeddedWebServerFactoryCustomizerAutoConfiguration$TomcatWebServerFactoryCustomizerConfiguration'
25-08-15 12:43:42.187 [main] DEBUG o.s.b.f.s.DefaultListableBeanFactory - Autowiring by type from bean name 'tomcatWebServerFactoryCustomizer' via factory method to bean named 'environment'
25-08-15 12:43:42.187 [main] DEBUG o.s.b.f.s.DefaultListableBeanFactory - Autowiring by type from bean name 'tomcatWebServerFactoryCustomizer' via factory method to bean named 'server-org.springframework.boot.autoconfigure.web.ServerProperties'
25-08-15 12:43:42.188 [main] DEBUG o.s.b.f.s.DefaultListableBeanFactory - Creating shared instance of singleton bean 'localeCharsetMappingsCustomizer'
25-08-15 12:43:42.188 [main] DEBUG o.s.b.f.s.DefaultListableBeanFactory - Creating shared instance of singleton bean 'org.springframework.boot.autoconfigure.web.servlet.HttpEncodingAutoConfiguration'
25-08-15 12:43:42.189 [main] DEBUG o.s.b.f.s.DefaultListableBeanFactory - Autowiring by type from bean name 'org.springframework.boot.autoconfigure.web.servlet.HttpEncodingAutoConfiguration' via constructor to bean named 'server-org.springframework.boot.autoconfigure.web.ServerProperties'
25-08-15 12:43:42.214 [main] DEBUG o.s.b.f.s.DefaultListableBeanFactory - Creating shared instance of singleton bean 'errorPageCustomizer'
25-08-15 12:43:42.214 [main] DEBUG o.s.b.f.s.DefaultListableBeanFactory - Creating shared instance of singleton bean 'org.springframework.boot.autoconfigure.web.servlet.error.ErrorMvcAutoConfiguration'
25-08-15 12:43:42.215 [main] DEBUG o.s.b.f.s.DefaultListableBeanFactory - Autowiring by type from bean name 'org.springframework.boot.autoconfigure.web.servlet.error.ErrorMvcAutoConfiguration' via constructor to bean named 'server-org.springframework.boot.autoconfigure.web.ServerProperties'
25-08-15 12:43:42.215 [main] DEBUG o.s.b.f.s.DefaultListableBeanFactory - Creating shared instance of singleton bean 'dispatcherServletRegistration'
25-08-15 12:43:42.216 [main] DEBUG o.s.b.f.s.DefaultListableBeanFactory - Creating shared instance of singleton bean 'org.springframework.boot.autoconfigure.web.servlet.DispatcherServletAutoConfiguration$DispatcherServletRegistrationConfiguration'
25-08-15 12:43:42.216 [main] DEBUG o.s.b.f.s.DefaultListableBeanFactory - Creating shared instance of singleton bean 'dispatcherServlet'
25-08-15 12:43:42.217 [main] DEBUG o.s.b.f.s.DefaultListableBeanFactory - Creating shared instance of singleton bean 'org.springframework.boot.autoconfigure.web.servlet.DispatcherServletAutoConfiguration$DispatcherServletConfiguration'
25-08-15 12:43:42.218 [main] DEBUG o.s.b.f.s.DefaultListableBeanFactory - Creating shared instance of singleton bean 'spring.mvc-org.springframework.boot.autoconfigure.web.servlet.WebMvcProperties'
25-08-15 12:43:42.220 [main] DEBUG o.s.b.f.s.DefaultListableBeanFactory - Autowiring by type from bean name 'dispatcherServlet' via factory method to bean named 'spring.mvc-org.springframework.boot.autoconfigure.web.servlet.WebMvcProperties'
25-08-15 12:43:42.234 [main] DEBUG o.s.b.f.s.DefaultListableBeanFactory - Autowiring by type from bean name 'dispatcherServletRegistration' via factory method to bean named 'dispatcherServlet'
25-08-15 12:43:42.234 [main] DEBUG o.s.b.f.s.DefaultListableBeanFactory - Autowiring by type from bean name 'dispatcherServletRegistration' via factory method to bean named 'spring.mvc-org.springframework.boot.autoconfigure.web.servlet.WebMvcProperties'
25-08-15 12:43:42.236 [main] DEBUG o.s.b.f.s.DefaultListableBeanFactory - Creating shared instance of singleton bean 'multipartConfigElement'
25-08-15 12:43:42.236 [main] DEBUG o.s.b.f.s.DefaultListableBeanFactory - Creating shared instance of singleton bean 'org.springframework.boot.autoconfigure.web.servlet.MultipartAutoConfiguration'
25-08-15 12:43:42.237 [main] DEBUG o.s.b.f.s.DefaultListableBeanFactory - Creating shared instance of singleton bean 'spring.servlet.multipart-org.springframework.boot.autoconfigure.web.servlet.MultipartProperties'
25-08-15 12:43:42.240 [main] DEBUG o.s.b.f.s.DefaultListableBeanFactory - Autowiring by type from bean name 'org.springframework.boot.autoconfigure.web.servlet.MultipartAutoConfiguration' via constructor to bean named 'spring.servlet.multipart-org.springframework.boot.autoconfigure.web.servlet.MultipartProperties'
25-08-15 12:43:42.245 [main] DEBUG o.s.b.f.s.DefaultListableBeanFactory - Autowiring by type from bean name 'errorPageCustomizer' via factory method to bean named 'dispatcherServletRegistration'
25-08-15 12:43:42.265 [main] DEBUG o.a.tomcat.util.compat.Jre19Compat - Class not found so assuming code is running on a pre-Java 19 JVM
java.lang.ClassNotFoundException: java.lang.WrongThreadException
	at java.base/jdk.internal.loader.BuiltinClassLoader.loadClass(BuiltinClassLoader.java:641)
	at java.base/jdk.internal.loader.ClassLoaders$AppClassLoader.loadClass(ClassLoaders.java:188)
	at java.base/java.lang.ClassLoader.loadClass(ClassLoader.java:525)
	at java.base/java.lang.Class.forName0(Native Method)
	at java.base/java.lang.Class.forName(Class.java:375)
	at org.apache.tomcat.util.compat.Jre19Compat.<clinit>(Jre19Compat.java:37)
	at org.apache.tomcat.util.compat.JreCompat.<clinit>(JreCompat.java:74)
	at org.apache.catalina.startup.Tomcat.<clinit>(Tomcat.java:1195)
	at org.springframework.boot.web.embedded.tomcat.TomcatServletWebServerFactory.getWebServer(TomcatServletWebServerFactory.java:200)
	at org.springframework.boot.web.servlet.context.ServletWebServerApplicationContext.createWebServer(ServletWebServerApplicationContext.java:193)
	at org.springframework.boot.web.servlet.context.ServletWebServerApplicationContext.onRefresh(ServletWebServerApplicationContext.java:167)
	at org.springframework.context.support.AbstractApplicationContext.refresh(AbstractApplicationContext.java:621)
	at org.springframework.boot.web.servlet.context.ServletWebServerApplicationContext.refresh(ServletWebServerApplicationContext.java:146)
	at org.springframework.boot.SpringApplication.refresh(SpringApplication.java:752)
	at org.springframework.boot.SpringApplication.refreshContext(SpringApplication.java:439)
	at org.springframework.boot.SpringApplication.run(SpringApplication.java:318)
	at org.springframework.boot.SpringApplication.run(SpringApplication.java:1361)
	at org.springframework.boot.SpringApplication.run(SpringApplication.java:1350)
	at com.codeit.discodeit.DiscodeitApplication.main(DiscodeitApplication.java:11)
25-08-15 12:43:42.268 [main] DEBUG o.a.tomcat.util.compat.Jre21Compat - Class not found so assuming code is running on a pre-Java 21 JVM
java.lang.ClassNotFoundException: java.util.SequencedCollection
	at java.base/jdk.internal.loader.BuiltinClassLoader.loadClass(BuiltinClassLoader.java:641)
	at java.base/jdk.internal.loader.ClassLoaders$AppClassLoader.loadClass(ClassLoaders.java:188)
	at java.base/java.lang.ClassLoader.loadClass(ClassLoader.java:525)
	at java.base/java.lang.Class.forName0(Native Method)
	at java.base/java.lang.Class.forName(Class.java:375)
	at org.apache.tomcat.util.compat.Jre21Compat.<clinit>(Jre21Compat.java:53)
	at org.apache.tomcat.util.compat.JreCompat.<clinit>(JreCompat.java:74)
	at org.apache.catalina.startup.Tomcat.<clinit>(Tomcat.java:1195)
	at org.springframework.boot.web.embedded.tomcat.TomcatServletWebServerFactory.getWebServer(TomcatServletWebServerFactory.java:200)
	at org.springframework.boot.web.servlet.context.ServletWebServerApplicationContext.createWebServer(ServletWebServerApplicationContext.java:193)
	at org.springframework.boot.web.servlet.context.ServletWebServerApplicationContext.onRefresh(ServletWebServerApplicationContext.java:167)
	at org.springframework.context.support.AbstractApplicationContext.refresh(AbstractApplicationContext.java:621)
	at org.springframework.boot.web.servlet.context.ServletWebServerApplicationContext.refresh(ServletWebServerApplicationContext.java:146)
	at org.springframework.boot.SpringApplication.refresh(SpringApplication.java:752)
	at org.springframework.boot.SpringApplication.refreshContext(SpringApplication.java:439)
	at org.springframework.boot.SpringApplication.run(SpringApplication.java:318)
	at org.springframework.boot.SpringApplication.run(SpringApplication.java:1361)
	at org.springframework.boot.SpringApplication.run(SpringApplication.java:1350)
	at com.codeit.discodeit.DiscodeitApplication.main(DiscodeitApplication.java:11)
25-08-15 12:43:42.269 [main] DEBUG o.a.tomcat.util.compat.Jre22Compat - Class not found so assuming code is running on a pre-Java 22 JVM
java.lang.ClassNotFoundException: java.text.ListFormat
	at java.base/jdk.internal.loader.BuiltinClassLoader.loadClass(BuiltinClassLoader.java:641)
	at java.base/jdk.internal.loader.ClassLoaders$AppClassLoader.loadClass(ClassLoaders.java:188)
	at java.base/java.lang.ClassLoader.loadClass(ClassLoader.java:525)
	at java.base/java.lang.Class.forName0(Native Method)
	at java.base/java.lang.Class.forName(Class.java:375)
	at org.apache.tomcat.util.compat.Jre22Compat.<clinit>(Jre22Compat.java:37)
	at org.apache.tomcat.util.compat.JreCompat.<clinit>(JreCompat.java:74)
	at org.apache.catalina.startup.Tomcat.<clinit>(Tomcat.java:1195)
	at org.springframework.boot.web.embedded.tomcat.TomcatServletWebServerFactory.getWebServer(TomcatServletWebServerFactory.java:200)
	at org.springframework.boot.web.servlet.context.ServletWebServerApplicationContext.createWebServer(ServletWebServerApplicationContext.java:193)
	at org.springframework.boot.web.servlet.context.ServletWebServerApplicationContext.onRefresh(ServletWebServerApplicationContext.java:167)
	at org.springframework.context.support.AbstractApplicationContext.refresh(AbstractApplicationContext.java:621)
	at org.springframework.boot.web.servlet.context.ServletWebServerApplicationContext.refresh(ServletWebServerApplicationContext.java:146)
	at org.springframework.boot.SpringApplication.refresh(SpringApplication.java:752)
	at org.springframework.boot.SpringApplication.refreshContext(SpringApplication.java:439)
	at org.springframework.boot.SpringApplication.run(SpringApplication.java:318)
	at org.springframework.boot.SpringApplication.run(SpringApplication.java:1361)
	at org.springframework.boot.SpringApplication.run(SpringApplication.java:1350)
	at com.codeit.discodeit.DiscodeitApplication.main(DiscodeitApplication.java:11)
25-08-15 12:43:42.330 [main] DEBUG o.apache.catalina.core.ContainerBase - Add container child [StandardHost[localhost]] to container [StandardEngine[Tomcat]]
25-08-15 12:43:42.331 [main] DEBUG o.s.b.w.e.t.TomcatServletWebServerFa - Code archive: C:\Users\chaos\.gradle\caches\modules-2\files-2.1\org.springframework.boot\spring-boot\3.5.3\1b02976773afc2489df3c22000acaf83d0ada2b2\spring-boot-3.5.3.jar
25-08-15 12:43:42.331 [main] DEBUG o.s.b.w.e.t.TomcatServletWebServerFa - Code archive: C:\Users\chaos\.gradle\caches\modules-2\files-2.1\org.springframework.boot\spring-boot\3.5.3\1b02976773afc2489df3c22000acaf83d0ada2b2\spring-boot-3.5.3.jar
25-08-15 12:43:42.331 [main] DEBUG o.s.b.w.e.t.TomcatServletWebServerFa - None of the document roots [src/main/webapp, public, static] point to a directory and will be ignored.
25-08-15 12:43:42.353 [main] DEBUG o.apache.catalina.core.ContainerBase - Add container child [TomcatEmbeddedContext[]] to container [StandardEngine[Tomcat].StandardHost[localhost]]
25-08-15 12:43:42.357 [main] INFO  o.s.b.w.e.tomcat.TomcatWebServer - Tomcat initialized with port 8080 (http)
25-08-15 12:43:42.360 [main] DEBUG o.apache.catalina.util.LifecycleBase - Setting state for [StandardServer[-1]] to [INITIALIZING]
25-08-15 12:43:42.364 [main] DEBUG o.apache.catalina.util.LifecycleBase - Setting state for [org.apache.catalina.deploy.NamingResourcesImpl@2b9e69fb] to [INITIALIZING]
25-08-15 12:43:42.364 [main] DEBUG o.apache.catalina.util.LifecycleBase - Setting state for [org.apache.catalina.deploy.NamingResourcesImpl@2b9e69fb] to [INITIALIZED]
25-08-15 12:43:42.364 [main] DEBUG o.apache.catalina.util.LifecycleBase - Setting state for [StandardService[Tomcat]] to [INITIALIZING]
25-08-15 12:43:42.365 [main] DEBUG o.apache.catalina.util.LifecycleBase - Setting state for [StandardEngine[Tomcat]] to [INITIALIZING]
25-08-15 12:43:42.365 [main] DEBUG o.apache.catalina.util.LifecycleBase - Setting state for [StandardEngine[Tomcat]] to [INITIALIZED]
25-08-15 12:43:42.365 [main] DEBUG o.apache.catalina.util.LifecycleBase - Setting state for [org.apache.catalina.mapper.MapperListener@49ced9c7] to [INITIALIZING]
25-08-15 12:43:42.365 [main] DEBUG o.apache.catalina.util.LifecycleBase - Setting state for [org.apache.catalina.mapper.MapperListener@49ced9c7] to [INITIALIZED]
25-08-15 12:43:42.365 [main] DEBUG o.apache.catalina.util.LifecycleBase - Setting state for [Connector["http-nio-8080"]] to [INITIALIZING]
25-08-15 12:43:42.384 [main] INFO  o.a.coyote.http11.Http11NioProtocol - Initializing ProtocolHandler ["http-nio-8080"]
25-08-15 12:43:42.384 [main] DEBUG o.apache.catalina.util.LifecycleBase - Setting state for [Connector["http-nio-8080"]] to [INITIALIZED]
25-08-15 12:43:42.384 [main] DEBUG o.apache.catalina.util.LifecycleBase - Setting state for [StandardService[Tomcat]] to [INITIALIZED]
25-08-15 12:43:42.385 [main] DEBUG o.apache.catalina.util.LifecycleBase - Setting state for [StandardServer[-1]] to [INITIALIZED]
25-08-15 12:43:42.385 [main] DEBUG o.apache.catalina.util.LifecycleBase - Setting state for [StandardServer[-1]] to [STARTING_PREP]
25-08-15 12:43:42.385 [main] DEBUG o.apache.catalina.util.LifecycleBase - Setting state for [StandardServer[-1]] to [STARTING]
25-08-15 12:43:42.386 [main] DEBUG o.apache.catalina.util.LifecycleBase - Setting state for [org.apache.catalina.deploy.NamingResourcesImpl@2b9e69fb] to [STARTING_PREP]
25-08-15 12:43:42.386 [main] DEBUG o.apache.catalina.util.LifecycleBase - Setting state for [org.apache.catalina.deploy.NamingResourcesImpl@2b9e69fb] to [STARTING]
25-08-15 12:43:42.386 [main] DEBUG o.apache.catalina.util.LifecycleBase - Setting state for [org.apache.catalina.deploy.NamingResourcesImpl@2b9e69fb] to [STARTED]
25-08-15 12:43:42.386 [main] DEBUG o.apache.catalina.util.LifecycleBase - Setting state for [StandardService[Tomcat]] to [STARTING_PREP]
25-08-15 12:43:42.386 [main] INFO  o.a.catalina.core.StandardService - Starting service [Tomcat]
25-08-15 12:43:42.386 [main] DEBUG o.apache.catalina.util.LifecycleBase - Setting state for [StandardService[Tomcat]] to [STARTING]
25-08-15 12:43:42.386 [main] DEBUG o.apache.catalina.util.LifecycleBase - Setting state for [StandardEngine[Tomcat]] to [STARTING_PREP]
25-08-15 12:43:42.387 [main] INFO  o.a.catalina.core.StandardEngine - Starting Servlet engine: [Apache Tomcat/10.1.42]
25-08-15 12:43:42.388 [main] DEBUG o.apache.catalina.util.LifecycleBase - Setting state for [SimpleRealm[StandardEngine[Tomcat]]] to [INITIALIZING]
25-08-15 12:43:42.388 [main] DEBUG o.apache.catalina.util.LifecycleBase - Setting state for [SimpleRealm[StandardEngine[Tomcat]]] to [INITIALIZED]
25-08-15 12:43:42.392 [main] DEBUG o.apache.catalina.util.LifecycleBase - Setting state for [SimpleRealm[StandardEngine[Tomcat]]] to [STARTING_PREP]
25-08-15 12:43:42.392 [main] DEBUG o.apache.catalina.util.LifecycleBase - Setting state for [SimpleRealm[StandardEngine[Tomcat]]] to [STARTING]
25-08-15 12:43:42.393 [main] DEBUG o.apache.catalina.util.LifecycleBase - Setting state for [SimpleRealm[StandardEngine[Tomcat]]] to [STARTED]
25-08-15 12:43:42.393 [main] DEBUG o.apache.catalina.util.LifecycleBase - Setting state for [StandardEngine[Tomcat].StandardHost[localhost]] to [INITIALIZING]
25-08-15 12:43:42.394 [main] DEBUG o.apache.catalina.util.LifecycleBase - Setting state for [StandardEngine[Tomcat].StandardHost[localhost]] to [INITIALIZED]
25-08-15 12:43:42.394 [main] DEBUG o.apache.catalina.util.LifecycleBase - Setting state for [StandardEngine[Tomcat].StandardHost[localhost]] to [STARTING_PREP]
25-08-15 12:43:42.394 [main] DEBUG o.apache.catalina.util.LifecycleBase - Setting state for [StandardEngine[Tomcat].StandardHost[localhost].TomcatEmbeddedContext[]] to [INITIALIZING]
25-08-15 12:43:42.428 [main] DEBUG o.apache.catalina.util.LifecycleBase - Setting state for [StandardEngine[Tomcat].StandardHost[localhost].TomcatEmbeddedContext[]] to [INITIALIZED]
25-08-15 12:43:42.429 [main] DEBUG o.apache.catalina.util.LifecycleBase - Setting state for [StandardEngine[Tomcat].StandardHost[localhost].TomcatEmbeddedContext[]] to [STARTING_PREP]
25-08-15 12:43:42.443 [main] DEBUG o.apache.catalina.util.LifecycleBase - Setting state for [org.apache.catalina.webresources.StandardRoot@2326180c] to [INITIALIZING]
25-08-15 12:43:42.446 [main] DEBUG o.apache.catalina.util.LifecycleBase - Setting state for [org.apache.catalina.webresources.JarResourceSet@5409dfdd] to [INITIALIZING]
25-08-15 12:43:42.447 [main] DEBUG o.apache.catalina.util.LifecycleBase - Setting state for [org.apache.catalina.webresources.JarResourceSet@5409dfdd] to [INITIALIZED]
25-08-15 12:43:42.448 [main] DEBUG o.apache.catalina.util.LifecycleBase - Setting state for [org.apache.catalina.webresources.StandardRoot@2326180c] to [INITIALIZED]
25-08-15 12:43:42.448 [main] DEBUG o.apache.catalina.util.LifecycleBase - Setting state for [org.apache.catalina.webresources.StandardRoot@2326180c] to [STARTING_PREP]
25-08-15 12:43:42.450 [main] DEBUG o.apache.catalina.util.LifecycleBase - Setting state for [org.apache.catalina.webresources.DirResourceSet@5ed25612] to [INITIALIZING]
25-08-15 12:43:42.452 [main] DEBUG o.apache.catalina.util.LifecycleBase - Setting state for [org.apache.catalina.webresources.DirResourceSet@5ed25612] to [INITIALIZED]
25-08-15 12:43:42.452 [main] DEBUG o.apache.catalina.util.LifecycleBase - Setting state for [org.apache.catalina.webresources.DirResourceSet@5ed25612] to [STARTING_PREP]
25-08-15 12:43:42.452 [main] DEBUG o.apache.catalina.util.LifecycleBase - Setting state for [org.apache.catalina.webresources.DirResourceSet@5ed25612] to [STARTING]
25-08-15 12:43:42.452 [main] DEBUG o.apache.catalina.util.LifecycleBase - Setting state for [org.apache.catalina.webresources.DirResourceSet@5ed25612] to [STARTED]
25-08-15 12:43:42.452 [main] DEBUG o.apache.catalina.util.LifecycleBase - Setting state for [org.apache.catalina.webresources.JarResourceSet@5409dfdd] to [STARTING_PREP]
25-08-15 12:43:42.452 [main] DEBUG o.apache.catalina.util.LifecycleBase - Setting state for [org.apache.catalina.webresources.JarResourceSet@5409dfdd] to [STARTING]
25-08-15 12:43:42.452 [main] DEBUG o.apache.catalina.util.LifecycleBase - Setting state for [org.apache.catalina.webresources.JarResourceSet@5409dfdd] to [STARTED]
25-08-15 12:43:42.453 [main] DEBUG o.apache.catalina.util.LifecycleBase - Setting state for [org.apache.catalina.webresources.StandardRoot@2326180c] to [STARTING]
25-08-15 12:43:42.454 [main] DEBUG o.apache.catalina.util.LifecycleBase - Setting state for [org.apache.catalina.webresources.StandardRoot@2326180c] to [STARTED]
25-08-15 12:43:42.454 [main] DEBUG o.apache.catalina.util.LifecycleBase - Setting state for [WebappLoader[StandardEngine[Tomcat].StandardHost[localhost].TomcatEmbeddedContext[]]] to [INITIALIZING]
25-08-15 12:43:42.454 [main] DEBUG o.apache.catalina.util.LifecycleBase - Setting state for [WebappLoader[StandardEngine[Tomcat].StandardHost[localhost].TomcatEmbeddedContext[]]] to [INITIALIZED]
25-08-15 12:43:42.454 [main] DEBUG o.apache.catalina.util.LifecycleBase - Setting state for [WebappLoader[StandardEngine[Tomcat].StandardHost[localhost].TomcatEmbeddedContext[]]] to [STARTING_PREP]
25-08-15 12:43:42.454 [main] DEBUG o.a.catalina.loader.WebappLoader - Starting this Loader
25-08-15 12:43:42.462 [main] DEBUG o.apache.catalina.webresources.Cache - Increased cache size by [531] for item [org.apache.catalina.webresources.CachedResource@12e5d3e1] at [/WEB-INF/classes] making total cache size [531]
25-08-15 12:43:42.465 [main] DEBUG o.apache.catalina.util.LifecycleBase - Setting state for [WebappLoader[StandardEngine[Tomcat].StandardHost[localhost].TomcatEmbeddedContext[]]] to [STARTING]
25-08-15 12:43:42.465 [main] DEBUG o.apache.catalina.util.LifecycleBase - Setting state for [WebappLoader[StandardEngine[Tomcat].StandardHost[localhost].TomcatEmbeddedContext[]]] to [STARTED]
25-08-15 12:43:42.468 [main] DEBUG o.apache.catalina.util.LifecycleBase - Setting state for [StandardPipeline[StandardEngine[Tomcat].StandardHost[localhost].TomcatEmbeddedContext[]]] to [INITIALIZING]
25-08-15 12:43:42.468 [main] DEBUG o.apache.catalina.util.LifecycleBase - Setting state for [StandardPipeline[StandardEngine[Tomcat].StandardHost[localhost].TomcatEmbeddedContext[]]] to [INITIALIZED]
25-08-15 12:43:42.468 [main] DEBUG o.apache.catalina.util.LifecycleBase - Setting state for [StandardPipeline[StandardEngine[Tomcat].StandardHost[localhost].TomcatEmbeddedContext[]]] to [STARTING_PREP]
25-08-15 12:43:42.468 [main] DEBUG o.apache.catalina.util.LifecycleBase - Setting state for [NonLoginAuthenticator[StandardEngine[Tomcat].StandardHost[localhost].TomcatEmbeddedContext[]]] to [INITIALIZING]
25-08-15 12:43:42.469 [main] DEBUG o.apache.catalina.util.LifecycleBase - Setting state for [NonLoginAuthenticator[StandardEngine[Tomcat].StandardHost[localhost].TomcatEmbeddedContext[]]] to [INITIALIZED]
25-08-15 12:43:42.469 [main] DEBUG o.apache.catalina.util.LifecycleBase - Setting state for [NonLoginAuthenticator[StandardEngine[Tomcat].StandardHost[localhost].TomcatEmbeddedContext[]]] to [STARTING_PREP]
25-08-15 12:43:42.470 [main] DEBUG o.apache.catalina.util.LifecycleBase - Setting state for [NonLoginAuthenticator[StandardEngine[Tomcat].StandardHost[localhost].TomcatEmbeddedContext[]]] to [STARTING]
25-08-15 12:43:42.470 [main] DEBUG o.apache.catalina.util.LifecycleBase - Setting state for [NonLoginAuthenticator[StandardEngine[Tomcat].StandardHost[localhost].TomcatEmbeddedContext[]]] to [STARTED]
25-08-15 12:43:42.470 [main] DEBUG o.apache.catalina.util.LifecycleBase - Setting state for [StandardContextValve[StandardEngine[Tomcat].StandardHost[localhost].TomcatEmbeddedContext[]]] to [INITIALIZING]
25-08-15 12:43:42.471 [main] DEBUG o.apache.catalina.util.LifecycleBase - Setting state for [StandardContextValve[StandardEngine[Tomcat].StandardHost[localhost].TomcatEmbeddedContext[]]] to [INITIALIZED]
25-08-15 12:43:42.471 [main] DEBUG o.apache.catalina.util.LifecycleBase - Setting state for [StandardContextValve[StandardEngine[Tomcat].StandardHost[localhost].TomcatEmbeddedContext[]]] to [STARTING_PREP]
25-08-15 12:43:42.471 [main] DEBUG o.apache.catalina.util.LifecycleBase - Setting state for [StandardContextValve[StandardEngine[Tomcat].StandardHost[localhost].TomcatEmbeddedContext[]]] to [STARTING]
25-08-15 12:43:42.471 [main] DEBUG o.apache.catalina.util.LifecycleBase - Setting state for [StandardContextValve[StandardEngine[Tomcat].StandardHost[localhost].TomcatEmbeddedContext[]]] to [STARTED]
25-08-15 12:43:42.471 [main] DEBUG o.apache.catalina.util.LifecycleBase - Setting state for [StandardPipeline[StandardEngine[Tomcat].StandardHost[localhost].TomcatEmbeddedContext[]]] to [STARTING]
25-08-15 12:43:42.471 [main] DEBUG o.apache.catalina.util.LifecycleBase - Setting state for [StandardPipeline[StandardEngine[Tomcat].StandardHost[localhost].TomcatEmbeddedContext[]]] to [STARTED]
25-08-15 12:43:42.471 [main] DEBUG o.a.catalina.core.StandardContext - No manager found. Checking if cluster manager should be used. Cluster configured: [false], Application distributable: [false]
25-08-15 12:43:42.476 [main] DEBUG o.a.catalina.core.StandardContext - Configured a manager of class [org.apache.catalina.session.StandardManager]
25-08-15 12:43:42.477 [main] DEBUG o.apache.catalina.util.LifecycleBase - Setting state for [org.apache.catalina.deploy.NamingResourcesImpl@14874a5d] to [INITIALIZING]
25-08-15 12:43:42.477 [main] DEBUG o.apache.catalina.util.LifecycleBase - Setting state for [org.apache.catalina.deploy.NamingResourcesImpl@14874a5d] to [INITIALIZED]
25-08-15 12:43:42.477 [main] DEBUG o.apache.catalina.util.LifecycleBase - Setting state for [org.apache.catalina.deploy.NamingResourcesImpl@14874a5d] to [STARTING_PREP]
25-08-15 12:43:42.477 [main] DEBUG o.apache.catalina.util.LifecycleBase - Setting state for [org.apache.catalina.deploy.NamingResourcesImpl@14874a5d] to [STARTING]
25-08-15 12:43:42.477 [main] DEBUG o.apache.catalina.util.LifecycleBase - Setting state for [org.apache.catalina.deploy.NamingResourcesImpl@14874a5d] to [STARTED]
25-08-15 12:43:42.484 [main] INFO  o.a.c.c.C.[Tomcat].[localhost].[/] - Initializing Spring embedded WebApplicationContext
25-08-15 12:43:42.484 [main] DEBUG o.s.b.w.s.c.ServletWebServerApplicat - Published root WebApplicationContext as ServletContext attribute with name [org.springframework.web.context.WebApplicationContext.ROOT]
25-08-15 12:43:42.484 [main] INFO  o.s.b.w.s.c.ServletWebServerApplicat - Root WebApplicationContext: initialization completed in 3017 ms
25-08-15 12:43:42.487 [main] DEBUG o.s.b.f.s.DefaultListableBeanFactory - Creating shared instance of singleton bean 'webMvcObservationFilter'
25-08-15 12:43:42.487 [main] DEBUG o.s.b.f.s.DefaultListableBeanFactory - Creating shared instance of singleton bean 'org.springframework.boot.actuate.autoconfigure.observation.web.servlet.WebMvcObservationAutoConfiguration'
25-08-15 12:43:42.488 [main] DEBUG o.s.b.f.s.DefaultListableBeanFactory - Creating shared instance of singleton bean 'observationRegistry'
25-08-15 12:43:42.488 [main] DEBUG o.s.b.f.s.DefaultListableBeanFactory - Creating shared instance of singleton bean 'org.springframework.boot.actuate.autoconfigure.observation.ObservationAutoConfiguration'
25-08-15 12:43:42.493 [main] DEBUG o.s.b.f.s.DefaultListableBeanFactory - Creating shared instance of singleton bean 'propertiesObservationFilter'
25-08-15 12:43:42.493 [main] DEBUG o.s.b.f.s.DefaultListableBeanFactory - Creating shared instance of singleton bean 'management.observations-org.springframework.boot.actuate.autoconfigure.observation.ObservationProperties'
25-08-15 12:43:42.495 [main] DEBUG o.s.b.f.s.DefaultListableBeanFactory - Autowiring by type from bean name 'propertiesObservationFilter' via factory method to bean named 'management.observations-org.springframework.boot.actuate.autoconfigure.observation.ObservationProperties'
25-08-15 12:43:42.499 [main] DEBUG o.s.b.f.s.DefaultListableBeanFactory - Creating shared instance of singleton bean 'metricsObservationHandlerGrouping'
25-08-15 12:43:42.499 [main] DEBUG o.s.b.f.s.DefaultListableBeanFactory - Creating shared instance of singleton bean 'org.springframework.boot.actuate.autoconfigure.observation.ObservationAutoConfiguration$OnlyMetricsConfiguration'
25-08-15 12:43:42.500 [main] DEBUG o.s.b.f.s.DefaultListableBeanFactory - Creating shared instance of singleton bean 'defaultMeterObservationHandler'
25-08-15 12:43:42.500 [main] DEBUG o.s.b.f.s.DefaultListableBeanFactory - Creating shared instance of singleton bean 'org.springframework.boot.actuate.autoconfigure.observation.ObservationAutoConfiguration$MeterObservationHandlerConfiguration$OnlyMetricsMeterObservationHandlerConfiguration'
25-08-15 12:43:42.501 [main] DEBUG o.s.b.f.s.DefaultListableBeanFactory - Creating shared instance of singleton bean 'simpleMeterRegistry'
25-08-15 12:43:42.501 [main] DEBUG o.s.b.f.s.DefaultListableBeanFactory - Creating shared instance of singleton bean 'org.springframework.boot.actuate.autoconfigure.metrics.export.simple.SimpleMetricsExportAutoConfiguration'
25-08-15 12:43:42.502 [main] DEBUG o.s.b.f.s.DefaultListableBeanFactory - Creating shared instance of singleton bean 'simpleConfig'
25-08-15 12:43:42.502 [main] DEBUG o.s.b.f.s.DefaultListableBeanFactory - Creating shared instance of singleton bean 'management.simple.metrics.export-org.springframework.boot.actuate.autoconfigure.metrics.export.simple.SimpleProperties'
25-08-15 12:43:42.503 [main] DEBUG o.s.b.f.s.DefaultListableBeanFactory - Autowiring by type from bean name 'simpleConfig' via factory method to bean named 'management.simple.metrics.export-org.springframework.boot.actuate.autoconfigure.metrics.export.simple.SimpleProperties'
25-08-15 12:43:42.506 [main] DEBUG o.s.b.f.s.DefaultListableBeanFactory - Creating shared instance of singleton bean 'micrometerClock'
25-08-15 12:43:42.506 [main] DEBUG o.s.b.f.s.DefaultListableBeanFactory - Creating shared instance of singleton bean 'org.springframework.boot.actuate.autoconfigure.metrics.MetricsAutoConfiguration'
25-08-15 12:43:42.507 [main] DEBUG o.s.b.f.s.DefaultListableBeanFactory - Autowiring by type from bean name 'simpleMeterRegistry' via factory method to bean named 'simpleConfig'
25-08-15 12:43:42.507 [main] DEBUG o.s.b.f.s.DefaultListableBeanFactory - Autowiring by type from bean name 'simpleMeterRegistry' via factory method to bean named 'micrometerClock'
25-08-15 12:43:42.513 [main] DEBUG i.m.c.u.i.l.InternalLoggerFactory - Using SLF4J as the default logging framework
25-08-15 12:43:42.526 [main] DEBUG o.s.b.f.s.DefaultListableBeanFactory - Creating shared instance of singleton bean 'propertiesMeterFilter'
25-08-15 12:43:42.526 [main] DEBUG o.s.b.f.s.DefaultListableBeanFactory - Creating shared instance of singleton bean 'management.metrics-org.springframework.boot.actuate.autoconfigure.metrics.MetricsProperties'
25-08-15 12:43:42.528 [main] DEBUG o.s.b.f.s.DefaultListableBeanFactory - Autowiring by type from bean name 'propertiesMeterFilter' via factory method to bean named 'management.metrics-org.springframework.boot.actuate.autoconfigure.metrics.MetricsProperties'
25-08-15 12:43:42.530 [main] DEBUG o.s.b.f.s.DefaultListableBeanFactory - Creating shared instance of singleton bean 'metricsHttpClientUriTagFilter'
25-08-15 12:43:42.530 [main] DEBUG o.s.b.f.s.DefaultListableBeanFactory - Creating shared instance of singleton bean 'org.springframework.boot.actuate.autoconfigure.observation.web.client.HttpClientObservationsAutoConfiguration$MeterFilterConfiguration'
25-08-15 12:43:42.531 [main] DEBUG o.s.b.f.s.DefaultListableBeanFactory - Autowiring by type from bean name 'metricsHttpClientUriTagFilter' via factory method to bean named 'management.observations-org.springframework.boot.actuate.autoconfigure.observation.ObservationProperties'
25-08-15 12:43:42.531 [main] DEBUG o.s.b.f.s.DefaultListableBeanFactory - Autowiring by type from bean name 'metricsHttpClientUriTagFilter' via factory method to bean named 'management.metrics-org.springframework.boot.actuate.autoconfigure.metrics.MetricsProperties'
25-08-15 12:43:42.533 [main] DEBUG o.s.b.f.s.DefaultListableBeanFactory - Creating shared instance of singleton bean 'metricsHttpServerUriTagFilter'
25-08-15 12:43:42.533 [main] DEBUG o.s.b.f.s.DefaultListableBeanFactory - Creating shared instance of singleton bean 'org.springframework.boot.actuate.autoconfigure.observation.web.servlet.WebMvcObservationAutoConfiguration$MeterFilterConfiguration'
25-08-15 12:43:42.535 [main] DEBUG o.s.b.f.s.DefaultListableBeanFactory - Autowiring by type from bean name 'metricsHttpServerUriTagFilter' via factory method to bean named 'management.observations-org.springframework.boot.actuate.autoconfigure.observation.ObservationProperties'
25-08-15 12:43:42.535 [main] DEBUG o.s.b.f.s.DefaultListableBeanFactory - Autowiring by type from bean name 'metricsHttpServerUriTagFilter' via factory method to bean named 'management.metrics-org.springframework.boot.actuate.autoconfigure.metrics.MetricsProperties'
25-08-15 12:43:42.539 [main] DEBUG o.s.b.f.s.DefaultListableBeanFactory - Autowiring by type from bean name 'defaultMeterObservationHandler' via factory method to bean named 'simpleMeterRegistry'
25-08-15 12:43:42.539 [main] DEBUG o.s.b.f.s.DefaultListableBeanFactory - Autowiring by type from bean name 'defaultMeterObservationHandler' via factory method to bean named 'management.observations-org.springframework.boot.actuate.autoconfigure.observation.ObservationProperties'
25-08-15 12:43:42.541 [main] DEBUG o.s.b.f.s.DefaultListableBeanFactory - Autowiring by type from bean name 'webMvcObservationFilter' via factory method to bean named 'observationRegistry'
25-08-15 12:43:42.541 [main] DEBUG o.s.b.f.s.DefaultListableBeanFactory - Autowiring by type from bean name 'webMvcObservationFilter' via factory method to bean named 'management.observations-org.springframework.boot.actuate.autoconfigure.observation.ObservationProperties'
25-08-15 12:43:42.548 [main] DEBUG o.s.b.f.s.DefaultListableBeanFactory - Creating shared instance of singleton bean 'resourceUrlEncodingFilter'
25-08-15 12:43:42.548 [main] DEBUG o.s.b.f.s.DefaultListableBeanFactory - Creating shared instance of singleton bean 'org.springframework.boot.autoconfigure.thymeleaf.ThymeleafAutoConfiguration$ThymeleafWebMvcConfiguration'
25-08-15 12:43:42.549 [main] DEBUG o.s.b.f.s.DefaultListableBeanFactory - Creating shared instance of singleton bean 'servletEndpointRegistrar'
25-08-15 12:43:42.549 [main] DEBUG o.s.b.f.s.DefaultListableBeanFactory - Creating shared instance of singleton bean 'org.springframework.boot.actuate.autoconfigure.endpoint.web.ServletEndpointManagementContextConfiguration$WebMvcServletEndpointManagementContextConfiguration'
25-08-15 12:43:42.549 [main] DEBUG o.s.b.f.s.DefaultListableBeanFactory - Creating shared instance of singleton bean 'management.endpoints.web-org.springframework.boot.actuate.autoconfigure.endpoint.web.WebEndpointProperties'
25-08-15 12:43:42.551 [main] DEBUG o.s.b.f.s.DefaultListableBeanFactory - Creating shared instance of singleton bean 'servletEndpointDiscoverer'
25-08-15 12:43:42.551 [main] DEBUG o.s.b.f.s.DefaultListableBeanFactory - Creating shared instance of singleton bean 'org.springframework.boot.actuate.autoconfigure.endpoint.web.WebEndpointAutoConfiguration$WebEndpointServletConfiguration'
25-08-15 12:43:42.552 [main] DEBUG o.s.b.f.s.DefaultListableBeanFactory - Autowiring by type from bean name 'servletEndpointDiscoverer' via factory method to bean named 'org.springframework.boot.web.servlet.context.AnnotationConfigServletWebServerApplicationContext@55e7a35c'
25-08-15 12:43:42.554 [main] DEBUG o.s.b.f.s.DefaultListableBeanFactory - Creating shared instance of singleton bean 'webEndpointPathMapper'
25-08-15 12:43:42.554 [main] DEBUG o.s.b.f.s.DefaultListableBeanFactory - Creating shared instance of singleton bean 'org.springframework.boot.actuate.autoconfigure.endpoint.web.WebEndpointAutoConfiguration'
25-08-15 12:43:42.555 [main] DEBUG o.s.b.f.s.DefaultListableBeanFactory - Autowiring by type from bean name 'org.springframework.boot.actuate.autoconfigure.endpoint.web.WebEndpointAutoConfiguration' via constructor to bean named 'org.springframework.boot.web.servlet.context.AnnotationConfigServletWebServerApplicationContext@55e7a35c'
25-08-15 12:43:42.555 [main] DEBUG o.s.b.f.s.DefaultListableBeanFactory - Autowiring by type from bean name 'org.springframework.boot.actuate.autoconfigure.endpoint.web.WebEndpointAutoConfiguration' via constructor to bean named 'management.endpoints.web-org.springframework.boot.actuate.autoconfigure.endpoint.web.WebEndpointProperties'
25-08-15 12:43:42.557 [main] DEBUG o.s.b.f.s.DefaultListableBeanFactory - Creating shared instance of singleton bean 'servletExposeExcludePropertyEndpointFilter'
25-08-15 12:43:42.557 [main] DEBUG o.s.b.f.s.DefaultListableBeanFactory - Creating shared instance of singleton bean 'org.springframework.boot.actuate.autoconfigure.endpoint.web.ServletEndpointManagementContextConfiguration'
25-08-15 12:43:42.557 [main] DEBUG o.s.b.f.s.DefaultListableBeanFactory - Autowiring by type from bean name 'servletExposeExcludePropertyEndpointFilter' via factory method to bean named 'management.endpoints.web-org.springframework.boot.actuate.autoconfigure.endpoint.web.WebEndpointProperties'
25-08-15 12:43:42.562 [main] DEBUG o.s.b.f.s.DefaultListableBeanFactory - Creating shared instance of singleton bean 'propertiesEndpointAccessResolver'
25-08-15 12:43:42.563 [main] DEBUG o.s.b.f.s.DefaultListableBeanFactory - Creating shared instance of singleton bean 'org.springframework.boot.actuate.autoconfigure.endpoint.EndpointAutoConfiguration'
25-08-15 12:43:42.563 [main] DEBUG o.s.b.f.s.DefaultListableBeanFactory - Autowiring by type from bean name 'propertiesEndpointAccessResolver' via factory method to bean named 'environment'
25-08-15 12:43:42.563 [main] DEBUG o.s.b.f.s.DefaultListableBeanFactory - Autowiring by type from bean name 'servletEndpointRegistrar' via factory method to bean named 'management.endpoints.web-org.springframework.boot.actuate.autoconfigure.endpoint.web.WebEndpointProperties'
25-08-15 12:43:42.564 [main] DEBUG o.s.b.f.s.DefaultListableBeanFactory - Autowiring by type from bean name 'servletEndpointRegistrar' via factory method to bean named 'servletEndpointDiscoverer'
25-08-15 12:43:42.564 [main] DEBUG o.s.b.f.s.DefaultListableBeanFactory - Autowiring by type from bean name 'servletEndpointRegistrar' via factory method to bean named 'dispatcherServletRegistration'
25-08-15 12:43:42.564 [main] DEBUG o.s.b.f.s.DefaultListableBeanFactory - Autowiring by type from bean name 'servletEndpointRegistrar' via factory method to bean named 'propertiesEndpointAccessResolver'
25-08-15 12:43:42.575 [main] DEBUG o.s.b.f.s.DefaultListableBeanFactory - Creating shared instance of singleton bean 'requestContextFilter'
25-08-15 12:43:42.578 [main] DEBUG o.s.b.f.s.DefaultListableBeanFactory - Creating shared instance of singleton bean 'formContentFilter'
25-08-15 12:43:42.578 [main] DEBUG o.s.b.f.s.DefaultListableBeanFactory - Creating shared instance of singleton bean 'org.springframework.boot.autoconfigure.web.servlet.WebMvcAutoConfiguration'
25-08-15 12:43:42.581 [main] DEBUG o.s.b.f.s.DefaultListableBeanFactory - Creating shared instance of singleton bean 'characterEncodingFilter'
25-08-15 12:43:42.589 [main] DEBUG o.s.b.w.s.ServletContextInitializerB - Mapping filters: webMvcObservationFilter urls=[/*] order=-2147483647, resourceUrlEncodingFilter urls=[/*] order=2147483647, characterEncodingFilter urls=[/*] order=-2147483648, formContentFilter urls=[/*] order=-9900, requestContextFilter urls=[/*] order=-105
25-08-15 12:43:42.589 [main] DEBUG o.s.b.w.s.ServletContextInitializerB - Mapping servlets: dispatcherServlet urls=[/]
25-08-15 12:43:42.595 [main] DEBUG o.apache.catalina.core.ContainerBase - Add container child [StandardWrapper[dispatcherServlet]] to container [StandardEngine[Tomcat].StandardHost[localhost].TomcatEmbeddedContext[]]
25-08-15 12:43:42.595 [main] DEBUG o.apache.catalina.util.LifecycleBase - Setting state for [StandardEngine[Tomcat].StandardHost[localhost].TomcatEmbeddedContext[].StandardWrapper[dispatcherServlet]] to [INITIALIZING]
25-08-15 12:43:42.596 [main] DEBUG o.apache.catalina.util.LifecycleBase - Setting state for [StandardEngine[Tomcat].StandardHost[localhost].TomcatEmbeddedContext[].StandardWrapper[dispatcherServlet]] to [INITIALIZED]
25-08-15 12:43:42.596 [main] DEBUG o.apache.catalina.util.LifecycleBase - Setting state for [StandardEngine[Tomcat].StandardHost[localhost].TomcatEmbeddedContext[].StandardWrapper[dispatcherServlet]] to [STARTING_PREP]
25-08-15 12:43:42.597 [main] DEBUG o.apache.catalina.util.LifecycleBase - Setting state for [StandardPipeline[StandardEngine[Tomcat].StandardHost[localhost].TomcatEmbeddedContext[].StandardWrapper[dispatcherServlet]]] to [INITIALIZING]
25-08-15 12:43:42.597 [main] DEBUG o.apache.catalina.util.LifecycleBase - Setting state for [StandardPipeline[StandardEngine[Tomcat].StandardHost[localhost].TomcatEmbeddedContext[].StandardWrapper[dispatcherServlet]]] to [INITIALIZED]
25-08-15 12:43:42.597 [main] DEBUG o.apache.catalina.util.LifecycleBase - Setting state for [StandardPipeline[StandardEngine[Tomcat].StandardHost[localhost].TomcatEmbeddedContext[].StandardWrapper[dispatcherServlet]]] to [STARTING_PREP]
25-08-15 12:43:42.597 [main] DEBUG o.apache.catalina.util.LifecycleBase - Setting state for [StandardWrapperValve[StandardEngine[Tomcat].StandardHost[localhost].TomcatEmbeddedContext[].StandardWrapper[dispatcherServlet]]] to [INITIALIZING]
25-08-15 12:43:42.597 [main] DEBUG o.apache.catalina.util.LifecycleBase - Setting state for [StandardWrapperValve[StandardEngine[Tomcat].StandardHost[localhost].TomcatEmbeddedContext[].StandardWrapper[dispatcherServlet]]] to [INITIALIZED]
25-08-15 12:43:42.597 [main] DEBUG o.apache.catalina.util.LifecycleBase - Setting state for [StandardWrapperValve[StandardEngine[Tomcat].StandardHost[localhost].TomcatEmbeddedContext[].StandardWrapper[dispatcherServlet]]] to [STARTING_PREP]
25-08-15 12:43:42.597 [main] DEBUG o.apache.catalina.util.LifecycleBase - Setting state for [StandardWrapperValve[StandardEngine[Tomcat].StandardHost[localhost].TomcatEmbeddedContext[].StandardWrapper[dispatcherServlet]]] to [STARTING]
25-08-15 12:43:42.597 [main] DEBUG o.apache.catalina.util.LifecycleBase - Setting state for [StandardWrapperValve[StandardEngine[Tomcat].StandardHost[localhost].TomcatEmbeddedContext[].StandardWrapper[dispatcherServlet]]] to [STARTED]
25-08-15 12:43:42.598 [main] DEBUG o.apache.catalina.util.LifecycleBase - Setting state for [StandardPipeline[StandardEngine[Tomcat].StandardHost[localhost].TomcatEmbeddedContext[].StandardWrapper[dispatcherServlet]]] to [STARTING]
25-08-15 12:43:42.598 [main] DEBUG o.apache.catalina.util.LifecycleBase - Setting state for [StandardPipeline[StandardEngine[Tomcat].StandardHost[localhost].TomcatEmbeddedContext[].StandardWrapper[dispatcherServlet]]] to [STARTED]
25-08-15 12:43:42.598 [main] DEBUG o.apache.catalina.util.LifecycleBase - Setting state for [StandardEngine[Tomcat].StandardHost[localhost].TomcatEmbeddedContext[].StandardWrapper[dispatcherServlet]] to [STARTING]
25-08-15 12:43:42.598 [main] DEBUG o.apache.catalina.util.LifecycleBase - Setting state for [StandardEngine[Tomcat].StandardHost[localhost].TomcatEmbeddedContext[].StandardWrapper[dispatcherServlet]] to [STARTED]
25-08-15 12:43:42.618 [main] DEBUG o.apache.catalina.util.LifecycleBase - Setting state for [StandardManager[StandardEngine[Tomcat].StandardHost[localhost].TomcatEmbeddedContext[]]] to [INITIALIZING]
25-08-15 12:43:42.619 [main] DEBUG o.apache.catalina.util.LifecycleBase - Setting state for [StandardManager[StandardEngine[Tomcat].StandardHost[localhost].TomcatEmbeddedContext[]]] to [INITIALIZED]
25-08-15 12:43:42.619 [main] DEBUG o.apache.catalina.util.LifecycleBase - Setting state for [StandardManager[StandardEngine[Tomcat].StandardHost[localhost].TomcatEmbeddedContext[]]] to [STARTING_PREP]
25-08-15 12:43:42.619 [main] DEBUG o.apache.catalina.util.LifecycleBase - Setting state for [org.springframework.boot.web.embedded.tomcat.LazySessionIdGenerator@2d2fc130] to [INITIALIZING]
25-08-15 12:43:42.619 [main] DEBUG o.apache.catalina.util.LifecycleBase - Setting state for [org.springframework.boot.web.embedded.tomcat.LazySessionIdGenerator@2d2fc130] to [INITIALIZED]
25-08-15 12:43:42.619 [main] DEBUG o.apache.catalina.util.LifecycleBase - Setting state for [org.springframework.boot.web.embedded.tomcat.LazySessionIdGenerator@2d2fc130] to [STARTING_PREP]
25-08-15 12:43:42.619 [main] DEBUG o.apache.catalina.util.LifecycleBase - Setting state for [org.springframework.boot.web.embedded.tomcat.LazySessionIdGenerator@2d2fc130] to [STARTING]
25-08-15 12:43:42.619 [main] DEBUG o.apache.catalina.util.LifecycleBase - Setting state for [org.springframework.boot.web.embedded.tomcat.LazySessionIdGenerator@2d2fc130] to [STARTED]
25-08-15 12:43:42.619 [main] DEBUG o.apache.catalina.util.LifecycleBase - Setting state for [StandardManager[StandardEngine[Tomcat].StandardHost[localhost].TomcatEmbeddedContext[]]] to [STARTING]
25-08-15 12:43:42.619 [main] DEBUG o.apache.catalina.util.LifecycleBase - Setting state for [StandardManager[StandardEngine[Tomcat].StandardHost[localhost].TomcatEmbeddedContext[]]] to [STARTED]
25-08-15 12:43:42.622 [main] DEBUG o.s.b.w.s.f.OrderedRequestContextFil - Filter 'requestContextFilter' configured for use
25-08-15 12:43:42.626 [main] DEBUG o.s.w.f.ServerHttpObservationFilter - Filter 'webMvcObservationFilter' configured for use
25-08-15 12:43:42.626 [main] DEBUG o.s.w.s.r.ResourceUrlEncodingFilter - Filter 'resourceUrlEncodingFilter' configured for use
25-08-15 12:43:42.626 [main] DEBUG o.s.b.w.s.f.OrderedCharacterEncoding - Filter 'characterEncodingFilter' configured for use
25-08-15 12:43:42.626 [main] DEBUG o.s.b.w.s.f.OrderedFormContentFilter - Filter 'formContentFilter' configured for use
25-08-15 12:43:42.627 [main] DEBUG o.apache.catalina.util.LifecycleBase - Setting state for [StandardEngine[Tomcat].StandardHost[localhost].TomcatEmbeddedContext[]] to [STARTING]
25-08-15 12:43:42.627 [main] DEBUG o.apache.catalina.util.LifecycleBase - Setting state for [StandardEngine[Tomcat].StandardHost[localhost].TomcatEmbeddedContext[]] to [STARTED]
25-08-15 12:43:42.627 [main] DEBUG o.apache.catalina.util.LifecycleBase - Setting state for [StandardPipeline[StandardEngine[Tomcat].StandardHost[localhost]]] to [INITIALIZING]
25-08-15 12:43:42.627 [main] DEBUG o.apache.catalina.util.LifecycleBase - Setting state for [StandardPipeline[StandardEngine[Tomcat].StandardHost[localhost]]] to [INITIALIZED]
25-08-15 12:43:42.627 [main] DEBUG o.apache.catalina.util.LifecycleBase - Setting state for [StandardPipeline[StandardEngine[Tomcat].StandardHost[localhost]]] to [STARTING_PREP]
25-08-15 12:43:42.627 [main] DEBUG o.apache.catalina.util.LifecycleBase - Setting state for [ErrorReportValve[StandardEngine[Tomcat].StandardHost[localhost]]] to [INITIALIZING]
25-08-15 12:43:42.628 [main] DEBUG o.apache.catalina.util.LifecycleBase - Setting state for [ErrorReportValve[StandardEngine[Tomcat].StandardHost[localhost]]] to [INITIALIZED]
25-08-15 12:43:42.628 [main] DEBUG o.apache.catalina.util.LifecycleBase - Setting state for [ErrorReportValve[StandardEngine[Tomcat].StandardHost[localhost]]] to [STARTING_PREP]
25-08-15 12:43:42.628 [main] DEBUG o.apache.catalina.util.LifecycleBase - Setting state for [ErrorReportValve[StandardEngine[Tomcat].StandardHost[localhost]]] to [STARTING]
25-08-15 12:43:42.628 [main] DEBUG o.apache.catalina.util.LifecycleBase - Setting state for [ErrorReportValve[StandardEngine[Tomcat].StandardHost[localhost]]] to [STARTED]
25-08-15 12:43:42.628 [main] DEBUG o.apache.catalina.util.LifecycleBase - Setting state for [StandardHostValve[StandardEngine[Tomcat].StandardHost[localhost]]] to [INITIALIZING]
25-08-15 12:43:42.628 [main] DEBUG o.apache.catalina.util.LifecycleBase - Setting state for [StandardHostValve[StandardEngine[Tomcat].StandardHost[localhost]]] to [INITIALIZED]
25-08-15 12:43:42.628 [main] DEBUG o.apache.catalina.util.LifecycleBase - Setting state for [StandardHostValve[StandardEngine[Tomcat].StandardHost[localhost]]] to [STARTING_PREP]
25-08-15 12:43:42.628 [main] DEBUG o.apache.catalina.util.LifecycleBase - Setting state for [StandardHostValve[StandardEngine[Tomcat].StandardHost[localhost]]] to [STARTING]
25-08-15 12:43:42.628 [main] DEBUG o.apache.catalina.util.LifecycleBase - Setting state for [StandardHostValve[StandardEngine[Tomcat].StandardHost[localhost]]] to [STARTED]
25-08-15 12:43:42.628 [main] DEBUG o.apache.catalina.util.LifecycleBase - Setting state for [StandardPipeline[StandardEngine[Tomcat].StandardHost[localhost]]] to [STARTING]
25-08-15 12:43:42.629 [main] DEBUG o.apache.catalina.util.LifecycleBase - Setting state for [StandardPipeline[StandardEngine[Tomcat].StandardHost[localhost]]] to [STARTED]
25-08-15 12:43:42.629 [main] DEBUG o.apache.catalina.util.LifecycleBase - Setting state for [StandardEngine[Tomcat].StandardHost[localhost]] to [STARTING]
25-08-15 12:43:42.629 [main] DEBUG o.apache.catalina.util.LifecycleBase - Setting state for [StandardEngine[Tomcat].StandardHost[localhost]] to [STARTED]
25-08-15 12:43:42.629 [main] DEBUG o.apache.catalina.util.LifecycleBase - Setting state for [StandardPipeline[StandardEngine[Tomcat]]] to [INITIALIZING]
25-08-15 12:43:42.629 [main] DEBUG o.apache.catalina.util.LifecycleBase - Setting state for [StandardPipeline[StandardEngine[Tomcat]]] to [INITIALIZED]
25-08-15 12:43:42.629 [main] DEBUG o.apache.catalina.util.LifecycleBase - Setting state for [StandardPipeline[StandardEngine[Tomcat]]] to [STARTING_PREP]
25-08-15 12:43:42.629 [main] DEBUG o.apache.catalina.util.LifecycleBase - Setting state for [StandardEngineValve[StandardEngine[Tomcat]]] to [INITIALIZING]
25-08-15 12:43:42.629 [main] DEBUG o.apache.catalina.util.LifecycleBase - Setting state for [StandardEngineValve[StandardEngine[Tomcat]]] to [INITIALIZED]
25-08-15 12:43:42.629 [main] DEBUG o.apache.catalina.util.LifecycleBase - Setting state for [StandardEngineValve[StandardEngine[Tomcat]]] to [STARTING_PREP]
25-08-15 12:43:42.630 [main] DEBUG o.apache.catalina.util.LifecycleBase - Setting state for [StandardEngineValve[StandardEngine[Tomcat]]] to [STARTING]
25-08-15 12:43:42.630 [main] DEBUG o.apache.catalina.util.LifecycleBase - Setting state for [StandardEngineValve[StandardEngine[Tomcat]]] to [STARTED]
25-08-15 12:43:42.630 [main] DEBUG o.apache.catalina.util.LifecycleBase - Setting state for [StandardPipeline[StandardEngine[Tomcat]]] to [STARTING]
25-08-15 12:43:42.630 [main] DEBUG o.apache.catalina.util.LifecycleBase - Setting state for [StandardPipeline[StandardEngine[Tomcat]]] to [STARTED]
25-08-15 12:43:42.630 [main] DEBUG o.apache.catalina.util.LifecycleBase - Setting state for [StandardEngine[Tomcat]] to [STARTING]
25-08-15 12:43:42.633 [main] DEBUG o.apache.catalina.util.LifecycleBase - Setting state for [StandardEngine[Tomcat]] to [STARTED]
25-08-15 12:43:42.634 [main] DEBUG o.apache.catalina.util.LifecycleBase - Setting state for [org.apache.catalina.mapper.MapperListener@49ced9c7] to [STARTING_PREP]
25-08-15 12:43:42.634 [main] DEBUG o.apache.catalina.util.LifecycleBase - Setting state for [org.apache.catalina.mapper.MapperListener@49ced9c7] to [STARTING]
25-08-15 12:43:42.635 [main] DEBUG org.apache.catalina.mapper.Mapper - Registered host [localhost]
25-08-15 12:43:42.636 [main] DEBUG o.a.catalina.mapper.MapperListener - Register Wrapper [dispatcherServlet] in Context [] for service [StandardService[Tomcat]]
25-08-15 12:43:42.636 [main] DEBUG o.a.catalina.mapper.MapperListener - Register Context [] for service [StandardService[Tomcat]]
25-08-15 12:43:42.636 [main] DEBUG o.a.catalina.mapper.MapperListener - Register host [localhost] at domain [null] for service [StandardService[Tomcat]]
25-08-15 12:43:42.636 [main] DEBUG o.apache.catalina.util.LifecycleBase - Setting state for [org.apache.catalina.mapper.MapperListener@49ced9c7] to [STARTED]
25-08-15 12:43:42.636 [main] DEBUG o.apache.catalina.util.LifecycleBase - Setting state for [StandardService[Tomcat]] to [STARTED]
25-08-15 12:43:42.637 [main] DEBUG o.apache.catalina.util.LifecycleBase - Setting state for [StandardServer[-1]] to [STARTED]
25-08-15 12:43:42.643 [main] DEBUG o.s.b.f.s.DefaultListableBeanFactory - Creating shared instance of singleton bean 'applicationTaskExecutor'
25-08-15 12:43:42.644 [main] DEBUG o.s.b.f.s.DefaultListableBeanFactory - Creating shared instance of singleton bean 'org.springframework.boot.autoconfigure.task.TaskExecutorConfigurations$TaskExecutorConfiguration'
25-08-15 12:43:42.645 [main] DEBUG o.s.b.f.s.DefaultListableBeanFactory - Creating shared instance of singleton bean 'threadPoolTaskExecutorBuilder'
25-08-15 12:43:42.645 [main] DEBUG o.s.b.f.s.DefaultListableBeanFactory - Creating shared instance of singleton bean 'org.springframework.boot.autoconfigure.task.TaskExecutorConfigurations$ThreadPoolTaskExecutorBuilderConfiguration'
25-08-15 12:43:42.646 [main] DEBUG o.s.b.f.s.DefaultListableBeanFactory - Creating shared instance of singleton bean 'spring.task.execution-org.springframework.boot.autoconfigure.task.TaskExecutionProperties'
25-08-15 12:43:42.648 [main] DEBUG o.s.b.f.s.DefaultListableBeanFactory - Autowiring by type from bean name 'threadPoolTaskExecutorBuilder' via factory method to bean named 'spring.task.execution-org.springframework.boot.autoconfigure.task.TaskExecutionProperties'
25-08-15 12:43:42.651 [main] DEBUG o.s.b.f.s.DefaultListableBeanFactory - Autowiring by type from bean name 'applicationTaskExecutor' via factory method to bean named 'threadPoolTaskExecutorBuilder'
25-08-15 12:43:42.657 [main] DEBUG o.s.s.c.ThreadPoolTaskExecutor - Initializing ExecutorService 'applicationTaskExecutor'
25-08-15 12:43:42.661 [main] DEBUG o.s.b.f.s.DefaultListableBeanFactory - Creating shared instance of singleton bean 'dataSourceScriptDatabaseInitializer'
25-08-15 12:43:42.661 [main] DEBUG o.s.b.f.s.DefaultListableBeanFactory - Creating shared instance of singleton bean 'org.springframework.boot.autoconfigure.sql.init.DataSourceInitializationConfiguration'
25-08-15 12:43:42.661 [main] DEBUG o.s.b.f.s.DefaultListableBeanFactory - Creating shared instance of singleton bean 'dataSource'
25-08-15 12:43:42.662 [main] DEBUG o.s.b.f.s.DefaultListableBeanFactory - Creating shared instance of singleton bean 'org.springframework.boot.autoconfigure.jdbc.DataSourceConfiguration$Hikari'
25-08-15 12:43:42.663 [main] DEBUG o.s.b.f.s.DefaultListableBeanFactory - Creating shared instance of singleton bean 'spring.datasource-org.springframework.boot.autoconfigure.jdbc.DataSourceProperties'
25-08-15 12:43:42.670 [main] DEBUG o.s.b.f.s.DefaultListableBeanFactory - Creating shared instance of singleton bean 'jdbcConnectionDetails'
25-08-15 12:43:42.671 [main] DEBUG o.s.b.f.s.DefaultListableBeanFactory - Creating shared instance of singleton bean 'org.springframework.boot.autoconfigure.jdbc.DataSourceAutoConfiguration$PooledDataSourceConfiguration'
25-08-15 12:43:42.672 [main] DEBUG o.s.b.f.s.DefaultListableBeanFactory - Autowiring by type from bean name 'jdbcConnectionDetails' via factory method to bean named 'spring.datasource-org.springframework.boot.autoconfigure.jdbc.DataSourceProperties'
25-08-15 12:43:42.672 [main] DEBUG o.s.b.f.s.DefaultListableBeanFactory - Autowiring by type from bean name 'dataSource' via factory method to bean named 'spring.datasource-org.springframework.boot.autoconfigure.jdbc.DataSourceProperties'
25-08-15 12:43:42.672 [main] DEBUG o.s.b.f.s.DefaultListableBeanFactory - Autowiring by type from bean name 'dataSource' via factory method to bean named 'jdbcConnectionDetails'
25-08-15 12:43:42.672 [main] DEBUG o.s.b.f.s.DefaultListableBeanFactory - Autowiring by type from bean name 'dataSource' via factory method to bean named 'environment'
25-08-15 12:43:42.675 [main] DEBUG com.zaxxer.hikari.HikariConfig - Class org.h2.Driver found in Thread context class loader jdk.internal.loader.ClassLoaders$AppClassLoader@5e481248
25-08-15 12:43:42.685 [main] DEBUG o.s.b.f.s.DefaultListableBeanFactory - Creating shared instance of singleton bean 'spring.sql.init-org.springframework.boot.autoconfigure.sql.init.SqlInitializationProperties'
25-08-15 12:43:42.687 [main] DEBUG o.s.b.f.s.DefaultListableBeanFactory - Autowiring by type from bean name 'dataSourceScriptDatabaseInitializer' via factory method to bean named 'dataSource'
25-08-15 12:43:42.687 [main] DEBUG o.s.b.f.s.DefaultListableBeanFactory - Autowiring by type from bean name 'dataSourceScriptDatabaseInitializer' via factory method to bean named 'spring.sql.init-org.springframework.boot.autoconfigure.sql.init.SqlInitializationProperties'
25-08-15 12:43:42.691 [main] DEBUG o.s.b.f.s.DefaultListableBeanFactory - Creating shared instance of singleton bean 'entityManagerFactory'
25-08-15 12:43:42.692 [main] DEBUG o.s.b.f.s.DefaultListableBeanFactory - Creating shared instance of singleton bean 'org.springframework.boot.autoconfigure.orm.jpa.HibernateJpaConfiguration'
25-08-15 12:43:42.693 [main] DEBUG o.s.b.f.s.DefaultListableBeanFactory - Creating shared instance of singleton bean 'spring.jpa-org.springframework.boot.autoconfigure.orm.jpa.JpaProperties'
25-08-15 12:43:42.695 [main] DEBUG o.s.b.f.s.DefaultListableBeanFactory - Creating shared instance of singleton bean 'spring.jpa.hibernate-org.springframework.boot.autoconfigure.orm.jpa.HibernateProperties'
25-08-15 12:43:42.696 [main] DEBUG o.s.b.f.s.DefaultListableBeanFactory - Autowiring by type from bean name 'org.springframework.boot.autoconfigure.orm.jpa.HibernateJpaConfiguration' via constructor to bean named 'dataSource'
25-08-15 12:43:42.696 [main] DEBUG o.s.b.f.s.DefaultListableBeanFactory - Autowiring by type from bean name 'org.springframework.boot.autoconfigure.orm.jpa.HibernateJpaConfiguration' via constructor to bean named 'spring.jpa-org.springframework.boot.autoconfigure.orm.jpa.JpaProperties'
25-08-15 12:43:42.696 [main] DEBUG o.s.b.f.s.DefaultListableBeanFactory - Autowiring by type from bean name 'org.springframework.boot.autoconfigure.orm.jpa.HibernateJpaConfiguration' via constructor to bean named 'org.springframework.beans.factory.support.DefaultListableBeanFactory@74a195a4'
25-08-15 12:43:42.696 [main] DEBUG o.s.b.f.s.DefaultListableBeanFactory - Autowiring by type from bean name 'org.springframework.boot.autoconfigure.orm.jpa.HibernateJpaConfiguration' via constructor to bean named 'spring.jpa.hibernate-org.springframework.boot.autoconfigure.orm.jpa.HibernateProperties'
25-08-15 12:43:42.698 [main] DEBUG o.s.b.f.s.DefaultListableBeanFactory - Creating shared instance of singleton bean 'hikariPoolDataSourceMetadataProvider'
25-08-15 12:43:42.698 [main] DEBUG o.s.b.f.s.DefaultListableBeanFactory - Creating shared instance of singleton bean 'org.springframework.boot.autoconfigure.jdbc.metadata.DataSourcePoolMetadataProvidersConfiguration$HikariPoolDataSourceMetadataProviderConfiguration'
25-08-15 12:43:42.703 [main] DEBUG o.s.b.f.s.DefaultListableBeanFactory - Creating shared instance of singleton bean 'entityManagerFactoryBuilder'
25-08-15 12:43:42.704 [main] DEBUG o.s.b.f.s.DefaultListableBeanFactory - Creating shared instance of singleton bean 'jpaVendorAdapter'
25-08-15 12:43:42.718 [main] DEBUG o.s.b.f.s.DefaultListableBeanFactory - Autowiring by type from bean name 'entityManagerFactoryBuilder' via factory method to bean named 'jpaVendorAdapter'
25-08-15 12:43:42.721 [main] DEBUG o.s.b.f.s.DefaultListableBeanFactory - Creating shared instance of singleton bean 'persistenceManagedTypes'
25-08-15 12:43:42.722 [main] DEBUG o.s.b.f.s.DefaultListableBeanFactory - Autowiring by type from bean name 'persistenceManagedTypes' via factory method to bean named 'org.springframework.beans.factory.support.DefaultListableBeanFactory@74a195a4'
25-08-15 12:43:42.722 [main] DEBUG o.s.b.f.s.DefaultListableBeanFactory - Autowiring by type from bean name 'persistenceManagedTypes' via factory method to bean named 'org.springframework.boot.web.servlet.context.AnnotationConfigServletWebServerApplicationContext@55e7a35c'
25-08-15 12:43:42.738 [main] DEBUG o.s.b.f.s.DefaultListableBeanFactory - Autowiring by type from bean name 'entityManagerFactory' via factory method to bean named 'entityManagerFactoryBuilder'
25-08-15 12:43:42.738 [main] DEBUG o.s.b.f.s.DefaultListableBeanFactory - Autowiring by type from bean name 'entityManagerFactory' via factory method to bean named 'persistenceManagedTypes'
25-08-15 12:43:42.753 [main] DEBUG o.s.o.j.LocalContainerEntityManagerF - Building JPA container EntityManagerFactory for persistence unit 'default'
25-08-15 12:43:42.775 [main] DEBUG o.h.jpa.internal.util.LogHelper - PersistenceUnitInfo [
	name: default
	persistence provider classname: null
	classloader: jdk.internal.loader.ClassLoaders$AppClassLoader@5e481248
	excludeUnlistedClasses: true
	JTA datasource: null
	Non JTA datasource: HikariDataSource (null)
	Transaction type: RESOURCE_LOCAL
	PU root URL: file:/C:/Users/chaos/SpringProject/Discodeit/build/classes/java/main/
	Shared Cache Mode: UNSPECIFIED
	Validation Mode: AUTO
	Jar files URLs []
	Managed classes names [
		com.codeit.discodeit.entity.base.BaseEntity
		com.codeit.discodeit.entity.base.BaseUpdatableEntity
		com.codeit.discodeit.entity.BinaryContent
		com.codeit.discodeit.entity.Channel
		com.codeit.discodeit.entity.Message
		com.codeit.discodeit.entity.ReadStatus
		com.codeit.discodeit.entity.User
		com.codeit.discodeit.entity.UserStatus]
	Mapping files names []
	Properties []
25-08-15 12:43:42.784 [main] DEBUG o.h.i.internal.IntegratorServiceImpl - Adding Integrator [org.hibernate.boot.beanvalidation.BeanValidationIntegrator].
25-08-15 12:43:42.786 [main] DEBUG o.h.i.internal.IntegratorServiceImpl - Adding Integrator [org.hibernate.cache.internal.CollectionCacheInvalidator].
25-08-15 12:43:42.849 [main] INFO  org.hibernate.Version - HHH000412: Hibernate ORM core version 6.6.18.Final
25-08-15 12:43:42.850 [main] DEBUG org.hibernate.cfg.Environment - HHH000206: 'hibernate.properties' not found
25-08-15 12:43:42.876 [main] DEBUG org.hibernate.orm.idgen.factory - Registering IdentifierGenerator strategy [uuid2] -> [org.hibernate.id.UUIDGenerator]
25-08-15 12:43:42.877 [main] DEBUG org.hibernate.orm.idgen.factory - Registering IdentifierGenerator strategy [guid] -> [org.hibernate.id.GUIDGenerator]
25-08-15 12:43:42.878 [main] DEBUG org.hibernate.orm.idgen.factory - Registering IdentifierGenerator strategy [uuid] -> [org.hibernate.id.UUIDHexGenerator]
25-08-15 12:43:42.878 [main] DEBUG org.hibernate.orm.idgen.factory - Registering IdentifierGenerator strategy [uuid.hex] -> [org.hibernate.id.UUIDHexGenerator]
25-08-15 12:43:42.878 [main] DEBUG org.hibernate.orm.idgen.factory - Registering IdentifierGenerator strategy [assigned] -> [org.hibernate.id.Assigned]
25-08-15 12:43:42.879 [main] DEBUG org.hibernate.orm.idgen.factory - Registering IdentifierGenerator strategy [identity] -> [org.hibernate.id.IdentityGenerator]
25-08-15 12:43:42.880 [main] DEBUG org.hibernate.orm.idgen.factory - Registering IdentifierGenerator strategy [select] -> [org.hibernate.id.SelectGenerator]
25-08-15 12:43:42.881 [main] DEBUG org.hibernate.orm.idgen.factory - Registering IdentifierGenerator strategy [sequence] -> [org.hibernate.id.enhanced.SequenceStyleGenerator]
25-08-15 12:43:42.881 [main] DEBUG org.hibernate.orm.idgen.factory - Registering IdentifierGenerator strategy [increment] -> [org.hibernate.id.IncrementGenerator]
25-08-15 12:43:42.881 [main] DEBUG org.hibernate.orm.idgen.factory - Registering IdentifierGenerator strategy [foreign] -> [org.hibernate.id.ForeignGenerator]
25-08-15 12:43:42.882 [main] DEBUG org.hibernate.orm.idgen.factory - Registering IdentifierGenerator strategy [enhanced-sequence] -> [org.hibernate.id.enhanced.SequenceStyleGenerator]
25-08-15 12:43:42.882 [main] DEBUG org.hibernate.orm.idgen.factory - Registering IdentifierGenerator strategy [enhanced-table] -> [org.hibernate.id.enhanced.TableGenerator]
25-08-15 12:43:42.889 [main] DEBUG o.h.c.i.RegionFactoryInitiator - Cannot default RegionFactory based on registered strategies as `[]` RegionFactory strategies were registered
25-08-15 12:43:42.890 [main] INFO  o.h.c.i.RegionFactoryInitiator - HHH000026: Second-level cache disabled
25-08-15 12:43:42.970 [main] DEBUG o.hibernate.type.BasicTypeRegistry - Adding type registration boolean -> org.hibernate.type.BasicTypeReference@6106dfb6
25-08-15 12:43:42.970 [main] DEBUG o.hibernate.type.BasicTypeRegistry - Adding type registration boolean -> org.hibernate.type.BasicTypeReference@6106dfb6
25-08-15 12:43:42.970 [main] DEBUG o.hibernate.type.BasicTypeRegistry - Adding type registration java.lang.Boolean -> org.hibernate.type.BasicTypeReference@6106dfb6
25-08-15 12:43:42.970 [main] DEBUG o.hibernate.type.BasicTypeRegistry - Adding type registration numeric_boolean -> org.hibernate.type.BasicTypeReference@14239223
25-08-15 12:43:42.970 [main] DEBUG o.hibernate.type.BasicTypeRegistry - Adding type registration org.hibernate.type.NumericBooleanConverter -> org.hibernate.type.BasicTypeReference@14239223
25-08-15 12:43:42.970 [main] DEBUG o.hibernate.type.BasicTypeRegistry - Adding type registration true_false -> org.hibernate.type.BasicTypeReference@68df8c6
25-08-15 12:43:42.970 [main] DEBUG o.hibernate.type.BasicTypeRegistry - Adding type registration org.hibernate.type.TrueFalseConverter -> org.hibernate.type.BasicTypeReference@68df8c6
25-08-15 12:43:42.970 [main] DEBUG o.hibernate.type.BasicTypeRegistry - Adding type registration yes_no -> org.hibernate.type.BasicTypeReference@7c206b14
25-08-15 12:43:42.970 [main] DEBUG o.hibernate.type.BasicTypeRegistry - Adding type registration org.hibernate.type.YesNoConverter -> org.hibernate.type.BasicTypeReference@7c206b14
25-08-15 12:43:42.970 [main] DEBUG o.hibernate.type.BasicTypeRegistry - Adding type registration byte -> org.hibernate.type.BasicTypeReference@2b8cf049
25-08-15 12:43:42.970 [main] DEBUG o.hibernate.type.BasicTypeRegistry - Adding type registration byte -> org.hibernate.type.BasicTypeReference@2b8cf049
25-08-15 12:43:42.970 [main] DEBUG o.hibernate.type.BasicTypeRegistry - Adding type registration java.lang.Byte -> org.hibernate.type.BasicTypeReference@2b8cf049
25-08-15 12:43:42.970 [main] DEBUG o.hibernate.type.BasicTypeRegistry - Adding type registration binary -> org.hibernate.type.BasicTypeReference@2336cd91
25-08-15 12:43:42.970 [main] DEBUG o.hibernate.type.BasicTypeRegistry - Adding type registration byte[] -> org.hibernate.type.BasicTypeReference@2336cd91
25-08-15 12:43:42.970 [main] DEBUG o.hibernate.type.BasicTypeRegistry - Adding type registration [B -> org.hibernate.type.BasicTypeReference@2336cd91
25-08-15 12:43:42.970 [main] DEBUG o.hibernate.type.BasicTypeRegistry - Adding type registration binary_wrapper -> org.hibernate.type.BasicTypeReference@4a944af9
25-08-15 12:43:42.970 [main] DEBUG o.hibernate.type.BasicTypeRegistry - Adding type registration wrapper-binary -> org.hibernate.type.BasicTypeReference@4a944af9
25-08-15 12:43:42.970 [main] DEBUG o.hibernate.type.BasicTypeRegistry - Adding type registration image -> org.hibernate.type.BasicTypeReference@3593e074
25-08-15 12:43:42.970 [main] DEBUG o.hibernate.type.BasicTypeRegistry - Adding type registration blob -> org.hibernate.type.BasicTypeReference@79d14037
25-08-15 12:43:42.970 [main] DEBUG o.hibernate.type.BasicTypeRegistry - Adding type registration java.sql.Blob -> org.hibernate.type.BasicTypeReference@79d14037
25-08-15 12:43:42.970 [main] DEBUG o.hibernate.type.BasicTypeRegistry - Adding type registration materialized_blob -> org.hibernate.type.BasicTypeReference@6c1e40d9
25-08-15 12:43:42.970 [main] DEBUG o.hibernate.type.BasicTypeRegistry - Adding type registration materialized_blob_wrapper -> org.hibernate.type.BasicTypeReference@4b50c21
25-08-15 12:43:42.970 [main] DEBUG o.hibernate.type.BasicTypeRegistry - Adding type registration short -> org.hibernate.type.BasicTypeReference@2e0fdc83
25-08-15 12:43:42.970 [main] DEBUG o.hibernate.type.BasicTypeRegistry - Adding type registration short -> org.hibernate.type.BasicTypeReference@2e0fdc83
25-08-15 12:43:42.970 [main] DEBUG o.hibernate.type.BasicTypeRegistry - Adding type registration java.lang.Short -> org.hibernate.type.BasicTypeReference@2e0fdc83
25-08-15 12:43:42.970 [main] DEBUG o.hibernate.type.BasicTypeRegistry - Adding type registration integer -> org.hibernate.type.BasicTypeReference@5dacf18d
25-08-15 12:43:42.971 [main] DEBUG o.hibernate.type.BasicTypeRegistry - Adding type registration int -> org.hibernate.type.BasicTypeReference@5dacf18d
25-08-15 12:43:42.971 [main] DEBUG o.hibernate.type.BasicTypeRegistry - Adding type registration java.lang.Integer -> org.hibernate.type.BasicTypeReference@5dacf18d
25-08-15 12:43:42.971 [main] DEBUG o.hibernate.type.BasicTypeRegistry - Adding type registration long -> org.hibernate.type.BasicTypeReference@432a6a69
25-08-15 12:43:42.971 [main] DEBUG o.hibernate.type.BasicTypeRegistry - Adding type registration long -> org.hibernate.type.BasicTypeReference@432a6a69
25-08-15 12:43:42.971 [main] DEBUG o.hibernate.type.BasicTypeRegistry - Adding type registration java.lang.Long -> org.hibernate.type.BasicTypeReference@432a6a69
25-08-15 12:43:42.971 [main] DEBUG o.hibernate.type.BasicTypeRegistry - Adding type registration float -> org.hibernate.type.BasicTypeReference@6f52a229
25-08-15 12:43:42.971 [main] DEBUG o.hibernate.type.BasicTypeRegistry - Adding type registration float -> org.hibernate.type.BasicTypeReference@6f52a229
25-08-15 12:43:42.971 [main] DEBUG o.hibernate.type.BasicTypeRegistry - Adding type registration java.lang.Float -> org.hibernate.type.BasicTypeReference@6f52a229
25-08-15 12:43:42.971 [main] DEBUG o.hibernate.type.BasicTypeRegistry - Adding type registration double -> org.hibernate.type.BasicTypeReference@3fe98084
25-08-15 12:43:42.971 [main] DEBUG o.hibernate.type.BasicTypeRegistry - Adding type registration double -> org.hibernate.type.BasicTypeReference@3fe98084
25-08-15 12:43:42.971 [main] DEBUG o.hibernate.type.BasicTypeRegistry - Adding type registration java.lang.Double -> org.hibernate.type.BasicTypeReference@3fe98084
25-08-15 12:43:42.971 [main] DEBUG o.hibernate.type.BasicTypeRegistry - Adding type registration big_integer -> org.hibernate.type.BasicTypeReference@5f33e6d
25-08-15 12:43:42.971 [main] DEBUG o.hibernate.type.BasicTypeRegistry - Adding type registration java.math.BigInteger -> org.hibernate.type.BasicTypeReference@5f33e6d
25-08-15 12:43:42.971 [main] DEBUG o.hibernate.type.BasicTypeRegistry - Adding type registration big_decimal -> org.hibernate.type.BasicTypeReference@151a6598
25-08-15 12:43:42.971 [main] DEBUG o.hibernate.type.BasicTypeRegistry - Adding type registration java.math.BigDecimal -> org.hibernate.type.BasicTypeReference@151a6598
25-08-15 12:43:42.971 [main] DEBUG o.hibernate.type.BasicTypeRegistry - Adding type registration character -> org.hibernate.type.BasicTypeReference@6fa3def8
25-08-15 12:43:42.971 [main] DEBUG o.hibernate.type.BasicTypeRegistry - Adding type registration char -> org.hibernate.type.BasicTypeReference@6fa3def8
25-08-15 12:43:42.971 [main] DEBUG o.hibernate.type.BasicTypeRegistry - Adding type registration java.lang.Character -> org.hibernate.type.BasicTypeReference@6fa3def8
25-08-15 12:43:42.971 [main] DEBUG o.hibernate.type.BasicTypeRegistry - Adding type registration character_nchar -> org.hibernate.type.BasicTypeReference@1c3d9e28
25-08-15 12:43:42.971 [main] DEBUG o.hibernate.type.BasicTypeRegistry - Adding type registration string -> org.hibernate.type.BasicTypeReference@a1cb94
25-08-15 12:43:42.971 [main] DEBUG o.hibernate.type.BasicTypeRegistry - Adding type registration java.lang.String -> org.hibernate.type.BasicTypeReference@a1cb94
25-08-15 12:43:42.971 [main] DEBUG o.hibernate.type.BasicTypeRegistry - Adding type registration nstring -> org.hibernate.type.BasicTypeReference@46d148bd
25-08-15 12:43:42.971 [main] DEBUG o.hibernate.type.BasicTypeRegistry - Adding type registration characters -> org.hibernate.type.BasicTypeReference@37f41a81
25-08-15 12:43:42.971 [main] DEBUG o.hibernate.type.BasicTypeRegistry - Adding type registration char[] -> org.hibernate.type.BasicTypeReference@37f41a81
25-08-15 12:43:42.971 [main] DEBUG o.hibernate.type.BasicTypeRegistry - Adding type registration [C -> org.hibernate.type.BasicTypeReference@37f41a81
25-08-15 12:43:42.971 [main] DEBUG o.hibernate.type.BasicTypeRegistry - Adding type registration wrapper-characters -> org.hibernate.type.BasicTypeReference@47c81e89
25-08-15 12:43:42.971 [main] DEBUG o.hibernate.type.BasicTypeRegistry - Adding type registration text -> org.hibernate.type.BasicTypeReference@49bb808f
25-08-15 12:43:42.971 [main] DEBUG o.hibernate.type.BasicTypeRegistry - Adding type registration ntext -> org.hibernate.type.BasicTypeReference@563ada5
25-08-15 12:43:42.971 [main] DEBUG o.hibernate.type.BasicTypeRegistry - Adding type registration clob -> org.hibernate.type.BasicTypeReference@12548f9a
25-08-15 12:43:42.971 [main] DEBUG o.hibernate.type.BasicTypeRegistry - Adding type registration java.sql.Clob -> org.hibernate.type.BasicTypeReference@12548f9a
25-08-15 12:43:42.971 [main] DEBUG o.hibernate.type.BasicTypeRegistry - Adding type registration nclob -> org.hibernate.type.BasicTypeReference@156ff70f
25-08-15 12:43:42.971 [main] DEBUG o.hibernate.type.BasicTypeRegistry - Adding type registration java.sql.NClob -> org.hibernate.type.BasicTypeReference@156ff70f
25-08-15 12:43:42.971 [main] DEBUG o.hibernate.type.BasicTypeRegistry - Adding type registration materialized_clob -> org.hibernate.type.BasicTypeReference@c5a2d5
25-08-15 12:43:42.971 [main] DEBUG o.hibernate.type.BasicTypeRegistry - Adding type registration materialized_clob_char_array -> org.hibernate.type.BasicTypeReference@185339ed
25-08-15 12:43:42.971 [main] DEBUG o.hibernate.type.BasicTypeRegistry - Adding type registration materialized_clob_character_array -> org.hibernate.type.BasicTypeReference@2e4d4d22
25-08-15 12:43:42.971 [main] DEBUG o.hibernate.type.BasicTypeRegistry - Adding type registration materialized_nclob -> org.hibernate.type.BasicTypeReference@4470106b
25-08-15 12:43:42.971 [main] DEBUG o.hibernate.type.BasicTypeRegistry - Adding type registration materialized_nclob_character_array -> org.hibernate.type.BasicTypeReference@690ed13a
25-08-15 12:43:42.971 [main] DEBUG o.hibernate.type.BasicTypeRegistry - Adding type registration materialized_nclob_char_array -> org.hibernate.type.BasicTypeReference@681311a7
25-08-15 12:43:42.971 [main] DEBUG o.hibernate.type.BasicTypeRegistry - Adding type registration Duration -> org.hibernate.type.BasicTypeReference@2c7375da
25-08-15 12:43:42.971 [main] DEBUG o.hibernate.type.BasicTypeRegistry - Adding type registration java.time.Duration -> org.hibernate.type.BasicTypeReference@2c7375da
25-08-15 12:43:42.971 [main] DEBUG o.hibernate.type.BasicTypeRegistry - Adding type registration LocalDateTime -> org.hibernate.type.BasicTypeReference@68c4db77
25-08-15 12:43:42.972 [main] DEBUG o.hibernate.type.BasicTypeRegistry - Adding type registration java.time.LocalDateTime -> org.hibernate.type.BasicTypeReference@68c4db77
25-08-15 12:43:42.972 [main] DEBUG o.hibernate.type.BasicTypeRegistry - Adding type registration LocalDate -> org.hibernate.type.BasicTypeReference@775c4054
25-08-15 12:43:42.972 [main] DEBUG o.hibernate.type.BasicTypeRegistry - Adding type registration java.time.LocalDate -> org.hibernate.type.BasicTypeReference@775c4054
25-08-15 12:43:42.972 [main] DEBUG o.hibernate.type.BasicTypeRegistry - Adding type registration LocalTime -> org.hibernate.type.BasicTypeReference@7b2e931
25-08-15 12:43:42.972 [main] DEBUG o.hibernate.type.BasicTypeRegistry - Adding type registration java.time.LocalTime -> org.hibernate.type.BasicTypeReference@7b2e931
25-08-15 12:43:42.972 [main] DEBUG o.hibernate.type.BasicTypeRegistry - Adding type registration OffsetDateTime -> org.hibernate.type.BasicTypeReference@305881b8
25-08-15 12:43:42.972 [main] DEBUG o.hibernate.type.BasicTypeRegistry - Adding type registration java.time.OffsetDateTime -> org.hibernate.type.BasicTypeReference@305881b8
25-08-15 12:43:42.972 [main] DEBUG o.hibernate.type.BasicTypeRegistry - Adding type registration OffsetDateTimeWithTimezone -> org.hibernate.type.BasicTypeReference@7e89eba7
25-08-15 12:43:42.972 [main] DEBUG o.hibernate.type.BasicTypeRegistry - Adding type registration OffsetDateTimeWithoutTimezone -> org.hibernate.type.BasicTypeReference@6bc25ac2
25-08-15 12:43:42.972 [main] DEBUG o.hibernate.type.BasicTypeRegistry - Adding type registration OffsetTime -> org.hibernate.type.BasicTypeReference@7b29cdea
25-08-15 12:43:42.972 [main] DEBUG o.hibernate.type.BasicTypeRegistry - Adding type registration java.time.OffsetTime -> org.hibernate.type.BasicTypeReference@7b29cdea
25-08-15 12:43:42.972 [main] DEBUG o.hibernate.type.BasicTypeRegistry - Adding type registration OffsetTimeUtc -> org.hibernate.type.BasicTypeReference@f08d676
25-08-15 12:43:42.972 [main] DEBUG o.hibernate.type.BasicTypeRegistry - Adding type registration OffsetTimeWithTimezone -> org.hibernate.type.BasicTypeReference@3eedd0e3
25-08-15 12:43:42.972 [main] DEBUG o.hibernate.type.BasicTypeRegistry - Adding type registration OffsetTimeWithoutTimezone -> org.hibernate.type.BasicTypeReference@478089b6
25-08-15 12:43:42.972 [main] DEBUG o.hibernate.type.BasicTypeRegistry - Adding type registration ZonedDateTime -> org.hibernate.type.BasicTypeReference@72f35a31
25-08-15 12:43:42.972 [main] DEBUG o.hibernate.type.BasicTypeRegistry - Adding type registration java.time.ZonedDateTime -> org.hibernate.type.BasicTypeReference@72f35a31
25-08-15 12:43:42.972 [main] DEBUG o.hibernate.type.BasicTypeRegistry - Adding type registration ZonedDateTimeWithTimezone -> org.hibernate.type.BasicTypeReference@3b01897f
25-08-15 12:43:42.972 [main] DEBUG o.hibernate.type.BasicTypeRegistry - Adding type registration ZonedDateTimeWithoutTimezone -> org.hibernate.type.BasicTypeReference@6b3b2c34
25-08-15 12:43:42.972 [main] DEBUG o.hibernate.type.BasicTypeRegistry - Adding type registration date -> org.hibernate.type.BasicTypeReference@28b5d5dc
25-08-15 12:43:42.972 [main] DEBUG o.hibernate.type.BasicTypeRegistry - Adding type registration java.sql.Date -> org.hibernate.type.BasicTypeReference@28b5d5dc
25-08-15 12:43:42.972 [main] DEBUG o.hibernate.type.BasicTypeRegistry - Adding type registration time -> org.hibernate.type.BasicTypeReference@407f2029
25-08-15 12:43:42.972 [main] DEBUG o.hibernate.type.BasicTypeRegistry - Adding type registration java.sql.Time -> org.hibernate.type.BasicTypeReference@407f2029
25-08-15 12:43:42.972 [main] DEBUG o.hibernate.type.BasicTypeRegistry - Adding type registration timestamp -> org.hibernate.type.BasicTypeReference@77020328
25-08-15 12:43:42.972 [main] DEBUG o.hibernate.type.BasicTypeRegistry - Adding type registration java.sql.Timestamp -> org.hibernate.type.BasicTypeReference@77020328
25-08-15 12:43:42.972 [main] DEBUG o.hibernate.type.BasicTypeRegistry - Adding type registration java.util.Date -> org.hibernate.type.BasicTypeReference@77020328
25-08-15 12:43:42.972 [main] DEBUG o.hibernate.type.BasicTypeRegistry - Adding type registration calendar -> org.hibernate.type.BasicTypeReference@45eacb70
25-08-15 12:43:42.972 [main] DEBUG o.hibernate.type.BasicTypeRegistry - Adding type registration java.util.Calendar -> org.hibernate.type.BasicTypeReference@45eacb70
25-08-15 12:43:42.972 [main] DEBUG o.hibernate.type.BasicTypeRegistry - Adding type registration java.util.GregorianCalendar -> org.hibernate.type.BasicTypeReference@45eacb70
25-08-15 12:43:42.972 [main] DEBUG o.hibernate.type.BasicTypeRegistry - Adding type registration calendar_date -> org.hibernate.type.BasicTypeReference@4377ed24
25-08-15 12:43:42.972 [main] DEBUG o.hibernate.type.BasicTypeRegistry - Adding type registration calendar_time -> org.hibernate.type.BasicTypeReference@7a30e30b
25-08-15 12:43:42.972 [main] DEBUG o.hibernate.type.BasicTypeRegistry - Adding type registration instant -> org.hibernate.type.BasicTypeReference@1dcca426
25-08-15 12:43:42.972 [main] DEBUG o.hibernate.type.BasicTypeRegistry - Adding type registration java.time.Instant -> org.hibernate.type.BasicTypeReference@1dcca426
25-08-15 12:43:42.972 [main] DEBUG o.hibernate.type.BasicTypeRegistry - Adding type registration uuid -> org.hibernate.type.BasicTypeReference@e6e5da4
25-08-15 12:43:42.972 [main] DEBUG o.hibernate.type.BasicTypeRegistry - Adding type registration java.util.UUID -> org.hibernate.type.BasicTypeReference@e6e5da4
25-08-15 12:43:42.972 [main] DEBUG o.hibernate.type.BasicTypeRegistry - Adding type registration pg-uuid -> org.hibernate.type.BasicTypeReference@e6e5da4
25-08-15 12:43:42.972 [main] DEBUG o.hibernate.type.BasicTypeRegistry - Adding type registration uuid-binary -> org.hibernate.type.BasicTypeReference@720c8f80
25-08-15 12:43:42.973 [main] DEBUG o.hibernate.type.BasicTypeRegistry - Adding type registration uuid-char -> org.hibernate.type.BasicTypeReference@f591271
25-08-15 12:43:42.973 [main] DEBUG o.hibernate.type.BasicTypeRegistry - Adding type registration class -> org.hibernate.type.BasicTypeReference@77cc6a28
25-08-15 12:43:42.973 [main] DEBUG o.hibernate.type.BasicTypeRegistry - Adding type registration java.lang.Class -> org.hibernate.type.BasicTypeReference@77cc6a28
25-08-15 12:43:42.973 [main] DEBUG o.hibernate.type.BasicTypeRegistry - Adding type registration currency -> org.hibernate.type.BasicTypeReference@b339a08
25-08-15 12:43:42.973 [main] DEBUG o.hibernate.type.BasicTypeRegistry - Adding type registration Currency -> org.hibernate.type.BasicTypeReference@b339a08
25-08-15 12:43:42.973 [main] DEBUG o.hibernate.type.BasicTypeRegistry - Adding type registration java.util.Currency -> org.hibernate.type.BasicTypeReference@b339a08
25-08-15 12:43:42.973 [main] DEBUG o.hibernate.type.BasicTypeRegistry - Adding type registration locale -> org.hibernate.type.BasicTypeReference@1d556461
25-08-15 12:43:42.973 [main] DEBUG o.hibernate.type.BasicTypeRegistry - Adding type registration java.util.Locale -> org.hibernate.type.BasicTypeReference@1d556461
25-08-15 12:43:42.973 [main] DEBUG o.hibernate.type.BasicTypeRegistry - Adding type registration serializable -> org.hibernate.type.BasicTypeReference@5a583720
25-08-15 12:43:42.973 [main] DEBUG o.hibernate.type.BasicTypeRegistry - Adding type registration java.io.Serializable -> org.hibernate.type.BasicTypeReference@5a583720
25-08-15 12:43:42.973 [main] DEBUG o.hibernate.type.BasicTypeRegistry - Adding type registration timezone -> org.hibernate.type.BasicTypeReference@4ed19b69
25-08-15 12:43:42.973 [main] DEBUG o.hibernate.type.BasicTypeRegistry - Adding type registration java.util.TimeZone -> org.hibernate.type.BasicTypeReference@4ed19b69
25-08-15 12:43:42.973 [main] DEBUG o.hibernate.type.BasicTypeRegistry - Adding type registration ZoneOffset -> org.hibernate.type.BasicTypeReference@59a5bb61
25-08-15 12:43:42.973 [main] DEBUG o.hibernate.type.BasicTypeRegistry - Adding type registration java.time.ZoneOffset -> org.hibernate.type.BasicTypeReference@59a5bb61
25-08-15 12:43:42.973 [main] DEBUG o.hibernate.type.BasicTypeRegistry - Adding type registration url -> org.hibernate.type.BasicTypeReference@6f65aa58
25-08-15 12:43:42.973 [main] DEBUG o.hibernate.type.BasicTypeRegistry - Adding type registration java.net.URL -> org.hibernate.type.BasicTypeReference@6f65aa58
25-08-15 12:43:42.973 [main] DEBUG o.hibernate.type.BasicTypeRegistry - Adding type registration vector -> org.hibernate.type.BasicTypeReference@749f61a3
25-08-15 12:43:42.973 [main] DEBUG o.hibernate.type.BasicTypeRegistry - Adding type registration float_vector -> org.hibernate.type.BasicTypeReference@36d7a68a
25-08-15 12:43:42.973 [main] DEBUG o.hibernate.type.BasicTypeRegistry - Adding type registration double_vector -> org.hibernate.type.BasicTypeReference@42dd7d82
25-08-15 12:43:42.973 [main] DEBUG o.hibernate.type.BasicTypeRegistry - Adding type registration byte_vector -> org.hibernate.type.BasicTypeReference@2838eb
25-08-15 12:43:42.973 [main] DEBUG o.hibernate.type.BasicTypeRegistry - Adding type registration row_version -> org.hibernate.type.BasicTypeReference@fb5d334
25-08-15 12:43:42.977 [main] DEBUG o.hibernate.type.BasicTypeRegistry - Adding type registration object -> org.hibernate.type.JavaObjectType@78504ce9
25-08-15 12:43:42.977 [main] DEBUG o.hibernate.type.BasicTypeRegistry - Adding type registration java.lang.Object -> org.hibernate.type.JavaObjectType@78504ce9
25-08-15 12:43:42.978 [main] DEBUG o.hibernate.type.BasicTypeRegistry - Adding type registration null -> org.hibernate.type.NullType@d0fabc8
25-08-15 12:43:42.978 [main] DEBUG o.hibernate.type.BasicTypeRegistry - Adding type registration imm_date -> org.hibernate.type.BasicTypeReference@12d44a2a
25-08-15 12:43:42.978 [main] DEBUG o.hibernate.type.BasicTypeRegistry - Adding type registration imm_time -> org.hibernate.type.BasicTypeReference@1a66be41
25-08-15 12:43:42.978 [main] DEBUG o.hibernate.type.BasicTypeRegistry - Adding type registration imm_timestamp -> org.hibernate.type.BasicTypeReference@7f70e244
25-08-15 12:43:42.978 [main] DEBUG o.hibernate.type.BasicTypeRegistry - Adding type registration imm_calendar -> org.hibernate.type.BasicTypeReference@fd14789
25-08-15 12:43:42.978 [main] DEBUG o.hibernate.type.BasicTypeRegistry - Adding type registration imm_calendar_date -> org.hibernate.type.BasicTypeReference@3f64d943
25-08-15 12:43:42.978 [main] DEBUG o.hibernate.type.BasicTypeRegistry - Adding type registration imm_calendar_time -> org.hibernate.type.BasicTypeReference@105ffc58
25-08-15 12:43:42.978 [main] DEBUG o.hibernate.type.BasicTypeRegistry - Adding type registration imm_binary -> org.hibernate.type.BasicTypeReference@68454ed5
25-08-15 12:43:42.978 [main] DEBUG o.hibernate.type.BasicTypeRegistry - Adding type registration imm_serializable -> org.hibernate.type.BasicTypeReference@6d2db15b
25-08-15 12:43:42.984 [main] DEBUG o.h.b.internal.BootstrapContextImpl - Injecting JPA temp ClassLoader [org.springframework.instrument.classloading.SimpleThrowawayClassLoader@543da15] into BootstrapContext; was [null]
25-08-15 12:43:42.984 [main] DEBUG o.h.b.internal.ClassLoaderAccessImpl - ClassLoaderAccessImpl#injectTempClassLoader(org.springframework.instrument.classloading.SimpleThrowawayClassLoader@543da15) [was null]
25-08-15 12:43:42.984 [main] DEBUG o.h.b.internal.BootstrapContextImpl - Injecting ScanEnvironment [org.hibernate.jpa.boot.internal.StandardJpaScanEnvironmentImpl@210d3a42] into BootstrapContext; was [null]
25-08-15 12:43:42.985 [main] DEBUG o.h.b.internal.BootstrapContextImpl - Injecting ScanOptions [org.hibernate.boot.archive.scan.internal.StandardScanOptions@356f20b7] into BootstrapContext; was [org.hibernate.boot.archive.scan.internal.StandardScanOptions@6f4adaab]
25-08-15 12:43:43.003 [main] DEBUG o.h.j.b.i.PersistenceUnitInfoDescrip - Pushing class transformers for PU named 'default' on loading classloader jdk.internal.loader.ClassLoaders$AppClassLoader@5e481248
25-08-15 12:43:43.244 [main] INFO  o.s.o.j.p.SpringPersistenceUnitInfo - No LoadTimeWeaver setup: ignoring JPA class transformer
25-08-15 12:43:43.244 [main] DEBUG o.h.b.internal.BootstrapContextImpl - Injecting JPA temp ClassLoader [null] into BootstrapContext; was [org.springframework.instrument.classloading.SimpleThrowawayClassLoader@543da15]
25-08-15 12:43:43.244 [main] DEBUG o.h.b.internal.ClassLoaderAccessImpl - ClassLoaderAccessImpl#injectTempClassLoader(null) [was org.springframework.instrument.classloading.SimpleThrowawayClassLoader@543da15]
25-08-15 12:43:43.283 [main] DEBUG com.zaxxer.hikari.HikariConfig - HikariPool-1 - configuration:
25-08-15 12:43:43.284 [main] DEBUG com.zaxxer.hikari.HikariConfig - allowPoolSuspension.............false
25-08-15 12:43:43.284 [main] DEBUG com.zaxxer.hikari.HikariConfig - autoCommit......................true
25-08-15 12:43:43.284 [main] DEBUG com.zaxxer.hikari.HikariConfig - catalog.........................none
25-08-15 12:43:43.285 [main] DEBUG com.zaxxer.hikari.HikariConfig - connectionInitSql...............none
25-08-15 12:43:43.285 [main] DEBUG com.zaxxer.hikari.HikariConfig - connectionTestQuery.............none
25-08-15 12:43:43.285 [main] DEBUG com.zaxxer.hikari.HikariConfig - connectionTimeout...............30000
25-08-15 12:43:43.285 [main] DEBUG com.zaxxer.hikari.HikariConfig - credentials.....................com.zaxxer.hikari.util.Credentials@1eda309d
25-08-15 12:43:43.285 [main] DEBUG com.zaxxer.hikari.HikariConfig - dataSource......................none
25-08-15 12:43:43.285 [main] DEBUG com.zaxxer.hikari.HikariConfig - dataSourceClassName.............none
25-08-15 12:43:43.285 [main] DEBUG com.zaxxer.hikari.HikariConfig - dataSourceJNDI..................none
25-08-15 12:43:43.285 [main] DEBUG com.zaxxer.hikari.HikariConfig - dataSourceProperties............{password=<masked>}
25-08-15 12:43:43.285 [main] DEBUG com.zaxxer.hikari.HikariConfig - driverClassName................."org.h2.Driver"
25-08-15 12:43:43.285 [main] DEBUG com.zaxxer.hikari.HikariConfig - exceptionOverride...............none
25-08-15 12:43:43.285 [main] DEBUG com.zaxxer.hikari.HikariConfig - exceptionOverrideClassName......none
25-08-15 12:43:43.285 [main] DEBUG com.zaxxer.hikari.HikariConfig - healthCheckProperties...........{}
25-08-15 12:43:43.285 [main] DEBUG com.zaxxer.hikari.HikariConfig - healthCheckRegistry.............none
25-08-15 12:43:43.285 [main] DEBUG com.zaxxer.hikari.HikariConfig - idleTimeout.....................600000
25-08-15 12:43:43.286 [main] DEBUG com.zaxxer.hikari.HikariConfig - initializationFailTimeout.......1
25-08-15 12:43:43.286 [main] DEBUG com.zaxxer.hikari.HikariConfig - isolateInternalQueries..........false
25-08-15 12:43:43.286 [main] DEBUG com.zaxxer.hikari.HikariConfig - jdbcUrl.........................jdbc:h2:mem:discodeit;DB_CLOSE_DELAY=-1;DB_CLOSE_ON_EXIT=FALSE
25-08-15 12:43:43.286 [main] DEBUG com.zaxxer.hikari.HikariConfig - keepaliveTime...................120000
25-08-15 12:43:43.286 [main] DEBUG com.zaxxer.hikari.HikariConfig - leakDetectionThreshold..........0
25-08-15 12:43:43.286 [main] DEBUG com.zaxxer.hikari.HikariConfig - maxLifetime.....................1800000
25-08-15 12:43:43.286 [main] DEBUG com.zaxxer.hikari.HikariConfig - maximumPoolSize.................10
25-08-15 12:43:43.286 [main] DEBUG com.zaxxer.hikari.HikariConfig - metricRegistry..................none
25-08-15 12:43:43.286 [main] DEBUG com.zaxxer.hikari.HikariConfig - metricsTrackerFactory...........none
25-08-15 12:43:43.286 [main] DEBUG com.zaxxer.hikari.HikariConfig - minimumIdle.....................10
25-08-15 12:43:43.286 [main] DEBUG com.zaxxer.hikari.HikariConfig - password........................<masked>
25-08-15 12:43:43.286 [main] DEBUG com.zaxxer.hikari.HikariConfig - poolName........................"HikariPool-1"
25-08-15 12:43:43.286 [main] DEBUG com.zaxxer.hikari.HikariConfig - readOnly........................false
25-08-15 12:43:43.286 [main] DEBUG com.zaxxer.hikari.HikariConfig - registerMbeans..................false
25-08-15 12:43:43.286 [main] DEBUG com.zaxxer.hikari.HikariConfig - scheduledExecutor...............none
25-08-15 12:43:43.286 [main] DEBUG com.zaxxer.hikari.HikariConfig - schema..........................none
25-08-15 12:43:43.286 [main] DEBUG com.zaxxer.hikari.HikariConfig - threadFactory...................internal
25-08-15 12:43:43.286 [main] DEBUG com.zaxxer.hikari.HikariConfig - transactionIsolation............default
25-08-15 12:43:43.286 [main] DEBUG com.zaxxer.hikari.HikariConfig - username........................"sa"
25-08-15 12:43:43.286 [main] DEBUG com.zaxxer.hikari.HikariConfig - validationTimeout...............5000
25-08-15 12:43:43.286 [main] INFO  com.zaxxer.hikari.HikariDataSource - HikariPool-1 - Starting...
25-08-15 12:43:43.298 [main] DEBUG com.zaxxer.hikari.pool.PoolBase - HikariPool-1 - Attempting to create/setup new connection (8652f041-1d03-4b7a-b21c-d7a54f17c3ec)
25-08-15 12:43:43.546 [main] DEBUG com.zaxxer.hikari.pool.PoolBase - HikariPool-1 - Established new connection (8652f041-1d03-4b7a-b21c-d7a54f17c3ec)
25-08-15 12:43:43.547 [main] INFO  com.zaxxer.hikari.pool.HikariPool - HikariPool-1 - Added connection conn0: url=jdbc:h2:mem:discodeit user=SA
25-08-15 12:43:43.549 [main] INFO  com.zaxxer.hikari.HikariDataSource - HikariPool-1 - Start completed.
25-08-15 12:43:43.555 [main] DEBUG o.h.e.j.e.i.JdbcEnvironmentInitiator - Database ->
	   name : H2
	version : 2.3.232 (2024-08-11)
	  major : 2
	  minor : 3
25-08-15 12:43:43.556 [main] DEBUG o.h.e.j.e.i.JdbcEnvironmentInitiator - Driver ->
	   name : H2 JDBC Driver
	version : 2.3.232 (2024-08-11)
	  major : 2
	  minor : 3
25-08-15 12:43:43.556 [main] DEBUG o.h.e.j.e.i.JdbcEnvironmentInitiator - JDBC version : 4.3
25-08-15 12:43:43.576 [main] WARN  org.hibernate.orm.deprecation - HHH90000025: H2Dialect does not need to be specified explicitly using 'hibernate.dialect' (remove the property setting and it will be selected by default)
25-08-15 12:43:43.577 [main] DEBUG org.hibernate.orm.dialect - HHH035001: Using dialect: org.hibernate.dialect.H2Dialect, version: 2.3.232
25-08-15 12:43:43.581 [main] DEBUG o.h.e.j.e.s.IdentifierHelperBuilder - JDBC driver metadata reported database stores quoted identifiers in neither upper, lower nor mixed case
25-08-15 12:43:43.597 [main] INFO  o.hibernate.orm.connections.pooling - HHH10001005: Database info:
	Database JDBC URL [Connecting through datasource 'HikariDataSource (HikariPool-1)']
	Database driver: undefined/unknown
	Database version: 2.3.232
	Autocommit mode: undefined/unknown
	Isolation level: undefined/unknown
	Minimum pool size: undefined/unknown
	Maximum pool size: undefined/unknown
25-08-15 12:43:43.604 [main] DEBUG o.h.t.d.jdbc.spi.JdbcTypeRegistry - addDescriptor(NCharTypeDescriptor) replaced previous registration(CharTypeDescriptor)
25-08-15 12:43:43.604 [main] DEBUG o.h.t.d.jdbc.spi.JdbcTypeRegistry - addDescriptor(NVarcharTypeDescriptor) replaced previous registration(VarcharTypeDescriptor)
25-08-15 12:43:43.604 [main] DEBUG o.h.t.d.jdbc.spi.JdbcTypeRegistry - addDescriptor(LongNVarcharTypeDescriptor) replaced previous registration(LongVarcharTypeDescriptor)
25-08-15 12:43:43.606 [main] DEBUG o.h.t.d.jdbc.spi.JdbcTypeRegistry - addDescriptor(NClobTypeDescriptor(DEFAULT)) replaced previous registration(ClobTypeDescriptor(DEFAULT))
25-08-15 12:43:43.608 [main] DEBUG o.h.t.d.jdbc.spi.JdbcTypeRegistry - addDescriptor(TimestampUtcDescriptor) replaced previous registration(TimestampUtcDescriptor)
25-08-15 12:43:43.612 [main] DEBUG o.hibernate.type.BasicTypeRegistry - Adding type registration org.hibernate.type.DurationType -> basicType@1(java.time.Duration,3015)
25-08-15 12:43:43.612 [main] DEBUG o.hibernate.type.BasicTypeRegistry - Adding type registration Duration -> basicType@1(java.time.Duration,3015)
25-08-15 12:43:43.612 [main] DEBUG o.hibernate.type.BasicTypeRegistry - Adding type registration java.time.Duration -> basicType@1(java.time.Duration,3015)
25-08-15 12:43:43.616 [main] DEBUG o.h.type.spi.TypeConfiguration$Scope - Scoping TypeConfiguration [org.hibernate.type.spi.TypeConfiguration@38347345] to MetadataBuildingContext [org.hibernate.boot.internal.MetadataBuildingContextRootImpl@4b9b5da5]
25-08-15 12:43:43.655 [main] DEBUG o.h.boot.model.relational.Namespace - Created database namespace [logicalName=Name{catalog=null, schema=null}, physicalName=Name{catalog=null, schema=null}]
25-08-15 12:43:43.659 [HikariPool-1:housekeeper] DEBUG com.zaxxer.hikari.pool.HikariPool - HikariPool-1 - Pool stats (total=1/10, idle=1/10, active=0, waiting=0)
25-08-15 12:43:43.659 [HikariPool-1:connection-adder] DEBUG com.zaxxer.hikari.pool.PoolBase - HikariPool-1 - Attempting to create/setup new connection (fb1bcc2e-af3d-4862-a44f-c124dbe17d7f)
25-08-15 12:43:43.659 [main] DEBUG o.h.b.m.s.i.a.AnnotationMetadataSour - Skipping explicit MappedSuperclass com.codeit.discodeit.entity.base.BaseEntity, the class will be discovered analyzing the implementing class
25-08-15 12:43:43.659 [main] DEBUG o.h.b.m.s.i.a.AnnotationMetadataSour - Skipping explicit MappedSuperclass com.codeit.discodeit.entity.base.BaseUpdatableEntity, the class will be discovered analyzing the implementing class
25-08-15 12:43:43.660 [HikariPool-1:connection-adder] DEBUG com.zaxxer.hikari.pool.PoolBase - HikariPool-1 - Established new connection (fb1bcc2e-af3d-4862-a44f-c124dbe17d7f)
25-08-15 12:43:43.660 [HikariPool-1:connection-adder] DEBUG com.zaxxer.hikari.pool.HikariPool - HikariPool-1 - Added connection conn1: url=jdbc:h2:mem:discodeit user=SA
25-08-15 12:43:43.684 [main] DEBUG o.h.boot.model.internal.EntityBinder - Binding entity from annotated class: com.codeit.discodeit.entity.BinaryContent
25-08-15 12:43:43.691 [main] DEBUG o.h.boot.model.internal.EntityBinder - Import with entity name BinaryContent
25-08-15 12:43:43.697 [main] DEBUG o.h.boot.model.internal.EntityBinder - Bind entity com.codeit.discodeit.entity.BinaryContent on table binary_contents
25-08-15 12:43:43.704 [HikariPool-1:connection-adder] DEBUG com.zaxxer.hikari.pool.HikariPool - HikariPool-1 - After adding stats (total=2/10, idle=2/10, active=0, waiting=0)
25-08-15 12:43:43.704 [HikariPool-1:connection-adder] DEBUG com.zaxxer.hikari.pool.PoolBase - HikariPool-1 - Attempting to create/setup new connection (4ec14c03-39de-4413-a333-187b0bab851b)
25-08-15 12:43:43.705 [HikariPool-1:connection-adder] DEBUG com.zaxxer.hikari.pool.PoolBase - HikariPool-1 - Established new connection (4ec14c03-39de-4413-a333-187b0bab851b)
25-08-15 12:43:43.705 [HikariPool-1:connection-adder] DEBUG com.zaxxer.hikari.pool.HikariPool - HikariPool-1 - Added connection conn2: url=jdbc:h2:mem:discodeit user=SA
25-08-15 12:43:43.709 [main] DEBUG o.h.b.model.internal.AnnotatedColumn - Binding column: AnnotatedDiscriminatorColumn(column='DTYPE')
25-08-15 12:43:43.729 [main] DEBUG o.h.b.model.internal.AnnotatedColumn - Binding column: AnnotatedColumn(column='id')
25-08-15 12:43:43.730 [main] DEBUG o.h.b.internal.ClassLoaderAccessImpl - Not known whether passed class name [com.codeit.discodeit.entity.BinaryContent] is safe
25-08-15 12:43:43.731 [main] DEBUG o.h.b.internal.ClassLoaderAccessImpl - No temp ClassLoader provided; using live ClassLoader for loading potentially unsafe class : com.codeit.discodeit.entity.BinaryContent
25-08-15 12:43:43.739 [main] DEBUG o.h.b.model.internal.PropertyBinder - MetadataSourceProcessor property id with lazy=false
25-08-15 12:43:43.749 [HikariPool-1:connection-adder] DEBUG com.zaxxer.hikari.pool.HikariPool - HikariPool-1 - After adding stats (total=3/10, idle=3/10, active=0, waiting=0)
25-08-15 12:43:43.749 [HikariPool-1:connection-adder] DEBUG com.zaxxer.hikari.pool.PoolBase - HikariPool-1 - Attempting to create/setup new connection (d66ae2de-2187-41fb-ad83-c9c513a6d7c2)
25-08-15 12:43:43.749 [main] DEBUG o.h.b.m.i.AbstractPropertyHolder - Attempting to locate auto-apply AttributeConverter for property [com.codeit.discodeit.entity.BinaryContent:id]
25-08-15 12:43:43.750 [HikariPool-1:connection-adder] DEBUG com.zaxxer.hikari.pool.PoolBase - HikariPool-1 - Established new connection (d66ae2de-2187-41fb-ad83-c9c513a6d7c2)
25-08-15 12:43:43.750 [HikariPool-1:connection-adder] DEBUG com.zaxxer.hikari.pool.HikariPool - HikariPool-1 - Added connection conn3: url=jdbc:h2:mem:discodeit user=SA
25-08-15 12:43:43.762 [main] DEBUG o.h.b.m.internal.BasicValueBinder - building BasicValue for id
25-08-15 12:43:43.768 [main] DEBUG org.hibernate.mapping.BasicValue - Skipping column re-registration: binary_contents.id
25-08-15 12:43:43.769 [main] DEBUG o.h.b.model.internal.PropertyBinder - Building property id
25-08-15 12:43:43.784 [HikariPool-1:connection-adder] DEBUG com.zaxxer.hikari.pool.HikariPool - HikariPool-1 - After adding stats (total=4/10, idle=4/10, active=0, waiting=0)
25-08-15 12:43:43.784 [main] DEBUG o.h.b.model.internal.AnnotatedColumn - Binding column: AnnotatedColumn(column='createdAt')
25-08-15 12:43:43.784 [HikariPool-1:connection-adder] DEBUG com.zaxxer.hikari.pool.PoolBase - HikariPool-1 - Attempting to create/setup new connection (9bd32ad4-8fcc-4c47-98ac-72c12c1cd03f)
25-08-15 12:43:43.785 [main] DEBUG o.h.b.model.internal.PropertyBinder - MetadataSourceProcessor property createdAt with lazy=false
25-08-15 12:43:43.785 [main] DEBUG o.h.b.m.i.AbstractPropertyHolder - Attempting to locate auto-apply AttributeConverter for property [com.codeit.discodeit.entity.BinaryContent:createdAt]
25-08-15 12:43:43.785 [main] DEBUG o.h.b.m.internal.BasicValueBinder - building BasicValue for createdAt
25-08-15 12:43:43.785 [main] DEBUG org.hibernate.mapping.BasicValue - Skipping column re-registration: binary_contents.created_at
25-08-15 12:43:43.785 [main] DEBUG o.h.b.model.internal.PropertyBinder - Building property createdAt
25-08-15 12:43:43.786 [main] DEBUG o.h.b.model.internal.AnnotatedColumn - Binding column: AnnotatedColumn(column='contentType')
25-08-15 12:43:43.786 [main] DEBUG o.h.b.model.internal.PropertyBinder - MetadataSourceProcessor property contentType with lazy=false
25-08-15 12:43:43.786 [main] DEBUG o.h.b.m.i.AbstractPropertyHolder - Attempting to locate auto-apply AttributeConverter for property [com.codeit.discodeit.entity.BinaryContent:contentType]
25-08-15 12:43:43.786 [main] DEBUG o.h.b.m.internal.BasicValueBinder - building BasicValue for contentType
25-08-15 12:43:43.786 [HikariPool-1:connection-adder] DEBUG com.zaxxer.hikari.pool.PoolBase - HikariPool-1 - Established new connection (9bd32ad4-8fcc-4c47-98ac-72c12c1cd03f)
25-08-15 12:43:43.786 [main] DEBUG org.hibernate.mapping.BasicValue - Skipping column re-registration: binary_contents.content_type
25-08-15 12:43:43.786 [main] DEBUG o.h.b.model.internal.PropertyBinder - Building property contentType
25-08-15 12:43:43.786 [HikariPool-1:connection-adder] DEBUG com.zaxxer.hikari.pool.HikariPool - HikariPool-1 - Added connection conn4: url=jdbc:h2:mem:discodeit user=SA
25-08-15 12:43:43.786 [main] DEBUG o.h.b.model.internal.AnnotatedColumn - Binding column: AnnotatedColumn(column='fileName')
25-08-15 12:43:43.786 [main] DEBUG o.h.b.model.internal.PropertyBinder - MetadataSourceProcessor property fileName with lazy=false
25-08-15 12:43:43.787 [main] DEBUG o.h.b.m.i.AbstractPropertyHolder - Attempting to locate auto-apply AttributeConverter for property [com.codeit.discodeit.entity.BinaryContent:fileName]
25-08-15 12:43:43.787 [main] DEBUG o.h.b.m.internal.BasicValueBinder - building BasicValue for fileName
25-08-15 12:43:43.787 [main] DEBUG org.hibernate.mapping.BasicValue - Skipping column re-registration: binary_contents.file_name
25-08-15 12:43:43.787 [main] DEBUG o.h.b.model.internal.PropertyBinder - Building property fileName
25-08-15 12:43:43.787 [main] DEBUG o.h.b.model.internal.AnnotatedColumn - Binding column: AnnotatedColumn(column='size')
25-08-15 12:43:43.787 [main] DEBUG o.h.b.model.internal.PropertyBinder - MetadataSourceProcessor property size with lazy=false
25-08-15 12:43:43.787 [main] DEBUG o.h.b.m.i.AbstractPropertyHolder - Attempting to locate auto-apply AttributeConverter for property [com.codeit.discodeit.entity.BinaryContent:size]
25-08-15 12:43:43.787 [main] DEBUG o.h.b.m.internal.BasicValueBinder - building BasicValue for size
25-08-15 12:43:43.787 [main] DEBUG org.hibernate.mapping.BasicValue - Skipping column re-registration: binary_contents.size
25-08-15 12:43:43.787 [main] DEBUG o.h.b.model.internal.PropertyBinder - Building property size
25-08-15 12:43:43.789 [main] DEBUG o.h.b.r.c.i.ClassLoaderServiceImpl - HHH000194: Package not found or no package-info.java: com.codeit.discodeit.entity
25-08-15 12:43:43.798 [main] DEBUG o.h.j.e.i.CallbackDefinitionResolver - Adding touchForUpdate as PreUpdate callback for entity com.codeit.discodeit.entity.BinaryContent
25-08-15 12:43:43.798 [main] DEBUG o.h.j.e.i.CallbackDefinitionResolver - Adding touchForCreate as PrePersist callback for entity com.codeit.discodeit.entity.BinaryContent
25-08-15 12:43:43.799 [main] DEBUG o.h.boot.model.internal.EntityBinder - Binding entity from annotated class: com.codeit.discodeit.entity.Channel
25-08-15 12:43:43.800 [main] DEBUG o.h.boot.model.internal.EntityBinder - Import with entity name Channel
25-08-15 12:43:43.800 [main] DEBUG o.h.boot.model.internal.EntityBinder - Bind entity com.codeit.discodeit.entity.Channel on table channels
25-08-15 12:43:43.800 [main] DEBUG o.h.b.model.internal.AnnotatedColumn - Binding column: AnnotatedDiscriminatorColumn(column='DTYPE')
25-08-15 12:43:43.804 [main] DEBUG o.h.b.model.internal.AnnotatedColumn - Binding column: AnnotatedColumn(column='id')
25-08-15 12:43:43.804 [main] DEBUG o.h.b.internal.ClassLoaderAccessImpl - Not known whether passed class name [com.codeit.discodeit.entity.Channel] is safe
25-08-15 12:43:43.804 [main] DEBUG o.h.b.internal.ClassLoaderAccessImpl - No temp ClassLoader provided; using live ClassLoader for loading potentially unsafe class : com.codeit.discodeit.entity.Channel
25-08-15 12:43:43.804 [main] DEBUG o.h.b.model.internal.PropertyBinder - MetadataSourceProcessor property id with lazy=false
25-08-15 12:43:43.804 [main] DEBUG o.h.b.m.i.AbstractPropertyHolder - Attempting to locate auto-apply AttributeConverter for property [com.codeit.discodeit.entity.Channel:id]
25-08-15 12:43:43.804 [main] DEBUG o.h.b.m.internal.BasicValueBinder - building BasicValue for id
25-08-15 12:43:43.804 [main] DEBUG org.hibernate.mapping.BasicValue - Skipping column re-registration: channels.id
25-08-15 12:43:43.804 [main] DEBUG o.h.b.model.internal.PropertyBinder - Building property id
25-08-15 12:43:43.805 [main] DEBUG o.h.b.model.internal.AnnotatedColumn - Binding column: AnnotatedColumn(column='createdAt')
25-08-15 12:43:43.805 [main] DEBUG o.h.b.model.internal.PropertyBinder - MetadataSourceProcessor property createdAt with lazy=false
25-08-15 12:43:43.805 [main] DEBUG o.h.b.m.i.AbstractPropertyHolder - Attempting to locate auto-apply AttributeConverter for property [com.codeit.discodeit.entity.Channel:createdAt]
25-08-15 12:43:43.805 [main] DEBUG o.h.b.m.internal.BasicValueBinder - building BasicValue for createdAt
25-08-15 12:43:43.805 [main] DEBUG org.hibernate.mapping.BasicValue - Skipping column re-registration: channels.created_at
25-08-15 12:43:43.805 [main] DEBUG o.h.b.model.internal.PropertyBinder - Building property createdAt
25-08-15 12:43:43.805 [main] DEBUG o.h.b.model.internal.AnnotatedColumn - Binding column: AnnotatedColumn(column='updatedAt')
25-08-15 12:43:43.805 [main] DEBUG o.h.b.model.internal.PropertyBinder - MetadataSourceProcessor property updatedAt with lazy=false
25-08-15 12:43:43.805 [main] DEBUG o.h.b.m.i.AbstractPropertyHolder - Attempting to locate auto-apply AttributeConverter for property [com.codeit.discodeit.entity.Channel:updatedAt]
25-08-15 12:43:43.805 [main] DEBUG o.h.b.m.internal.BasicValueBinder - building BasicValue for updatedAt
25-08-15 12:43:43.805 [main] DEBUG org.hibernate.mapping.BasicValue - Skipping column re-registration: channels.updated_at
25-08-15 12:43:43.805 [main] DEBUG o.h.b.model.internal.PropertyBinder - Building property updatedAt
25-08-15 12:43:43.806 [main] DEBUG o.h.b.model.internal.AnnotatedColumn - Binding column: AnnotatedColumn(column='description')
25-08-15 12:43:43.806 [main] DEBUG o.h.b.model.internal.PropertyBinder - MetadataSourceProcessor property description with lazy=false
25-08-15 12:43:43.806 [main] DEBUG o.h.b.m.i.AbstractPropertyHolder - Attempting to locate auto-apply AttributeConverter for property [com.codeit.discodeit.entity.Channel:description]
25-08-15 12:43:43.806 [main] DEBUG o.h.b.m.internal.BasicValueBinder - building BasicValue for description
25-08-15 12:43:43.806 [main] DEBUG org.hibernate.mapping.BasicValue - Skipping column re-registration: channels.description
25-08-15 12:43:43.806 [main] DEBUG o.h.b.model.internal.PropertyBinder - Building property description
25-08-15 12:43:43.806 [main] DEBUG o.h.b.model.internal.AnnotatedColumn - Binding column: AnnotatedColumn(column='name')
25-08-15 12:43:43.806 [main] DEBUG o.h.b.model.internal.PropertyBinder - MetadataSourceProcessor property name with lazy=false
25-08-15 12:43:43.806 [main] DEBUG o.h.b.m.i.AbstractPropertyHolder - Attempting to locate auto-apply AttributeConverter for property [com.codeit.discodeit.entity.Channel:name]
25-08-15 12:43:43.806 [main] DEBUG o.h.b.m.internal.BasicValueBinder - building BasicValue for name
25-08-15 12:43:43.806 [main] DEBUG org.hibernate.mapping.BasicValue - Skipping column re-registration: channels.name
25-08-15 12:43:43.806 [main] DEBUG o.h.b.model.internal.PropertyBinder - Building property name
25-08-15 12:43:43.806 [main] DEBUG o.h.b.model.internal.AnnotatedColumn - Binding column: AnnotatedColumn(column='type')
25-08-15 12:43:43.807 [main] DEBUG o.h.b.model.internal.PropertyBinder - MetadataSourceProcessor property type with lazy=false
25-08-15 12:43:43.807 [main] DEBUG o.h.b.m.i.AbstractPropertyHolder - Attempting to locate auto-apply AttributeConverter for property [com.codeit.discodeit.entity.Channel:type]
25-08-15 12:43:43.807 [main] DEBUG o.h.b.m.internal.BasicValueBinder - building BasicValue for type
25-08-15 12:43:43.807 [main] DEBUG org.hibernate.mapping.BasicValue - Skipping column re-registration: channels.type
25-08-15 12:43:43.807 [main] DEBUG o.h.b.model.internal.PropertyBinder - Building property type
25-08-15 12:43:43.807 [main] DEBUG o.h.b.r.c.i.ClassLoaderServiceImpl - HHH000194: Package not found or no package-info.java: com.codeit.discodeit.entity
25-08-15 12:43:43.808 [main] DEBUG o.h.j.e.i.CallbackDefinitionResolver - Adding touchForUpdate as PreUpdate callback for entity com.codeit.discodeit.entity.Channel
25-08-15 12:43:43.808 [main] DEBUG o.h.j.e.i.CallbackDefinitionResolver - Adding touchForUpdate as PreUpdate callback for entity com.codeit.discodeit.entity.Channel
25-08-15 12:43:43.808 [main] DEBUG o.h.j.e.i.CallbackDefinitionResolver - Adding touchForCreate as PrePersist callback for entity com.codeit.discodeit.entity.Channel
25-08-15 12:43:43.808 [main] DEBUG o.h.j.e.i.CallbackDefinitionResolver - Adding touchForCreate as PrePersist callback for entity com.codeit.discodeit.entity.Channel
25-08-15 12:43:43.808 [main] DEBUG o.h.boot.model.internal.EntityBinder - Binding entity from annotated class: com.codeit.discodeit.entity.Message
25-08-15 12:43:43.809 [main] DEBUG o.h.boot.model.internal.EntityBinder - Import with entity name Message
25-08-15 12:43:43.809 [main] DEBUG o.h.boot.model.internal.EntityBinder - Bind entity com.codeit.discodeit.entity.Message on table messages
25-08-15 12:43:43.809 [main] DEBUG o.h.b.model.internal.AnnotatedColumn - Binding column: AnnotatedDiscriminatorColumn(column='DTYPE')
25-08-15 12:43:43.814 [main] DEBUG o.h.b.model.internal.AnnotatedColumn - Binding column: AnnotatedColumn(column='id')
25-08-15 12:43:43.815 [main] DEBUG o.h.b.internal.ClassLoaderAccessImpl - Not known whether passed class name [com.codeit.discodeit.entity.Message] is safe
25-08-15 12:43:43.815 [main] DEBUG o.h.b.internal.ClassLoaderAccessImpl - No temp ClassLoader provided; using live ClassLoader for loading potentially unsafe class : com.codeit.discodeit.entity.Message
25-08-15 12:43:43.815 [main] DEBUG o.h.b.model.internal.PropertyBinder - MetadataSourceProcessor property id with lazy=false
25-08-15 12:43:43.815 [main] DEBUG o.h.b.m.i.AbstractPropertyHolder - Attempting to locate auto-apply AttributeConverter for property [com.codeit.discodeit.entity.Message:id]
25-08-15 12:43:43.815 [main] DEBUG o.h.b.m.internal.BasicValueBinder - building BasicValue for id
25-08-15 12:43:43.815 [main] DEBUG org.hibernate.mapping.BasicValue - Skipping column re-registration: messages.id
25-08-15 12:43:43.815 [main] DEBUG o.h.b.model.internal.PropertyBinder - Building property id
25-08-15 12:43:43.815 [main] DEBUG o.h.b.model.internal.AnnotatedColumn - Binding column: AnnotatedColumn(column='createdAt')
25-08-15 12:43:43.815 [main] DEBUG o.h.b.model.internal.PropertyBinder - MetadataSourceProcessor property createdAt with lazy=false
25-08-15 12:43:43.815 [main] DEBUG o.h.b.m.i.AbstractPropertyHolder - Attempting to locate auto-apply AttributeConverter for property [com.codeit.discodeit.entity.Message:createdAt]
25-08-15 12:43:43.815 [main] DEBUG o.h.b.m.internal.BasicValueBinder - building BasicValue for createdAt
25-08-15 12:43:43.815 [main] DEBUG org.hibernate.mapping.BasicValue - Skipping column re-registration: messages.created_at
25-08-15 12:43:43.815 [main] DEBUG o.h.b.model.internal.PropertyBinder - Building property createdAt
25-08-15 12:43:43.816 [main] DEBUG o.h.b.model.internal.AnnotatedColumn - Binding column: AnnotatedColumn(column='updatedAt')
25-08-15 12:43:43.816 [main] DEBUG o.h.b.model.internal.PropertyBinder - MetadataSourceProcessor property updatedAt with lazy=false
25-08-15 12:43:43.816 [main] DEBUG o.h.b.m.i.AbstractPropertyHolder - Attempting to locate auto-apply AttributeConverter for property [com.codeit.discodeit.entity.Message:updatedAt]
25-08-15 12:43:43.816 [main] DEBUG o.h.b.m.internal.BasicValueBinder - building BasicValue for updatedAt
25-08-15 12:43:43.816 [main] DEBUG org.hibernate.mapping.BasicValue - Skipping column re-registration: messages.updated_at
25-08-15 12:43:43.816 [main] DEBUG o.h.b.model.internal.PropertyBinder - Building property updatedAt
25-08-15 12:43:43.818 [main] DEBUG o.h.b.model.internal.AnnotatedColumn - Binding column: AnnotatedJoinColumn(column='message_id')
25-08-15 12:43:43.820 [main] DEBUG o.h.b.model.internal.AnnotatedColumn - Binding column: AnnotatedColumn()
25-08-15 12:43:43.827 [HikariPool-1:connection-adder] DEBUG com.zaxxer.hikari.pool.HikariPool - HikariPool-1 - After adding stats (total=5/10, idle=5/10, active=0, waiting=0)
25-08-15 12:43:43.827 [HikariPool-1:connection-adder] DEBUG com.zaxxer.hikari.pool.PoolBase - HikariPool-1 - Attempting to create/setup new connection (c91a2399-5071-4d19-818d-d9fd02a9cdc6)
25-08-15 12:43:43.827 [HikariPool-1:connection-adder] DEBUG com.zaxxer.hikari.pool.PoolBase - HikariPool-1 - Established new connection (c91a2399-5071-4d19-818d-d9fd02a9cdc6)
25-08-15 12:43:43.827 [HikariPool-1:connection-adder] DEBUG com.zaxxer.hikari.pool.HikariPool - HikariPool-1 - Added connection conn5: url=jdbc:h2:mem:discodeit user=SA
25-08-15 12:43:43.836 [main] DEBUG o.h.b.model.internal.AnnotatedColumn - Binding column: IndexColumn(column='attachments_ORDER')
25-08-15 12:43:43.837 [main] DEBUG o.h.b.model.internal.AnnotatedColumn - Binding column: AnnotatedColumn()
25-08-15 12:43:43.838 [main] DEBUG o.h.b.model.internal.AnnotatedColumn - Binding column: AnnotatedColumn(column='attachments_KEY')
25-08-15 12:43:43.838 [main] DEBUG o.h.b.model.internal.AnnotatedColumn - Binding column: AnnotatedJoinColumn(column='attachments_KEY')
25-08-15 12:43:43.839 [main] DEBUG o.h.b.model.internal.AnnotatedColumn - Binding column: AnnotatedJoinColumn()
25-08-15 12:43:43.839 [main] DEBUG o.h.b.model.internal.AnnotatedColumn - Binding column: AnnotatedJoinColumn()
25-08-15 12:43:43.842 [main] DEBUG o.h.b.m.internal.CollectionBinder - Collection role: com.codeit.discodeit.entity.Message.attachments
25-08-15 12:43:43.844 [main] DEBUG o.h.b.model.internal.PropertyBinder - Building property attachments
25-08-15 12:43:43.845 [main] DEBUG o.h.b.model.internal.AnnotatedColumn - Binding column: AnnotatedJoinColumn(column='user_id')
25-08-15 12:43:43.845 [main] DEBUG o.h.b.model.internal.AnnotatedColumn - Binding column: AnnotatedColumn()
25-08-15 12:43:43.848 [main] DEBUG o.h.b.model.internal.PropertyBinder - Building property author
25-08-15 12:43:43.848 [main] DEBUG o.h.b.model.internal.AnnotatedColumn - Binding column: AnnotatedJoinColumn(column='channel_id')
25-08-15 12:43:43.848 [main] DEBUG o.h.b.model.internal.AnnotatedColumn - Binding column: AnnotatedColumn()
25-08-15 12:43:43.848 [main] DEBUG o.h.b.model.internal.PropertyBinder - Building property channel
25-08-15 12:43:43.849 [main] DEBUG o.h.b.model.internal.AnnotatedColumn - Binding column: AnnotatedColumn(column='content')
25-08-15 12:43:43.849 [main] DEBUG o.h.b.model.internal.PropertyBinder - MetadataSourceProcessor property content with lazy=false
25-08-15 12:43:43.849 [main] DEBUG o.h.b.m.i.AbstractPropertyHolder - Attempting to locate auto-apply AttributeConverter for property [com.codeit.discodeit.entity.Message:content]
25-08-15 12:43:43.849 [main] DEBUG o.h.b.m.internal.BasicValueBinder - building BasicValue for content
25-08-15 12:43:43.849 [main] DEBUG org.hibernate.mapping.BasicValue - Skipping column re-registration: messages.content
25-08-15 12:43:43.849 [main] DEBUG o.h.b.model.internal.PropertyBinder - Building property content
25-08-15 12:43:43.850 [main] DEBUG o.h.b.r.c.i.ClassLoaderServiceImpl - HHH000194: Package not found or no package-info.java: com.codeit.discodeit.entity
25-08-15 12:43:43.850 [main] DEBUG o.h.j.e.i.CallbackDefinitionResolver - Adding touchForUpdate as PreUpdate callback for entity com.codeit.discodeit.entity.Message
25-08-15 12:43:43.850 [main] DEBUG o.h.j.e.i.CallbackDefinitionResolver - Adding touchForUpdate as PreUpdate callback for entity com.codeit.discodeit.entity.Message
25-08-15 12:43:43.850 [main] DEBUG o.h.j.e.i.CallbackDefinitionResolver - Adding touchForCreate as PrePersist callback for entity com.codeit.discodeit.entity.Message
25-08-15 12:43:43.850 [main] DEBUG o.h.j.e.i.CallbackDefinitionResolver - Adding touchForCreate as PrePersist callback for entity com.codeit.discodeit.entity.Message
25-08-15 12:43:43.850 [main] DEBUG o.h.boot.model.internal.EntityBinder - Binding entity from annotated class: com.codeit.discodeit.entity.ReadStatus
25-08-15 12:43:43.851 [main] DEBUG o.h.boot.model.internal.EntityBinder - Import with entity name ReadStatus
25-08-15 12:43:43.851 [main] DEBUG o.h.boot.model.internal.EntityBinder - Bind entity com.codeit.discodeit.entity.ReadStatus on table read_statuses
25-08-15 12:43:43.851 [main] DEBUG o.h.b.model.internal.AnnotatedColumn - Binding column: AnnotatedDiscriminatorColumn(column='DTYPE')
25-08-15 12:43:43.852 [main] DEBUG o.h.b.model.internal.AnnotatedColumn - Binding column: AnnotatedColumn(column='id')
25-08-15 12:43:43.852 [main] DEBUG o.h.b.internal.ClassLoaderAccessImpl - Not known whether passed class name [com.codeit.discodeit.entity.ReadStatus] is safe
25-08-15 12:43:43.852 [main] DEBUG o.h.b.internal.ClassLoaderAccessImpl - No temp ClassLoader provided; using live ClassLoader for loading potentially unsafe class : com.codeit.discodeit.entity.ReadStatus
25-08-15 12:43:43.852 [main] DEBUG o.h.b.model.internal.PropertyBinder - MetadataSourceProcessor property id with lazy=false
25-08-15 12:43:43.852 [main] DEBUG o.h.b.m.i.AbstractPropertyHolder - Attempting to locate auto-apply AttributeConverter for property [com.codeit.discodeit.entity.ReadStatus:id]
25-08-15 12:43:43.852 [main] DEBUG o.h.b.m.internal.BasicValueBinder - building BasicValue for id
25-08-15 12:43:43.852 [main] DEBUG org.hibernate.mapping.BasicValue - Skipping column re-registration: read_statuses.id
25-08-15 12:43:43.852 [main] DEBUG o.h.b.model.internal.PropertyBinder - Building property id
25-08-15 12:43:43.853 [main] DEBUG o.h.b.model.internal.AnnotatedColumn - Binding column: AnnotatedColumn(column='createdAt')
25-08-15 12:43:43.853 [main] DEBUG o.h.b.model.internal.PropertyBinder - MetadataSourceProcessor property createdAt with lazy=false
25-08-15 12:43:43.853 [main] DEBUG o.h.b.m.i.AbstractPropertyHolder - Attempting to locate auto-apply AttributeConverter for property [com.codeit.discodeit.entity.ReadStatus:createdAt]
25-08-15 12:43:43.853 [main] DEBUG o.h.b.m.internal.BasicValueBinder - building BasicValue for createdAt
25-08-15 12:43:43.853 [main] DEBUG org.hibernate.mapping.BasicValue - Skipping column re-registration: read_statuses.created_at
25-08-15 12:43:43.853 [main] DEBUG o.h.b.model.internal.PropertyBinder - Building property createdAt
25-08-15 12:43:43.853 [main] DEBUG o.h.b.model.internal.AnnotatedColumn - Binding column: AnnotatedColumn(column='updatedAt')
25-08-15 12:43:43.853 [main] DEBUG o.h.b.model.internal.PropertyBinder - MetadataSourceProcessor property updatedAt with lazy=false
25-08-15 12:43:43.853 [main] DEBUG o.h.b.m.i.AbstractPropertyHolder - Attempting to locate auto-apply AttributeConverter for property [com.codeit.discodeit.entity.ReadStatus:updatedAt]
25-08-15 12:43:43.853 [main] DEBUG o.h.b.m.internal.BasicValueBinder - building BasicValue for updatedAt
25-08-15 12:43:43.853 [main] DEBUG org.hibernate.mapping.BasicValue - Skipping column re-registration: read_statuses.updated_at
25-08-15 12:43:43.853 [main] DEBUG o.h.b.model.internal.PropertyBinder - Building property updatedAt
25-08-15 12:43:43.853 [main] DEBUG o.h.b.model.internal.AnnotatedColumn - Binding column: AnnotatedJoinColumn(column='channel_id')
25-08-15 12:43:43.853 [main] DEBUG o.h.b.model.internal.AnnotatedColumn - Binding column: AnnotatedColumn()
25-08-15 12:43:43.854 [main] DEBUG o.h.b.model.internal.PropertyBinder - Building property channel
25-08-15 12:43:43.854 [main] DEBUG o.h.b.model.internal.AnnotatedColumn - Binding column: AnnotatedColumn(column='lastReadAt')
25-08-15 12:43:43.854 [main] DEBUG o.h.b.model.internal.PropertyBinder - MetadataSourceProcessor property lastReadAt with lazy=false
25-08-15 12:43:43.854 [main] DEBUG o.h.b.m.i.AbstractPropertyHolder - Attempting to locate auto-apply AttributeConverter for property [com.codeit.discodeit.entity.ReadStatus:lastReadAt]
25-08-15 12:43:43.854 [main] DEBUG o.h.b.m.internal.BasicValueBinder - building BasicValue for lastReadAt
25-08-15 12:43:43.854 [main] DEBUG org.hibernate.mapping.BasicValue - Skipping column re-registration: read_statuses.last_read_at
25-08-15 12:43:43.854 [main] DEBUG o.h.b.model.internal.PropertyBinder - Building property lastReadAt
25-08-15 12:43:43.854 [main] DEBUG o.h.b.model.internal.AnnotatedColumn - Binding column: AnnotatedJoinColumn(column='user_id')
25-08-15 12:43:43.855 [main] DEBUG o.h.b.model.internal.AnnotatedColumn - Binding column: AnnotatedColumn()
25-08-15 12:43:43.855 [main] DEBUG o.h.b.model.internal.PropertyBinder - Building property user
25-08-15 12:43:43.855 [main] DEBUG o.h.b.r.c.i.ClassLoaderServiceImpl - HHH000194: Package not found or no package-info.java: com.codeit.discodeit.entity
25-08-15 12:43:43.856 [main] DEBUG o.h.j.e.i.CallbackDefinitionResolver - Adding touchForUpdate as PreUpdate callback for entity com.codeit.discodeit.entity.ReadStatus
25-08-15 12:43:43.856 [main] DEBUG o.h.j.e.i.CallbackDefinitionResolver - Adding touchForUpdate as PreUpdate callback for entity com.codeit.discodeit.entity.ReadStatus
25-08-15 12:43:43.856 [main] DEBUG o.h.j.e.i.CallbackDefinitionResolver - Adding touchForCreate as PrePersist callback for entity com.codeit.discodeit.entity.ReadStatus
25-08-15 12:43:43.856 [main] DEBUG o.h.j.e.i.CallbackDefinitionResolver - Adding touchForCreate as PrePersist callback for entity com.codeit.discodeit.entity.ReadStatus
25-08-15 12:43:43.856 [main] DEBUG o.h.boot.model.internal.EntityBinder - Binding entity from annotated class: com.codeit.discodeit.entity.User
25-08-15 12:43:43.856 [main] DEBUG o.h.boot.model.internal.EntityBinder - Import with entity name User
25-08-15 12:43:43.856 [main] DEBUG o.h.boot.model.internal.EntityBinder - Bind entity com.codeit.discodeit.entity.User on table users
25-08-15 12:43:43.856 [main] DEBUG o.h.b.model.internal.AnnotatedColumn - Binding column: AnnotatedDiscriminatorColumn(column='DTYPE')
25-08-15 12:43:43.858 [main] DEBUG o.h.b.model.internal.AnnotatedColumn - Binding column: AnnotatedColumn(column='id')
25-08-15 12:43:43.858 [main] DEBUG o.h.b.internal.ClassLoaderAccessImpl - Not known whether passed class name [com.codeit.discodeit.entity.User] is safe
25-08-15 12:43:43.858 [main] DEBUG o.h.b.internal.ClassLoaderAccessImpl - No temp ClassLoader provided; using live ClassLoader for loading potentially unsafe class : com.codeit.discodeit.entity.User
25-08-15 12:43:43.858 [main] DEBUG o.h.b.model.internal.PropertyBinder - MetadataSourceProcessor property id with lazy=false
25-08-15 12:43:43.858 [main] DEBUG o.h.b.m.i.AbstractPropertyHolder - Attempting to locate auto-apply AttributeConverter for property [com.codeit.discodeit.entity.User:id]
25-08-15 12:43:43.858 [main] DEBUG o.h.b.m.internal.BasicValueBinder - building BasicValue for id
25-08-15 12:43:43.858 [main] DEBUG org.hibernate.mapping.BasicValue - Skipping column re-registration: users.id
25-08-15 12:43:43.858 [main] DEBUG o.h.b.model.internal.PropertyBinder - Building property id
25-08-15 12:43:43.859 [main] DEBUG o.h.b.model.internal.AnnotatedColumn - Binding column: AnnotatedColumn(column='createdAt')
25-08-15 12:43:43.859 [main] DEBUG o.h.b.model.internal.PropertyBinder - MetadataSourceProcessor property createdAt with lazy=false
25-08-15 12:43:43.859 [main] DEBUG o.h.b.m.i.AbstractPropertyHolder - Attempting to locate auto-apply AttributeConverter for property [com.codeit.discodeit.entity.User:createdAt]
25-08-15 12:43:43.859 [main] DEBUG o.h.b.m.internal.BasicValueBinder - building BasicValue for createdAt
25-08-15 12:43:43.859 [main] DEBUG org.hibernate.mapping.BasicValue - Skipping column re-registration: users.created_at
25-08-15 12:43:43.859 [main] DEBUG o.h.b.model.internal.PropertyBinder - Building property createdAt
25-08-15 12:43:43.859 [main] DEBUG o.h.b.model.internal.AnnotatedColumn - Binding column: AnnotatedColumn(column='updatedAt')
25-08-15 12:43:43.859 [main] DEBUG o.h.b.model.internal.PropertyBinder - MetadataSourceProcessor property updatedAt with lazy=false
25-08-15 12:43:43.859 [main] DEBUG o.h.b.m.i.AbstractPropertyHolder - Attempting to locate auto-apply AttributeConverter for property [com.codeit.discodeit.entity.User:updatedAt]
25-08-15 12:43:43.859 [main] DEBUG o.h.b.m.internal.BasicValueBinder - building BasicValue for updatedAt
25-08-15 12:43:43.859 [main] DEBUG org.hibernate.mapping.BasicValue - Skipping column re-registration: users.updated_at
25-08-15 12:43:43.859 [main] DEBUG o.h.b.model.internal.PropertyBinder - Building property updatedAt
25-08-15 12:43:43.859 [main] DEBUG o.h.b.model.internal.AnnotatedColumn - Binding column: AnnotatedColumn(column='email')
25-08-15 12:43:43.859 [main] DEBUG o.h.b.model.internal.PropertyBinder - MetadataSourceProcessor property email with lazy=false
25-08-15 12:43:43.859 [main] DEBUG o.h.b.m.i.AbstractPropertyHolder - Attempting to locate auto-apply AttributeConverter for property [com.codeit.discodeit.entity.User:email]
25-08-15 12:43:43.859 [main] DEBUG o.h.b.m.internal.BasicValueBinder - building BasicValue for email
25-08-15 12:43:43.859 [main] DEBUG org.hibernate.mapping.BasicValue - Skipping column re-registration: users.email
25-08-15 12:43:43.859 [main] DEBUG o.h.b.model.internal.PropertyBinder - Building property email
25-08-15 12:43:43.859 [main] DEBUG o.h.b.model.internal.AnnotatedColumn - Binding column: AnnotatedColumn(column='password')
25-08-15 12:43:43.859 [main] DEBUG o.h.b.model.internal.PropertyBinder - MetadataSourceProcessor property password with lazy=false
25-08-15 12:43:43.860 [main] DEBUG o.h.b.m.i.AbstractPropertyHolder - Attempting to locate auto-apply AttributeConverter for property [com.codeit.discodeit.entity.User:password]
25-08-15 12:43:43.860 [main] DEBUG o.h.b.m.internal.BasicValueBinder - building BasicValue for password
25-08-15 12:43:43.860 [main] DEBUG org.hibernate.mapping.BasicValue - Skipping column re-registration: users.password
25-08-15 12:43:43.860 [main] DEBUG o.h.b.model.internal.PropertyBinder - Building property password
25-08-15 12:43:43.860 [main] DEBUG o.h.b.model.internal.AnnotatedColumn - Binding column: AnnotatedJoinColumn(column='profile')
25-08-15 12:43:43.860 [main] DEBUG o.h.b.model.internal.AnnotatedColumn - Binding column: AnnotatedColumn()
25-08-15 12:43:43.861 [main] DEBUG o.h.b.model.internal.PropertyBinder - Building property profile
25-08-15 12:43:43.861 [main] DEBUG o.h.b.model.internal.AnnotatedColumn - Binding column: AnnotatedJoinColumn(column='user_id')
25-08-15 12:43:43.861 [main] DEBUG o.h.b.model.internal.AnnotatedColumn - Binding column: AnnotatedColumn()
25-08-15 12:43:43.862 [main] DEBUG o.h.b.model.internal.AnnotatedColumn - Binding column: AnnotatedColumn(column='username')
25-08-15 12:43:43.862 [main] DEBUG o.h.b.model.internal.PropertyBinder - MetadataSourceProcessor property username with lazy=false
25-08-15 12:43:43.862 [main] DEBUG o.h.b.m.i.AbstractPropertyHolder - Attempting to locate auto-apply AttributeConverter for property [com.codeit.discodeit.entity.User:username]
25-08-15 12:43:43.862 [main] DEBUG o.h.b.m.internal.BasicValueBinder - building BasicValue for username
25-08-15 12:43:43.862 [main] DEBUG org.hibernate.mapping.BasicValue - Skipping column re-registration: users.username
25-08-15 12:43:43.862 [main] DEBUG o.h.b.model.internal.PropertyBinder - Building property username
25-08-15 12:43:43.863 [main] DEBUG o.h.b.r.c.i.ClassLoaderServiceImpl - HHH000194: Package not found or no package-info.java: com.codeit.discodeit.entity
25-08-15 12:43:43.863 [main] DEBUG o.h.j.e.i.CallbackDefinitionResolver - Adding touchForUpdate as PreUpdate callback for entity com.codeit.discodeit.entity.User
25-08-15 12:43:43.863 [main] DEBUG o.h.j.e.i.CallbackDefinitionResolver - Adding touchForUpdate as PreUpdate callback for entity com.codeit.discodeit.entity.User
25-08-15 12:43:43.863 [main] DEBUG o.h.j.e.i.CallbackDefinitionResolver - Adding touchForCreate as PrePersist callback for entity com.codeit.discodeit.entity.User
25-08-15 12:43:43.863 [main] DEBUG o.h.j.e.i.CallbackDefinitionResolver - Adding touchForCreate as PrePersist callback for entity com.codeit.discodeit.entity.User
25-08-15 12:43:43.864 [main] DEBUG o.h.boot.model.internal.EntityBinder - Binding entity from annotated class: com.codeit.discodeit.entity.UserStatus
25-08-15 12:43:43.864 [main] DEBUG o.h.boot.model.internal.EntityBinder - Import with entity name UserStatus
25-08-15 12:43:43.864 [main] DEBUG o.h.boot.model.internal.EntityBinder - Bind entity com.codeit.discodeit.entity.UserStatus on table user_statuses
25-08-15 12:43:43.864 [main] DEBUG o.h.b.model.internal.AnnotatedColumn - Binding column: AnnotatedDiscriminatorColumn(column='DTYPE')
25-08-15 12:43:43.865 [main] DEBUG o.h.b.model.internal.AnnotatedColumn - Binding column: AnnotatedColumn(column='id')
25-08-15 12:43:43.865 [main] DEBUG o.h.b.internal.ClassLoaderAccessImpl - Not known whether passed class name [com.codeit.discodeit.entity.UserStatus] is safe
25-08-15 12:43:43.865 [main] DEBUG o.h.b.internal.ClassLoaderAccessImpl - No temp ClassLoader provided; using live ClassLoader for loading potentially unsafe class : com.codeit.discodeit.entity.UserStatus
25-08-15 12:43:43.865 [main] DEBUG o.h.b.model.internal.PropertyBinder - MetadataSourceProcessor property id with lazy=false
25-08-15 12:43:43.865 [main] DEBUG o.h.b.m.i.AbstractPropertyHolder - Attempting to locate auto-apply AttributeConverter for property [com.codeit.discodeit.entity.UserStatus:id]
25-08-15 12:43:43.865 [main] DEBUG o.h.b.m.internal.BasicValueBinder - building BasicValue for id
25-08-15 12:43:43.865 [main] DEBUG org.hibernate.mapping.BasicValue - Skipping column re-registration: user_statuses.id
25-08-15 12:43:43.865 [main] DEBUG o.h.b.model.internal.PropertyBinder - Building property id
25-08-15 12:43:43.865 [main] DEBUG o.h.b.model.internal.AnnotatedColumn - Binding column: AnnotatedColumn(column='createdAt')
25-08-15 12:43:43.865 [main] DEBUG o.h.b.model.internal.PropertyBinder - MetadataSourceProcessor property createdAt with lazy=false
25-08-15 12:43:43.865 [main] DEBUG o.h.b.m.i.AbstractPropertyHolder - Attempting to locate auto-apply AttributeConverter for property [com.codeit.discodeit.entity.UserStatus:createdAt]
25-08-15 12:43:43.865 [main] DEBUG o.h.b.m.internal.BasicValueBinder - building BasicValue for createdAt
25-08-15 12:43:43.865 [main] DEBUG org.hibernate.mapping.BasicValue - Skipping column re-registration: user_statuses.created_at
25-08-15 12:43:43.865 [main] DEBUG o.h.b.model.internal.PropertyBinder - Building property createdAt
25-08-15 12:43:43.865 [main] DEBUG o.h.b.model.internal.AnnotatedColumn - Binding column: AnnotatedColumn(column='updatedAt')
25-08-15 12:43:43.865 [main] DEBUG o.h.b.model.internal.PropertyBinder - MetadataSourceProcessor property updatedAt with lazy=false
25-08-15 12:43:43.865 [main] DEBUG o.h.b.m.i.AbstractPropertyHolder - Attempting to locate auto-apply AttributeConverter for property [com.codeit.discodeit.entity.UserStatus:updatedAt]
25-08-15 12:43:43.865 [main] DEBUG o.h.b.m.internal.BasicValueBinder - building BasicValue for updatedAt
25-08-15 12:43:43.866 [main] DEBUG org.hibernate.mapping.BasicValue - Skipping column re-registration: user_statuses.updated_at
25-08-15 12:43:43.866 [main] DEBUG o.h.b.model.internal.PropertyBinder - Building property updatedAt
25-08-15 12:43:43.866 [main] DEBUG o.h.b.model.internal.AnnotatedColumn - Binding column: AnnotatedColumn(column='lastActiveAt')
25-08-15 12:43:43.866 [main] DEBUG o.h.b.model.internal.PropertyBinder - MetadataSourceProcessor property lastActiveAt with lazy=false
25-08-15 12:43:43.866 [main] DEBUG o.h.b.m.i.AbstractPropertyHolder - Attempting to locate auto-apply AttributeConverter for property [com.codeit.discodeit.entity.UserStatus:lastActiveAt]
25-08-15 12:43:43.866 [main] DEBUG o.h.b.m.internal.BasicValueBinder - building BasicValue for lastActiveAt
25-08-15 12:43:43.866 [main] DEBUG org.hibernate.mapping.BasicValue - Skipping column re-registration: user_statuses.last_active_at
25-08-15 12:43:43.866 [main] DEBUG o.h.b.model.internal.PropertyBinder - Building property lastActiveAt
25-08-15 12:43:43.866 [main] DEBUG o.h.b.model.internal.AnnotatedColumn - Binding column: AnnotatedJoinColumn(column='user_id')
25-08-15 12:43:43.866 [main] DEBUG o.h.b.model.internal.AnnotatedColumn - Binding column: AnnotatedColumn()
25-08-15 12:43:43.866 [main] DEBUG o.h.b.model.internal.PropertyBinder - Building property user
25-08-15 12:43:43.866 [main] DEBUG o.h.b.r.c.i.ClassLoaderServiceImpl - HHH000194: Package not found or no package-info.java: com.codeit.discodeit.entity
25-08-15 12:43:43.867 [main] DEBUG o.h.j.e.i.CallbackDefinitionResolver - Adding touchForUpdate as PreUpdate callback for entity com.codeit.discodeit.entity.UserStatus
25-08-15 12:43:43.867 [main] DEBUG o.h.j.e.i.CallbackDefinitionResolver - Adding touchForUpdate as PreUpdate callback for entity com.codeit.discodeit.entity.UserStatus
25-08-15 12:43:43.867 [main] DEBUG o.h.j.e.i.CallbackDefinitionResolver - Adding touchForCreate as PrePersist callback for entity com.codeit.discodeit.entity.UserStatus
25-08-15 12:43:43.867 [main] DEBUG o.h.j.e.i.CallbackDefinitionResolver - Adding touchForCreate as PrePersist callback for entity com.codeit.discodeit.entity.UserStatus
25-08-15 12:43:43.868 [main] DEBUG o.h.b.m.internal.BasicValueBinder - Starting `BasicValueBinder#fillSimpleValue` for id
25-08-15 12:43:43.870 [main] DEBUG o.h.b.m.internal.BasicValueBinder - Starting `BasicValueBinder#fillSimpleValue` for createdAt
25-08-15 12:43:43.870 [main] DEBUG o.h.b.m.internal.BasicValueBinder - Starting `BasicValueBinder#fillSimpleValue` for contentType
25-08-15 12:43:43.870 [main] DEBUG o.h.b.m.internal.BasicValueBinder - Starting `BasicValueBinder#fillSimpleValue` for fileName
25-08-15 12:43:43.870 [main] DEBUG o.h.b.m.internal.BasicValueBinder - Starting `BasicValueBinder#fillSimpleValue` for size
25-08-15 12:43:43.870 [main] DEBUG o.h.b.m.internal.BasicValueBinder - Starting `BasicValueBinder#fillSimpleValue` for id
25-08-15 12:43:43.870 [main] DEBUG o.h.b.m.internal.BasicValueBinder - Starting `BasicValueBinder#fillSimpleValue` for createdAt
25-08-15 12:43:43.870 [main] DEBUG o.h.b.m.internal.BasicValueBinder - Starting `BasicValueBinder#fillSimpleValue` for updatedAt
25-08-15 12:43:43.870 [main] DEBUG o.h.b.m.internal.BasicValueBinder - Starting `BasicValueBinder#fillSimpleValue` for description
25-08-15 12:43:43.870 [main] DEBUG o.h.b.m.internal.BasicValueBinder - Starting `BasicValueBinder#fillSimpleValue` for name
25-08-15 12:43:43.870 [main] DEBUG o.h.b.m.internal.BasicValueBinder - Starting `BasicValueBinder#fillSimpleValue` for type
25-08-15 12:43:43.872 [HikariPool-1:connection-adder] DEBUG com.zaxxer.hikari.pool.HikariPool - HikariPool-1 - After adding stats (total=6/10, idle=6/10, active=0, waiting=0)
25-08-15 12:43:43.872 [main] DEBUG o.h.b.m.internal.BasicValueBinder - Starting `BasicValueBinder#fillSimpleValue` for id
25-08-15 12:43:43.872 [HikariPool-1:connection-adder] DEBUG com.zaxxer.hikari.pool.PoolBase - HikariPool-1 - Attempting to create/setup new connection (218bfeeb-c7c1-4544-af05-0366223b9421)
25-08-15 12:43:43.872 [main] DEBUG o.h.b.m.internal.BasicValueBinder - Starting `BasicValueBinder#fillSimpleValue` for createdAt
25-08-15 12:43:43.872 [main] DEBUG o.h.b.m.internal.BasicValueBinder - Starting `BasicValueBinder#fillSimpleValue` for updatedAt
25-08-15 12:43:43.872 [main] DEBUG o.h.b.m.internal.BasicValueBinder - Starting `BasicValueBinder#fillSimpleValue` for content
25-08-15 12:43:43.872 [main] DEBUG o.h.b.m.internal.BasicValueBinder - Starting `BasicValueBinder#fillSimpleValue` for id
25-08-15 12:43:43.872 [main] DEBUG o.h.b.m.internal.BasicValueBinder - Starting `BasicValueBinder#fillSimpleValue` for createdAt
25-08-15 12:43:43.873 [main] DEBUG o.h.b.m.internal.BasicValueBinder - Starting `BasicValueBinder#fillSimpleValue` for updatedAt
25-08-15 12:43:43.873 [main] DEBUG o.h.b.m.internal.BasicValueBinder - Starting `BasicValueBinder#fillSimpleValue` for lastReadAt
25-08-15 12:43:43.873 [main] DEBUG o.h.b.m.internal.BasicValueBinder - Starting `BasicValueBinder#fillSimpleValue` for id
25-08-15 12:43:43.873 [main] DEBUG o.h.b.m.internal.BasicValueBinder - Starting `BasicValueBinder#fillSimpleValue` for createdAt
25-08-15 12:43:43.873 [main] DEBUG o.h.b.m.internal.BasicValueBinder - Starting `BasicValueBinder#fillSimpleValue` for updatedAt
25-08-15 12:43:43.873 [main] DEBUG o.h.b.m.internal.BasicValueBinder - Starting `BasicValueBinder#fillSimpleValue` for email
25-08-15 12:43:43.873 [main] DEBUG o.h.b.m.internal.BasicValueBinder - Starting `BasicValueBinder#fillSimpleValue` for password
25-08-15 12:43:43.873 [main] DEBUG o.h.b.m.internal.BasicValueBinder - Starting `BasicValueBinder#fillSimpleValue` for username
25-08-15 12:43:43.873 [main] DEBUG o.h.b.m.internal.BasicValueBinder - Starting `BasicValueBinder#fillSimpleValue` for id
25-08-15 12:43:43.873 [main] DEBUG o.h.b.m.internal.BasicValueBinder - Starting `BasicValueBinder#fillSimpleValue` for createdAt
25-08-15 12:43:43.873 [main] DEBUG o.h.b.m.internal.BasicValueBinder - Starting `BasicValueBinder#fillSimpleValue` for updatedAt
25-08-15 12:43:43.873 [HikariPool-1:connection-adder] DEBUG com.zaxxer.hikari.pool.PoolBase - HikariPool-1 - Established new connection (218bfeeb-c7c1-4544-af05-0366223b9421)
25-08-15 12:43:43.873 [main] DEBUG o.h.b.m.internal.BasicValueBinder - Starting `BasicValueBinder#fillSimpleValue` for lastActiveAt
25-08-15 12:43:43.873 [HikariPool-1:connection-adder] DEBUG com.zaxxer.hikari.pool.HikariPool - HikariPool-1 - Added connection conn6: url=jdbc:h2:mem:discodeit user=SA
25-08-15 12:43:43.881 [main] DEBUG org.hibernate.mapping.PrimaryKey - Forcing column [id] to be non-null as it is part of the primary key for table [binary_contents]
25-08-15 12:43:43.881 [main] DEBUG org.hibernate.mapping.PrimaryKey - Forcing column [id] to be non-null as it is part of the primary key for table [channels]
25-08-15 12:43:43.881 [main] DEBUG org.hibernate.mapping.PrimaryKey - Forcing column [id] to be non-null as it is part of the primary key for table [messages]
25-08-15 12:43:43.881 [main] DEBUG org.hibernate.mapping.PrimaryKey - Forcing column [id] to be non-null as it is part of the primary key for table [read_statuses]
25-08-15 12:43:43.881 [main] DEBUG org.hibernate.mapping.PrimaryKey - Forcing column [id] to be non-null as it is part of the primary key for table [users]
25-08-15 12:43:43.881 [main] DEBUG org.hibernate.mapping.PrimaryKey - Forcing column [id] to be non-null as it is part of the primary key for table [user_statuses]
25-08-15 12:43:43.881 [main] DEBUG o.h.b.m.i.CollectionSecondPass - Second pass for collection: com.codeit.discodeit.entity.Message.attachments
25-08-15 12:43:43.881 [main] DEBUG o.h.b.m.internal.CollectionBinder - Binding a OneToMany: com.codeit.discodeit.entity.Message.attachments through a foreign key
25-08-15 12:43:43.883 [main] DEBUG o.h.b.m.internal.CollectionBinder - Mapping collection: com.codeit.discodeit.entity.Message.attachments -> binary_contents
25-08-15 12:43:43.884 [main] DEBUG o.h.b.m.i.CollectionSecondPass - Mapped collection key: message_id, one-to-many: com.codeit.discodeit.entity.BinaryContent
25-08-15 12:43:43.886 [main] DEBUG o.h.b.model.internal.PropertyBinder - Building property status
25-08-15 12:43:43.888 [main] DEBUG o.h.b.i.InFlightMetadataCollectorImp - Processing association property references
25-08-15 12:43:43.908 [main] DEBUG o.h.b.i.InFlightMetadataCollectorImp - Processing association property references
25-08-15 12:43:43.911 [main] DEBUG o.s.o.hibernate5.SpringBeanContainer - Falling back to Hibernate's default producer after bean creation failure for class org.hibernate.id.uuid.UuidGenerator: org.springframework.beans.factory.BeanCreationException: Error creating bean with name 'org.hibernate.id.uuid.UuidGenerator': Failed to instantiate [org.hibernate.id.uuid.UuidGenerator]: No default constructor found
25-08-15 12:43:43.912 [main] DEBUG o.s.o.hibernate5.SpringBeanContainer - Falling back to Hibernate's default producer after bean creation failure for class org.hibernate.id.uuid.UuidGenerator: org.springframework.beans.factory.BeanCreationException: Error creating bean with name 'org.hibernate.id.uuid.UuidGenerator': Failed to instantiate [org.hibernate.id.uuid.UuidGenerator]: No default constructor found
25-08-15 12:43:43.912 [main] DEBUG o.s.o.hibernate5.SpringBeanContainer - Falling back to Hibernate's default producer after bean creation failure for class org.hibernate.id.uuid.UuidGenerator: org.springframework.beans.factory.BeanCreationException: Error creating bean with name 'org.hibernate.id.uuid.UuidGenerator': Failed to instantiate [org.hibernate.id.uuid.UuidGenerator]: No default constructor found
25-08-15 12:43:43.912 [main] DEBUG o.s.o.hibernate5.SpringBeanContainer - Falling back to Hibernate's default producer after bean creation failure for class org.hibernate.id.uuid.UuidGenerator: org.springframework.beans.factory.BeanCreationException: Error creating bean with name 'org.hibernate.id.uuid.UuidGenerator': Failed to instantiate [org.hibernate.id.uuid.UuidGenerator]: No default constructor found
25-08-15 12:43:43.912 [main] DEBUG o.s.o.hibernate5.SpringBeanContainer - Falling back to Hibernate's default producer after bean creation failure for class org.hibernate.id.uuid.UuidGenerator: org.springframework.beans.factory.BeanCreationException: Error creating bean with name 'org.hibernate.id.uuid.UuidGenerator': Failed to instantiate [org.hibernate.id.uuid.UuidGenerator]: No default constructor found
25-08-15 12:43:43.912 [main] DEBUG o.s.o.hibernate5.SpringBeanContainer - Falling back to Hibernate's default producer after bean creation failure for class org.hibernate.id.uuid.UuidGenerator: org.springframework.beans.factory.BeanCreationException: Error creating bean with name 'org.hibernate.id.uuid.UuidGenerator': Failed to instantiate [org.hibernate.id.uuid.UuidGenerator]: No default constructor found
25-08-15 12:43:43.917 [HikariPool-1:connection-adder] DEBUG com.zaxxer.hikari.pool.HikariPool - HikariPool-1 - After adding stats (total=7/10, idle=7/10, active=0, waiting=0)
25-08-15 12:43:43.917 [HikariPool-1:connection-adder] DEBUG com.zaxxer.hikari.pool.PoolBase - HikariPool-1 - Attempting to create/setup new connection (8843e4d1-f738-4f6d-981f-b335645e297f)
25-08-15 12:43:43.918 [HikariPool-1:connection-adder] DEBUG com.zaxxer.hikari.pool.PoolBase - HikariPool-1 - Established new connection (8843e4d1-f738-4f6d-981f-b335645e297f)
25-08-15 12:43:43.918 [HikariPool-1:connection-adder] DEBUG com.zaxxer.hikari.pool.HikariPool - HikariPool-1 - Added connection conn7: url=jdbc:h2:mem:discodeit user=SA
25-08-15 12:43:43.950 [main] DEBUG o.h.internal.SessionFactoryImpl - Building session factory
25-08-15 12:43:43.962 [HikariPool-1:connection-adder] DEBUG com.zaxxer.hikari.pool.HikariPool - HikariPool-1 - After adding stats (total=8/10, idle=8/10, active=0, waiting=0)
25-08-15 12:43:43.962 [HikariPool-1:connection-adder] DEBUG com.zaxxer.hikari.pool.PoolBase - HikariPool-1 - Attempting to create/setup new connection (c4e34f44-e918-43d3-94da-15ad072d5780)
25-08-15 12:43:43.962 [HikariPool-1:connection-adder] DEBUG com.zaxxer.hikari.pool.PoolBase - HikariPool-1 - Established new connection (c4e34f44-e918-43d3-94da-15ad072d5780)
25-08-15 12:43:43.962 [HikariPool-1:connection-adder] DEBUG com.zaxxer.hikari.pool.HikariPool - HikariPool-1 - Added connection conn8: url=jdbc:h2:mem:discodeit user=SA
25-08-15 12:43:43.969 [main] DEBUG o.s.b.f.wiring.BeanConfigurerSupport - BeanFactory has not been set on BeanConfigurerSupport: Make sure this configurer runs in a Spring container. Unable to configure bean of type [org.springframework.data.jpa.domain.support.AuditingEntityListener]. Proceeding without injection.
25-08-15 12:43:43.994 [HikariPool-1:connection-adder] DEBUG com.zaxxer.hikari.pool.HikariPool - HikariPool-1 - After adding stats (total=9/10, idle=9/10, active=0, waiting=0)
25-08-15 12:43:43.994 [HikariPool-1:connection-adder] DEBUG com.zaxxer.hikari.pool.PoolBase - HikariPool-1 - Attempting to create/setup new connection (609d3e52-ea19-43fb-b987-7d7c80b0be82)
25-08-15 12:43:43.994 [HikariPool-1:connection-adder] DEBUG com.zaxxer.hikari.pool.PoolBase - HikariPool-1 - Established new connection (609d3e52-ea19-43fb-b987-7d7c80b0be82)
25-08-15 12:43:43.995 [HikariPool-1:connection-adder] DEBUG com.zaxxer.hikari.pool.HikariPool - HikariPool-1 - Added connection conn9: url=jdbc:h2:mem:discodeit user=SA
25-08-15 12:43:44.017 [main] DEBUG o.h.s.i.SessionFactoryServiceRegistr - EventListenerRegistry access via ServiceRegistry is deprecated.  Use `sessionFactory.getEventEngine().getListenerRegistry()` instead
25-08-15 12:43:44.017 [main] DEBUG o.h.internal.SessionFactoryImpl - Instantiating SessionFactory with settings: {hibernate.format_sql=true, java.specification.version=17, sun.cpu.isalist=amd64, hibernate.resource.beans.container=org.springframework.orm.hibernate5.SpringBeanContainer@7ac1161f, hibernate.connection.handling_mode=DELAYED_ACQUISITION_AND_HOLD, sun.jnu.encoding=MS949, hibernate.dialect=org.hibernate.dialect.H2Dialect, hibernate.implicit_naming_strategy=org.springframework.boot.orm.jpa.hibernate.SpringImplicitNamingStrategy, java.class.path=C:\Users\chaos\SpringProject\Discodeit\build\classes\java\main;C:\Users\chaos\SpringProject\Discodeit\build\resources\main;C:\Users\chaos\.gradle\caches\modules-2\files-2.1\org.projectlombok\lombok\1.18.38\57f8f5e02e92a30fd21b80cbd426a4172b5f8e29\lombok-1.18.38.jar;C:\Users\chaos\.gradle\caches\modules-2\files-2.1\org.mapstruct\mapstruct-processor\1.5.5.Final\897f6f115930b936287bef552bf5fe28cc64717d\mapstruct-processor-1.5.5.Final.jar;C:\Users\chaos\.gradle\caches\modules-2\files-2.1\org.springframework.boot\spring-boot-starter-web\3.5.3\4ba7817f958e9a0b0f642af98440affd0c7e2ee0\spring-boot-starter-web-3.5.3.jar;C:\Users\chaos\.gradle\caches\modules-2\files-2.1\org.springframework.boot\spring-boot-starter-thymeleaf\3.5.3\17304681e405e320c7eb77b980589d857296c22c\spring-boot-starter-thymeleaf-3.5.3.jar;C:\Users\chaos\.gradle\caches\modules-2\files-2.1\org.springdoc\springdoc-openapi-starter-webmvc-ui\2.8.9\a05427a327a1e2c986c29b83632924a29616b400\springdoc-openapi-starter-webmvc-ui-2.8.9.jar;C:\Users\chaos\.gradle\caches\modules-2\files-2.1\com.fasterxml.jackson.datatype\jackson-datatype-jsr310\2.19.1\e9df57105f3b0730040ad7f3a1b603684a3329f4\jackson-datatype-jsr310-2.19.1.jar;C:\Users\chaos\.gradle\caches\modules-2\files-2.1\io.jsonwebtoken\jjwt-api\0.11.5\f742940045619d06383e7df37b21ac422b476cf1\jjwt-api-0.11.5.jar;C:\Users\chaos\.gradle\caches\modules-2\files-2.1\org.mapstruct\mapstruct\1.5.5.Final\2ca3cbe39b6e9ea8d5ea521965a89bef2a1e8eeb\mapstruct-1.5.5.Final.jar;C:\Users\chaos\.gradle\caches\modules-2\files-2.1\org.springframework.boot\spring-boot-starter-data-jpa\3.5.3\8494346cf0bdb148ef29d5f41647b0cd6908ad7d\spring-boot-starter-data-jpa-3.5.3.jar;C:\Users\chaos\.gradle\caches\modules-2\files-2.1\com.h2database\h2\2.3.232\4fcc05d966ccdb2812ae8b9a718f69226c0cf4e2\h2-2.3.232.jar;C:\Users\chaos\.gradle\caches\modules-2\files-2.1\org.springframework.boot\spring-boot-starter-validation\3.5.3\aaa11ca06f6701717dd7f07666079285e1a566bb\spring-boot-starter-validation-3.5.3.jar;C:\Users\chaos\.gradle\caches\modules-2\files-2.1\org.springframework.boot\spring-boot-starter-actuator\3.5.3\981f7aa6c9a8244f88e41bd8564288657713c67d\spring-boot-starter-actuator-3.5.3.jar;C:\Users\chaos\.gradle\caches\modules-2\files-2.1\org.springframework.boot\spring-boot-starter-json\3.5.3\fe424c3edf444e65e3c3331a1538d31396225a3b\spring-boot-starter-json-3.5.3.jar;C:\Users\chaos\.gradle\caches\modules-2\files-2.1\org.springframework.boot\spring-boot-starter\3.5.3\b978e45d89b92eedaa09d0993bed91bcf00153d4\spring-boot-starter-3.5.3.jar;C:\Users\chaos\.gradle\caches\modules-2\files-2.1\org.springframework.boot\spring-boot-starter-tomcat\3.5.3\490bccd84af19bddcb955e722c8dcebc34cb2193\spring-boot-starter-tomcat-3.5.3.jar;C:\Users\chaos\.gradle\caches\modules-2\files-2.1\org.springframework\spring-webmvc\6.2.8\a98cbaba4b55b4fee2d752041130e2e0f7014b27\spring-webmvc-6.2.8.jar;C:\Users\chaos\.gradle\caches\modules-2\files-2.1\org.springframework\spring-web\6.2.8\7b6a4ffb12639779721bc5adbc7f5ba80db72ff9\spring-web-6.2.8.jar;C:\Users\chaos\.gradle\caches\modules-2\files-2.1\org.thymeleaf\thymeleaf-spring6\3.1.3.RELEASE\4b276ea2bd536a18e44b40ff1d9f4848965ff59c\thymeleaf-spring6-3.1.3.RELEASE.jar;C:\Users\chaos\.gradle\caches\modules-2\files-2.1\org.springdoc\springdoc-openapi-starter-webmvc-api\2.8.9\4fe6ba3d0eb14176a8ee44b62dcfe15d99c07d48\springdoc-openapi-starter-webmvc-api-2.8.9.jar;C:\Users\chaos\.gradle\caches\modules-2\files-2.1\org.webjars\swagger-ui\5.21.0\651ab92c05301ffd2a573667197f94b3968deb22\swagger-ui-5.21.0.jar;C:\Users\chaos\.gradle\caches\modules-2\files-2.1\org.webjars\webjars-locator-lite\1.1.0\4aaeaa0cdaabb6c72a98894f0faf41037a907115\webjars-locator-lite-1.1.0.jar;C:\Users\chaos\.gradle\caches\modules-2\files-2.1\com.fasterxml.jackson.core\jackson-databind\2.19.1\e8cb8e76faea3e0791165f5d3614fc45933b2ee0\jackson-databind-2.19.1.jar;C:\Users\chaos\.gradle\caches\modules-2\files-2.1\com.fasterxml.jackson.core\jackson-annotations\2.19.1\37e4f0c5dba684e00137defdb04ad9df95920c44\jackson-annotations-2.19.1.jar;C:\Users\chaos\.gradle\caches\modules-2\files-2.1\com.fasterxml.jackson.core\jackson-core\2.19.1\6e5a8cb8a6cada322497cefb7726657d98aaee15\jackson-core-2.19.1.jar;C:\Users\chaos\.gradle\caches\modules-2\files-2.1\org.springframework.boot\spring-boot-starter-jdbc\3.5.3\427ff2d6cc12a5e503b1be8508db08f0c05098c0\spring-boot-starter-jdbc-3.5.3.jar;C:\Users\chaos\.gradle\caches\modules-2\files-2.1\org.hibernate.orm\hibernate-core\6.6.18.Final\c3d150af4c341a7b07c75a8905bfbba895e73fbc\hibernate-core-6.6.18.Final.jar;C:\Users\chaos\.gradle\caches\modules-2\files-2.1\org.springframework.data\spring-data-jpa\3.5.1\7d34c2d8c8bcd96f5ce3f012c2a88d682a86e14b\spring-data-jpa-3.5.1.jar;C:\Users\chaos\.gradle\caches\modules-2\files-2.1\org.springframework\spring-aspects\6.2.8\30cd83452beef146187bee60a824fe3ae7197d85\spring-aspects-6.2.8.jar;C:\Users\chaos\.gradle\caches\modules-2\files-2.1\org.apache.tomcat.embed\tomcat-embed-el\10.1.42\a82416ce2960c50ee8150c9229e058b826e070a8\tomcat-embed-el-10.1.42.jar;C:\Users\chaos\.gradle\caches\modules-2\files-2.1\org.hibernate.validator\hibernate-validator\8.0.2.Final\220e64815dd87535525331de20570017f899eb13\hibernate-validator-8.0.2.Final.jar;C:\Users\chaos\.gradle\caches\modules-2\files-2.1\org.springframework.boot\spring-boot-actuator-autoconfigure\3.5.3\599370a392f858694a2ce3bcf2c29dac818760a6\spring-boot-actuator-autoconfigure-3.5.3.jar;C:\Users\chaos\.gradle\caches\modules-2\files-2.1\io.micrometer\micrometer-jakarta9\1.15.1\767dc009dd6c41cc574013ebb006cddfe98e88e6\micrometer-jakarta9-1.15.1.jar;C:\Users\chaos\.gradle\caches\modules-2\files-2.1\io.micrometer\micrometer-observation\1.15.1\3d0a62a46350707984e3600297cc8e08c4722399\micrometer-observation-1.15.1.jar;C:\Users\chaos\.gradle\caches\modules-2\files-2.1\com.fasterxml.jackson.datatype\jackson-datatype-jdk8\2.19.1\eabbc99d0e146b1a7085fddd02568faf1d3b4ab1\jackson-datatype-jdk8-2.19.1.jar;C:\Users\chaos\.gradle\caches\modules-2\files-2.1\com.fasterxml.jackson.module\jackson-module-parameter-names\2.19.1\133a9dc4ff2413035dc7ca8a9aa6a1da3667ddfb\jackson-module-parameter-names-2.19.1.jar;C:\Users\chaos\.gradle\caches\modules-2\files-2.1\org.springframework.boot\spring-boot-autoconfigure\3.5.3\b03483a9d3c480d064c8380e2d78ea3593ca6cb8\spring-boot-autoconfigure-3.5.3.jar;C:\Users\chaos\.gradle\caches\modules-2\files-2.1\org.springframework.boot\spring-boot\3.5.3\1b02976773afc2489df3c22000acaf83d0ada2b2\spring-boot-3.5.3.jar;C:\Users\chaos\.gradle\caches\modules-2\files-2.1\org.springframework.boot\spring-boot-starter-logging\3.5.3\7013c1aff95fd599eb291fe34924c59d1ea88c5b\spring-boot-starter-logging-3.5.3.jar;C:\Users\chaos\.gradle\caches\modules-2\files-2.1\jakarta.annotation\jakarta.annotation-api\2.1.1\48b9bda22b091b1f48b13af03fe36db3be6e1ae3\jakarta.annotation-api-2.1.1.jar;C:\Users\chaos\.gradle\caches\modules-2\files-2.1\org.springframework\spring-core\6.2.8\2caf1cef93252f5ef2b7f334b8b4d61f3aecad15\spring-core-6.2.8.jar;C:\Users\chaos\.gradle\caches\modules-2\files-2.1\org.yaml\snakeyaml\2.4\e0666b825b796f85521f02360e77f4c92c5a7a07\snakeyaml-2.4.jar;C:\Users\chaos\.gradle\caches\modules-2\files-2.1\org.apache.tomcat.embed\tomcat-embed-websocket\10.1.42\e47e420583a372feaece0dc9b8a9a63c4bfcd093\tomcat-embed-websocket-10.1.42.jar;C:\Users\chaos\.gradle\caches\modules-2\files-2.1\org.apache.tomcat.embed\tomcat-embed-core\10.1.42\8906a203edef16fa6013635925bf9f5d1dbe5639\tomcat-embed-core-10.1.42.jar;C:\Users\chaos\.gradle\caches\modules-2\files-2.1\org.springframework\spring-context\6.2.8\9db99fe5f92f587e8f2b26b34a7f42260169925a\spring-context-6.2.8.jar;C:\Users\chaos\.gradle\caches\modules-2\files-2.1\org.springframework\spring-aop\6.2.8\435fb310d5f464050b91ac3cb1a7f217a471e62e\spring-aop-6.2.8.jar;C:\Users\chaos\.gradle\caches\modules-2\files-2.1\org.springframework\spring-beans\6.2.8\9da1e690f343c30b6ed6eabd5f60ecc5dd0b225a\spring-beans-6.2.8.jar;C:\Users\chaos\.gradle\caches\modules-2\files-2.1\org.springframework\spring-expression\6.2.8\19e6618120fab6a572880675e1c0af676c7aa4ac\spring-expression-6.2.8.jar;C:\Users\chaos\.gradle\caches\modules-2\files-2.1\org.thymeleaf\thymeleaf\3.1.3.RELEASE\51474f2a90b282ee97dabcd159c7faf24790f373\thymeleaf-3.1.3.RELEASE.jar;C:\Users\chaos\.gradle\caches\modules-2\files-2.1\org.slf4j\slf4j-api\2.0.17\d9e58ac9c7779ba3bf8142aff6c830617a7fe60f\slf4j-api-2.0.17.jar;C:\Users\chaos\.gradle\caches\modules-2\files-2.1\org.springdoc\springdoc-openapi-starter-common\2.8.9\94e3d4794436f351d79ccde672153c70d346ab0e\springdoc-openapi-starter-common-2.8.9.jar;C:\Users\chaos\.gradle\caches\modules-2\files-2.1\org.jspecify\jspecify\1.0.0\7425a601c1c7ec76645a78d22b8c6a627edee507\jspecify-1.0.0.jar;C:\Users\chaos\.gradle\caches\modules-2\files-2.1\org.springframework\spring-jdbc\6.2.8\2927be130aa08d6513804a048eb6065ab5c51a1d\spring-jdbc-6.2.8.jar;C:\Users\chaos\.gradle\caches\modules-2\files-2.1\com.zaxxer\HikariCP\6.3.0\bebd113244c9d9926c6b792f28110ed6380cacc2\HikariCP-6.3.0.jar;C:\Users\chaos\.gradle\caches\modules-2\files-2.1\jakarta.persistence\jakarta.persistence-api\3.1.0\66901fa1c373c6aff65c13791cc11da72060a8d6\jakarta.persistence-api-3.1.0.jar;C:\Users\chaos\.gradle\caches\modules-2\files-2.1\jakarta.transaction\jakarta.transaction-api\2.0.1\51a520e3fae406abb84e2e1148e6746ce3f80a1a\jakarta.transaction-api-2.0.1.jar;C:\Users\chaos\.gradle\caches\modules-2\files-2.1\org.springframework\spring-orm\6.2.8\3bfe2a04c09ad1d7738b16e6e4636a7255be3af8\spring-orm-6.2.8.jar;C:\Users\chaos\.gradle\caches\modules-2\files-2.1\org.springframework.data\spring-data-commons\3.5.1\90bd3f9edcc3b98e0d49657f3f2152e933b42ae8\spring-data-commons-3.5.1.jar;C:\Users\chaos\.gradle\caches\modules-2\files-2.1\org.springframework\spring-tx\6.2.8\6b2eecf34f0810dd989f7e7bfa8fd8c86fe28dfb\spring-tx-6.2.8.jar;C:\Users\chaos\.gradle\caches\modules-2\files-2.1\org.antlr\antlr4-runtime\4.13.0\5a02e48521624faaf5ff4d99afc88b01686af655\antlr4-runtime-4.13.0.jar;C:\Users\chaos\.gradle\caches\modules-2\files-2.1\org.aspectj\aspectjweaver\1.9.24\9b5aeb0cea9f958b9c57fb80e62996e95a3e9379\aspectjweaver-1.9.24.jar;C:\Users\chaos\.gradle\caches\modules-2\files-2.1\jakarta.validation\jakarta.validation-api\3.0.2\92b6631659ba35ca09e44874d3eb936edfeee532\jakarta.validation-api-3.0.2.jar;C:\Users\chaos\.gradle\caches\modules-2\files-2.1\org.jboss.logging\jboss-logging\3.6.1.Final\886afbb445b4016a37c8960a7aef6ebd769ce7e5\jboss-logging-3.6.1.Final.jar;C:\Users\chaos\.gradle\caches\modules-2\files-2.1\com.fasterxml\classmate\1.7.0\e98374da1f2143ac8e6e0a95036994bb19137a3\classmate-1.7.0.jar;C:\Users\chaos\.gradle\caches\modules-2\files-2.1\org.springframework.boot\spring-boot-actuator\3.5.3\84a318d937ebf3d4f56639d712deb2054a78d74\spring-boot-actuator-3.5.3.jar;C:\Users\chaos\.gradle\caches\modules-2\files-2.1\io.micrometer\micrometer-core\1.15.1\52959bd15d21f9a9dd55ac59f0149b16c6d5a06e\micrometer-core-1.15.1.jar;C:\Users\chaos\.gradle\caches\modules-2\files-2.1\io.micrometer\micrometer-commons\1.15.1\43cbe2327f4e3f5cbfda6be64418c66b9b62f4ec\micrometer-commons-1.15.1.jar;C:\Users\chaos\.gradle\caches\modules-2\files-2.1\ch.qos.logback\logback-classic\1.5.18\fc371f3fc97a639de2d67947cffb7518ec5e3d40\logback-classic-1.5.18.jar;C:\Users\chaos\.gradle\caches\modules-2\files-2.1\org.apache.logging.log4j\log4j-to-slf4j\2.24.3\da1143e2a2531ee1c2d90baa98eb50a28a39d5a7\log4j-to-slf4j-2.24.3.jar;C:\Users\chaos\.gradle\caches\modules-2\files-2.1\org.slf4j\jul-to-slf4j\2.0.17\524cb6ccc2b68a57604750e1ab8b13b5a786a6aa\jul-to-slf4j-2.0.17.jar;C:\Users\chaos\.gradle\caches\modules-2\files-2.1\org.springframework\spring-jcl\6.2.8\b806d8d270a8eebaca56f6b4dae8f627460b0d4e\spring-jcl-6.2.8.jar;C:\Users\chaos\.gradle\caches\modules-2\files-2.1\org.attoparser\attoparser\2.0.7.RELEASE\e5d0e988d9124139d645bb5872b24dfa23e283cc\attoparser-2.0.7.RELEASE.jar;C:\Users\chaos\.gradle\caches\modules-2\files-2.1\org.unbescape\unbescape\1.1.6.RELEASE\7b90360afb2b860e09e8347112800d12c12b2a13\unbescape-1.1.6.RELEASE.jar;C:\Users\chaos\.gradle\caches\modules-2\files-2.1\io.swagger.core.v3\swagger-core-jakarta\2.2.30\b55ef7df3f564d571106dcef586d935bb8989981\swagger-core-jakarta-2.2.30.jar;C:\Users\chaos\.gradle\caches\modules-2\files-2.1\ch.qos.logback\logback-core\1.5.18\6c0375624f6f36b4e089e2488ba21334a11ef13f\logback-core-1.5.18.jar;C:\Users\chaos\.gradle\caches\modules-2\files-2.1\org.apache.logging.log4j\log4j-api\2.24.3\b02c125db8b6d295adf72ae6e71af5d83bce2370\log4j-api-2.24.3.jar;C:\Users\chaos\.gradle\caches\modules-2\files-2.1\com.fasterxml.jackson.dataformat\jackson-dataformat-yaml\2.19.1\7227825f12607a539d213d227a7c126cb76ad9d3\jackson-dataformat-yaml-2.19.1.jar;C:\Users\chaos\.gradle\caches\modules-2\files-2.1\io.swagger.core.v3\swagger-models-jakarta\2.2.30\cf01975f119e044da46093668c78aab46d346324\swagger-models-jakarta-2.2.30.jar;C:\Users\chaos\.gradle\caches\modules-2\files-2.1\org.apache.commons\commons-lang3\3.17.0\b17d2136f0460dcc0d2016ceefca8723bdf4ee70\commons-lang3-3.17.0.jar;C:\Users\chaos\.gradle\caches\modules-2\files-2.1\io.swagger.core.v3\swagger-annotations-jakarta\2.2.30\b5d67e564431741eefaf21e4f977f12aefbc5f81\swagger-annotations-jakarta-2.2.30.jar;C:\Users\chaos\.gradle\caches\modules-2\files-2.1\jakarta.xml.bind\jakarta.xml.bind-api\4.0.2\6cd5a999b834b63238005b7144136379dc36cad2\jakarta.xml.bind-api-4.0.2.jar;C:\Users\chaos\.gradle\caches\modules-2\files-2.1\jakarta.activation\jakarta.activation-api\2.1.3\fa165bd70cda600368eee31555222776a46b881f\jakarta.activation-api-2.1.3.jar;C:\Users\chaos\.gradle\caches\modules-2\files-2.1\io.jsonwebtoken\jjwt-jackson\0.11.5\3b83a06809e98a69402d7333dcf67df6f6ea4579\jjwt-jackson-0.11.5.jar;C:\Users\chaos\.gradle\caches\modules-2\files-2.1\io.jsonwebtoken\jjwt-impl\0.11.5\40a599f0e8a8e4e0701596fbb15e67bfda64fdf0\jjwt-impl-0.11.5.jar;C:\Users\chaos\.gradle\caches\modules-2\files-2.1\org.postgresql\postgresql\42.7.7\67f8093e8d8104c74bbf588392ac3229803f5d17\postgresql-42.7.7.jar;C:\Users\chaos\.gradle\caches\modules-2\files-2.1\org.checkerframework\checker-qual\3.49.3\119a4df4ba2e6a432b23989a785f81be38a56849\checker-qual-3.49.3.jar;C:\Users\chaos\.gradle\caches\modules-2\files-2.1\org.hibernate.common\hibernate-commons-annotations\7.0.3.Final\e183c4be8bb41d12e9f19b374e00c34a0a85f439\hibernate-commons-annotations-7.0.3.Final.jar;C:\Users\chaos\.gradle\caches\modules-2\files-2.1\io.smallrye\jandex\3.2.0\f17ad860f62a08487b9edabde608f8ac55c62fa7\jandex-3.2.0.jar;C:\Users\chaos\.gradle\caches\modules-2\files-2.1\net.bytebuddy\byte-buddy\1.17.6\8c70cbc6950b2ae5291a98d5003e06406d633803\byte-buddy-1.17.6.jar;C:\Users\chaos\.gradle\caches\modules-2\files-2.1\org.glassfish.jaxb\jaxb-runtime\4.0.5\ca84c2a7169b5293e232b9d00d1e4e36d4c3914a\jaxb-runtime-4.0.5.jar;C:\Users\chaos\.gradle\caches\modules-2\files-2.1\jakarta.inject\jakarta.inject-api\2.0.1\4c28afe1991a941d7702fe1362c365f0a8641d1e\jakarta.inject-api-2.0.1.jar;C:\Users\chaos\.gradle\caches\modules-2\files-2.1\org.hdrhistogram\HdrHistogram\2.2.2\7959933ebcc0f05b2eaa5af0a0c8689fa257b15c\HdrHistogram-2.2.2.jar;C:\Users\chaos\.gradle\caches\modules-2\files-2.1\org.latencyutils\LatencyUtils\2.0.3\769c0b82cb2421c8256300e907298a9410a2a3d3\LatencyUtils-2.0.3.jar;C:\Users\chaos\.gradle\caches\modules-2\files-2.1\org.glassfish.jaxb\jaxb-core\4.0.5\7b4b11ea5542eea4ad55e1080b23be436795b3\jaxb-core-4.0.5.jar;C:\Users\chaos\.gradle\caches\modules-2\files-2.1\org.eclipse.angus\angus-activation\2.0.2\41f1e0ddd157c856926ed149ab837d110955a9fc\angus-activation-2.0.2.jar;C:\Users\chaos\.gradle\caches\modules-2\files-2.1\org.glassfish.jaxb\txw2\4.0.5\f36a4ef12120a9bb06d766d6a0e54b144fd7ed98\txw2-4.0.5.jar;C:\Users\chaos\.gradle\caches\modules-2\files-2.1\com.sun.istack\istack-commons-runtime\4.1.2\18ec117c85f3ba0ac65409136afa8e42bc74e739\istack-commons-runtime-4.1.2.jar, java.vm.vendor=Amazon.com Inc., sun.arch.data.model=64, user.variant=, java.vendor.url=https://aws.amazon.com/corretto/, catalina.useNaming=false, user.timezone=Asia/Seoul, jakarta.persistence.sharedCache.mode=UNSPECIFIED, org.jboss.logging.provider=slf4j, java.vm.specification.version=17, os.name=Windows 10, jakarta.persistence.nonJtaDataSource=HikariDataSource (HikariPool-1), sun.java.launcher=SUN_STANDARD, user.country=KR, sun.boot.library.path=C:\Users\chaos\.jdks\corretto-17.0.15\bin, sun.java.command=com.codeit.discodeit.DiscodeitApplication, spring.application.admin.enabled=true, javax.persistence.nonJtaDataSource=HikariDataSource (HikariPool-1), hibernate.transaction.jta.platform=org.hibernate.engine.transaction.jta.platform.internal.NoJtaPlatform@4f5bfbca, com.sun.management.jmxremote=, jdk.debug=release, spring.liveBeansView.mbeanDomain=, sun.cpu.endian=little, hibernate.cdi.extensions=true, user.home=C:\Users\chaos, user.language=ko, java.specification.vendor=Oracle Corporation, java.version.date=2025-04-15, java.home=C:\Users\chaos\.jdks\corretto-17.0.15, file.separator=\, spring.output.ansi.enabled=always, java.vm.compressedOopsMode=Zero based, line.separator=
, hibernate.persistenceUnitName=default, java.vm.specification.vendor=Oracle Corporation, java.specification.name=Java Platform API Specification, FILE_LOG_CHARSET=UTF-8, hibernate.transaction.coordinator_class=class org.hibernate.resource.transaction.backend.jdbc.internal.JdbcResourceLocalTransactionCoordinatorBuilderImpl, java.awt.headless=true, jakarta.persistence.validation.mode=AUTO, hibernate.hbm2ddl.auto=create-drop, user.script=, sun.management.compiler=HotSpot 64-Bit Tiered Compilers, java.runtime.version=17.0.15+6-LTS, user.name=chaos, spring.jmx.enabled=true, path.separator=;, management.endpoints.jmx.exposure.include=*, os.version=10.0, java.runtime.name=OpenJDK Runtime Environment, file.encoding=UTF-8, java.vm.name=OpenJDK 64-Bit Server VM, hibernate.show_sql=true, java.vendor.version=Corretto-17.0.15.6.1, java.vendor.url.bug=https://github.com/corretto/corretto-17/issues/, java.io.tmpdir=C:\Users\chaos\AppData\Local\Temp\, catalina.home=C:\Users\chaos\AppData\Local\Temp\tomcat.8080.1435284287236803434, java.version=17.0.15, hibernate.physical_naming_strategy=org.hibernate.boot.model.naming.CamelCaseToUnderscoresNamingStrategy, user.dir=C:\Users\chaos\SpringProject\Discodeit, os.arch=amd64, java.vm.specification.name=Java Virtual Machine Specification, PID=38792, sun.os.patch.level=, CONSOLE_LOG_CHARSET=UTF-8, catalina.base=C:\Users\chaos\AppData\Local\Temp\tomcat.8080.1435284287236803434, hibernate.boot.CfgXmlAccessService.key=org.hibernate.boot.registry.StandardServiceRegistryBuilder$1@552b15f6, native.encoding=MS949, java.library.path=C:\Users\chaos\.jdks\corretto-17.0.15\bin;C:\WINDOWS\Sun\Java\bin;C:\WINDOWS\system32;C:\WINDOWS;C:\Program Files\Common Files\Oracle\Java\javapath;C:\Program Files (x86)\Common Files\Oracle\Java\java8path;C:\Program Files (x86)\Common Files\Oracle\Java\javapath;C:\WINDOWS\system32;C:\WINDOWS;C:\WINDOWS\System32\Wbem;C:\WINDOWS\System32\WindowsPowerShell\v1.0\;C:\WINDOWS\System32\OpenSSH\;C:\Program Files (x86)\Windows Kits\10\Windows Performance Toolkit\;C:\Program Files\Bandizip\;C:\Program Files (x86)\NVIDIA Corporation\PhysX\Common;C:\Program Files\NVIDIA Corporation\NVIDIA NvDLISR;C:\Program Files\nodejs\;C:\Program Files\Git\cmd;C:\gradle\gradle-8.4\bin;C:\Program Files\PostgreSQL\17\bin;C:\Program Files\PostgreSQL\17\bin;C:\Users\chaos\AppData\Local\Programs\Python\Launcher\;C:\Users\chaos\AppData\Local\Microsoft\WindowsApps;;C:\Users\chaos\AppData\Local\afreeca;C:\Users\chaos\AppData\Roaming\npm;C:\Users\chaos\AppData\Local\SOOP;C:\Program Files\JetBrains\IntelliJ IDEA 2025.1.1.1\bin;;C:\Program Files\JetBrains\DataGrip 2025.1.3\bin;;., java.vendor=Amazon.com Inc., java.vm.info=mixed mode, emulated-client, sharing, java.vm.version=17.0.15+6-LTS, java.specification.maintenance.version=1, java.rmi.server.randomIDs=true, sun.io.unicode.encoding=UnicodeLittle, hibernate.archive.scanner=org.hibernate.boot.archive.scan.internal.DisabledScanner, hibernate.connection.datasource=HikariDataSource (HikariPool-1), java.class.version=61.0}
25-08-15 12:43:44.022 [main] DEBUG o.h.internal.SessionFactoryImpl - Session factory constructed with filter configurations : {}
25-08-15 12:43:44.026 [main] DEBUG o.h.v.i.x.config.ValidationXmlParser - Trying to load META-INF/validation.xml for XML based Validator configuration.
25-08-15 12:43:44.026 [main] DEBUG o.h.v.i.x.c.ResourceLoaderHelper - Trying to load META-INF/validation.xml via TCCL
25-08-15 12:43:44.026 [main] DEBUG o.h.v.i.x.c.ResourceLoaderHelper - Trying to load META-INF/validation.xml via Hibernate Validator's class loader
25-08-15 12:43:44.026 [main] DEBUG o.h.v.i.x.config.ValidationXmlParser - No META-INF/validation.xml found. Using annotation based configuration only.
25-08-15 12:43:44.027 [main] DEBUG o.h.v.i.e.r.TraversableResolvers - Found jakarta.persistence.Persistence on classpath containing 'getPersistenceUtil'. Assuming JPA 2 environment. Trying to instantiate JPA aware TraversableResolver
25-08-15 12:43:44.027 [main] DEBUG o.h.v.i.e.r.TraversableResolvers - Instantiated JPA aware TraversableResolver of type org.hibernate.validator.internal.engine.resolver.JPATraversableResolver.
25-08-15 12:43:44.027 [main] DEBUG o.h.v.m.ResourceBundleMessageInterpo - Loaded expression factory via original TCCL
25-08-15 12:43:44.028 [main] DEBUG o.h.v.i.e.ValidatorFactoryConfigurat - HV000252: Using org.hibernate.validator.internal.engine.DefaultPropertyNodeNameProvider as property node name provider.
25-08-15 12:43:44.028 [main] DEBUG o.h.v.i.e.ValidatorFactoryConfigurat - HV000234: Using org.hibernate.validator.messageinterpolation.ResourceBundleMessageInterpolator as ValidatorFactory-scoped message interpolator.
25-08-15 12:43:44.028 [main] DEBUG o.h.v.i.e.ValidatorFactoryConfigurat - HV000234: Using org.hibernate.validator.internal.engine.resolver.JPATraversableResolver as ValidatorFactory-scoped traversable resolver.
25-08-15 12:43:44.029 [main] DEBUG o.h.v.i.e.ValidatorFactoryConfigurat - HV000234: Using org.hibernate.validator.internal.util.ExecutableParameterNameProvider as ValidatorFactory-scoped parameter name provider.
25-08-15 12:43:44.029 [main] DEBUG o.h.v.i.e.ValidatorFactoryConfigurat - HV000234: Using org.hibernate.validator.internal.engine.DefaultClockProvider as ValidatorFactory-scoped clock provider.
25-08-15 12:43:44.029 [main] DEBUG o.h.v.i.e.ValidatorFactoryConfigurat - HV000234: Using org.hibernate.validator.internal.engine.scripting.DefaultScriptEvaluatorFactory as ValidatorFactory-scoped script evaluator factory.
25-08-15 12:43:44.030 [main] DEBUG o.h.b.internal.ClassLoaderAccessImpl - Not known whether passed class name [com.codeit.discodeit.entity.BinaryContent] is safe
25-08-15 12:43:44.030 [main] DEBUG o.h.b.internal.ClassLoaderAccessImpl - No temp ClassLoader provided; using live ClassLoader for loading potentially unsafe class : com.codeit.discodeit.entity.BinaryContent
25-08-15 12:43:44.037 [HikariPool-1:connection-adder] DEBUG com.zaxxer.hikari.pool.HikariPool - HikariPool-1 - After adding stats (total=10/10, idle=10/10, active=0, waiting=0)
25-08-15 12:43:44.053 [main] DEBUG o.h.b.internal.ClassLoaderAccessImpl - Not known whether passed class name [com.codeit.discodeit.entity.UserStatus] is safe
25-08-15 12:43:44.053 [main] DEBUG o.h.b.internal.ClassLoaderAccessImpl - No temp ClassLoader provided; using live ClassLoader for loading potentially unsafe class : com.codeit.discodeit.entity.UserStatus
25-08-15 12:43:44.055 [main] DEBUG o.h.b.internal.ClassLoaderAccessImpl - Not known whether passed class name [com.codeit.discodeit.entity.ReadStatus] is safe
25-08-15 12:43:44.055 [main] DEBUG o.h.b.internal.ClassLoaderAccessImpl - No temp ClassLoader provided; using live ClassLoader for loading potentially unsafe class : com.codeit.discodeit.entity.ReadStatus
25-08-15 12:43:44.057 [main] DEBUG o.h.b.internal.ClassLoaderAccessImpl - Not known whether passed class name [com.codeit.discodeit.entity.Channel] is safe
25-08-15 12:43:44.057 [main] DEBUG o.h.b.internal.ClassLoaderAccessImpl - No temp ClassLoader provided; using live ClassLoader for loading potentially unsafe class : com.codeit.discodeit.entity.Channel
25-08-15 12:43:44.059 [main] DEBUG o.h.b.internal.ClassLoaderAccessImpl - Not known whether passed class name [com.codeit.discodeit.entity.Message] is safe
25-08-15 12:43:44.059 [main] DEBUG o.h.b.internal.ClassLoaderAccessImpl - No temp ClassLoader provided; using live ClassLoader for loading potentially unsafe class : com.codeit.discodeit.entity.Message
25-08-15 12:43:44.061 [main] DEBUG o.h.b.internal.ClassLoaderAccessImpl - Not known whether passed class name [com.codeit.discodeit.entity.User] is safe
25-08-15 12:43:44.061 [main] DEBUG o.h.b.internal.ClassLoaderAccessImpl - No temp ClassLoader provided; using live ClassLoader for loading potentially unsafe class : com.codeit.discodeit.entity.User
25-08-15 12:43:44.063 [main] DEBUG o.h.s.i.SessionFactoryServiceRegistr - EventListenerRegistry access via ServiceRegistry is deprecated.  Use `sessionFactory.getEventEngine().getListenerRegistry()` instead
25-08-15 12:43:44.108 [main] DEBUG o.h.q.s.function.SqmFunctionRegistry - Registered SqmFunctionTemplate [NamedSqmFunctionTemplate(max)] under max; prior registration was null
25-08-15 12:43:44.108 [main] DEBUG o.h.q.s.function.SqmFunctionRegistry - Registered SqmFunctionTemplate [NamedSqmFunctionTemplate(min)] under min; prior registration was null
25-08-15 12:43:44.109 [main] DEBUG o.h.q.s.function.SqmFunctionRegistry - Registered SqmFunctionTemplate [NamedSqmFunctionTemplate(sum)] under sum; prior registration was null
25-08-15 12:43:44.109 [main] DEBUG o.h.q.s.function.SqmFunctionRegistry - Registered SqmFunctionTemplate [NamedSqmFunctionTemplate(avg)] under avg; prior registration was null
25-08-15 12:43:44.111 [main] DEBUG o.h.q.s.function.SqmFunctionRegistry - Registered SqmFunctionTemplate [org.hibernate.dialect.function.CountFunction@1771d6a5] under count; prior registration was null
25-08-15 12:43:44.111 [main] DEBUG o.h.q.s.function.SqmFunctionRegistry - Registered SqmFunctionTemplate [org.hibernate.dialect.function.EveryAnyEmulation@2053b761] under every; prior registration was null
25-08-15 12:43:44.112 [main] DEBUG o.h.q.s.function.SqmFunctionRegistry - Registered SqmFunctionTemplate [org.hibernate.dialect.function.EveryAnyEmulation@34588991] under any; prior registration was null
25-08-15 12:43:44.112 [main] DEBUG o.h.q.s.function.SqmFunctionRegistry - Registered SqmFunctionTemplate [NamedSqmFunctionTemplate(floor)] under floor; prior registration was null
25-08-15 12:43:44.112 [main] DEBUG o.h.q.s.function.SqmFunctionRegistry - Registered SqmFunctionTemplate [NamedSqmFunctionTemplate(ceiling)] under ceiling; prior registration was null
25-08-15 12:43:44.112 [main] DEBUG o.h.q.s.function.SqmFunctionRegistry - Registered SqmFunctionTemplate [NamedSqmFunctionTemplate(mod)] under mod; prior registration was null
25-08-15 12:43:44.112 [main] DEBUG o.h.q.s.function.SqmFunctionRegistry - Registered SqmFunctionTemplate [NamedSqmFunctionTemplate(abs)] under abs; prior registration was null
25-08-15 12:43:44.112 [main] DEBUG o.h.q.s.function.SqmFunctionRegistry - Registered SqmFunctionTemplate [NamedSqmFunctionTemplate(sign)] under sign; prior registration was null
25-08-15 12:43:44.112 [main] DEBUG o.h.q.s.function.SqmFunctionRegistry - Registered SqmFunctionTemplate [NamedSqmFunctionTemplate(sqrt)] under sqrt; prior registration was null
25-08-15 12:43:44.112 [main] DEBUG o.h.q.s.function.SqmFunctionRegistry - Registered SqmFunctionTemplate [NamedSqmFunctionTemplate(ln)] under ln; prior registration was null
25-08-15 12:43:44.112 [main] DEBUG o.h.q.s.function.SqmFunctionRegistry - Registered SqmFunctionTemplate [NamedSqmFunctionTemplate(exp)] under exp; prior registration was null
25-08-15 12:43:44.112 [main] DEBUG o.h.q.s.function.SqmFunctionRegistry - Registered SqmFunctionTemplate [NamedSqmFunctionTemplate(power)] under power; prior registration was null
25-08-15 12:43:44.113 [main] DEBUG o.h.q.s.function.SqmFunctionRegistry - Registered SqmFunctionTemplate [NamedSqmFunctionTemplate(round)] under round; prior registration was null
25-08-15 12:43:44.113 [main] DEBUG o.h.q.s.function.SqmFunctionRegistry - Registered SqmFunctionTemplate [NamedSqmFunctionTemplate(sin)] under sin; prior registration was null
25-08-15 12:43:44.113 [main] DEBUG o.h.q.s.function.SqmFunctionRegistry - Registered SqmFunctionTemplate [NamedSqmFunctionTemplate(cos)] under cos; prior registration was null
25-08-15 12:43:44.113 [main] DEBUG o.h.q.s.function.SqmFunctionRegistry - Registered SqmFunctionTemplate [NamedSqmFunctionTemplate(tan)] under tan; prior registration was null
25-08-15 12:43:44.113 [main] DEBUG o.h.q.s.function.SqmFunctionRegistry - Registered SqmFunctionTemplate [NamedSqmFunctionTemplate(asin)] under asin; prior registration was null
25-08-15 12:43:44.113 [main] DEBUG o.h.q.s.function.SqmFunctionRegistry - Registered SqmFunctionTemplate [NamedSqmFunctionTemplate(acos)] under acos; prior registration was null
25-08-15 12:43:44.113 [main] DEBUG o.h.q.s.function.SqmFunctionRegistry - Registered SqmFunctionTemplate [NamedSqmFunctionTemplate(atan)] under atan; prior registration was null
25-08-15 12:43:44.113 [main] DEBUG o.h.q.s.function.SqmFunctionRegistry - Registered SqmFunctionTemplate [NamedSqmFunctionTemplate(atan2)] under atan2; prior registration was null
25-08-15 12:43:44.114 [main] DEBUG o.h.q.s.function.SqmFunctionRegistry - Registered SqmFunctionTemplate [org.hibernate.query.sqm.function.PatternBasedSqmFunctionDescriptor@2eb9c7ad] under sinh; prior registration was null
25-08-15 12:43:44.114 [main] DEBUG o.h.q.s.function.SqmFunctionRegistry - Registered SqmFunctionTemplate [org.hibernate.query.sqm.function.PatternBasedSqmFunctionDescriptor@4529048e] under cosh; prior registration was null
25-08-15 12:43:44.114 [main] DEBUG o.h.q.s.function.SqmFunctionRegistry - Registered SqmFunctionTemplate [org.hibernate.query.sqm.function.PatternBasedSqmFunctionDescriptor@6addfa22] under tanh; prior registration was null
25-08-15 12:43:44.114 [main] DEBUG o.h.q.s.function.SqmFunctionRegistry - Registered SqmFunctionTemplate [org.hibernate.query.sqm.function.PatternBasedSqmFunctionDescriptor@74b521c] under pi; prior registration was null
25-08-15 12:43:44.114 [main] DEBUG o.h.q.s.function.SqmFunctionRegistry - Registered SqmFunctionTemplate [org.hibernate.query.sqm.function.PatternBasedSqmFunctionDescriptor@672f69f7] under log; prior registration was null
25-08-15 12:43:44.114 [main] DEBUG o.h.q.s.function.SqmFunctionRegistry - Registered SqmFunctionTemplate [NamedSqmFunctionTemplate(coalesce)] under coalesce; prior registration was null
25-08-15 12:43:44.114 [main] DEBUG o.h.q.s.function.SqmFunctionRegistry - Registered SqmFunctionTemplate [NamedSqmFunctionTemplate(nullif)] under nullif; prior registration was null
25-08-15 12:43:44.115 [main] DEBUG o.h.q.s.function.SqmFunctionRegistry - Registered SqmFunctionTemplate [NamedSqmFunctionTemplate(left)] under left; prior registration was null
25-08-15 12:43:44.115 [main] DEBUG o.h.q.s.function.SqmFunctionRegistry - Registered SqmFunctionTemplate [NamedSqmFunctionTemplate(right)] under right; prior registration was null
25-08-15 12:43:44.115 [main] DEBUG o.h.q.s.function.SqmFunctionRegistry - Registered SqmFunctionTemplate [NamedSqmFunctionTemplate(replace)] under replace; prior registration was null
25-08-15 12:43:44.115 [main] DEBUG o.h.q.s.function.SqmFunctionRegistry - Registered SqmFunctionTemplate [NamedSqmFunctionTemplate(concat)] under concat; prior registration was null
25-08-15 12:43:44.115 [main] DEBUG o.h.q.s.function.SqmFunctionRegistry - Registered SqmFunctionTemplate [NamedSqmFunctionTemplate(lower)] under lower; prior registration was null
25-08-15 12:43:44.115 [main] DEBUG o.h.q.s.function.SqmFunctionRegistry - Registered SqmFunctionTemplate [NamedSqmFunctionTemplate(upper)] under upper; prior registration was null
25-08-15 12:43:44.115 [main] DEBUG o.h.q.s.function.SqmFunctionRegistry - Registered SqmFunctionTemplate [NamedSqmFunctionTemplate(substring)] under substring; prior registration was null
25-08-15 12:43:44.115 [main] DEBUG o.h.q.s.function.SqmFunctionRegistry - Registered SqmFunctionTemplate [NamedSqmFunctionTemplate(locate)] under locate; prior registration was null
25-08-15 12:43:44.115 [main] DEBUG o.h.q.s.function.SqmFunctionRegistry - Registered SqmFunctionTemplate [NamedSqmFunctionTemplate(character_length)] under character_length; prior registration was null
25-08-15 12:43:44.115 [main] DEBUG o.h.q.s.function.SqmFunctionRegistry - Registering alternate key : length -> character_length
25-08-15 12:43:44.116 [main] DEBUG o.h.q.s.function.SqmFunctionRegistry - Registered SqmFunctionTemplate [org.hibernate.dialect.function.LocatePositionEmulation@6fe77a97] under position; prior registration was null
25-08-15 12:43:44.117 [main] DEBUG o.h.q.s.function.SqmFunctionRegistry - Registered SqmFunctionTemplate [org.hibernate.dialect.function.InsertSubstringOverlayEmulation@402c415e] under overlay; prior registration was null
25-08-15 12:43:44.118 [main] DEBUG o.h.q.s.function.SqmFunctionRegistry - Registered SqmFunctionTemplate [org.hibernate.dialect.function.TrimFunction@3d00e981] under trim; prior registration was null
25-08-15 12:43:44.119 [main] DEBUG o.h.q.s.function.SqmFunctionRegistry - Registered SqmFunctionTemplate [org.hibernate.dialect.function.CastFunction@7c3ae369] under cast; prior registration was null
25-08-15 12:43:44.119 [main] DEBUG o.h.q.s.function.SqmFunctionRegistry - Registered SqmFunctionTemplate [org.hibernate.query.sqm.function.PatternBasedSqmFunctionDescriptor@496c6d94] under collate; prior registration was null
25-08-15 12:43:44.120 [main] DEBUG o.h.q.s.function.SqmFunctionRegistry - Registered SqmFunctionTemplate [org.hibernate.dialect.function.ExtractFunction@17b387ef] under extract; prior registration was null
25-08-15 12:43:44.120 [main] DEBUG o.h.q.s.function.SqmFunctionRegistry - Registered SqmFunctionTemplate [NamedSqmFunctionTemplate(least)] under least; prior registration was null
25-08-15 12:43:44.120 [main] DEBUG o.h.q.s.function.SqmFunctionRegistry - Registered SqmFunctionTemplate [NamedSqmFunctionTemplate(greatest)] under greatest; prior registration was null
25-08-15 12:43:44.120 [main] DEBUG o.h.q.s.function.SqmFunctionRegistry - Registered SqmFunctionTemplate [org.hibernate.dialect.function.CoalesceIfnullEmulation@3ca9d3b2] under ifnull; prior registration was null
25-08-15 12:43:44.120 [main] DEBUG o.h.q.s.function.SqmFunctionRegistry - Registered SqmFunctionTemplate [NamedSqmFunctionTemplate(lpad)] under lpad; prior registration was null
25-08-15 12:43:44.120 [main] DEBUG o.h.q.s.function.SqmFunctionRegistry - Registered SqmFunctionTemplate [NamedSqmFunctionTemplate(rpad)] under rpad; prior registration was null
25-08-15 12:43:44.120 [main] DEBUG o.h.q.s.function.SqmFunctionRegistry - Registered SqmFunctionTemplate [org.hibernate.dialect.function.LpadRpadPadEmulation@1aebe759] under pad; prior registration was null
25-08-15 12:43:44.121 [main] DEBUG o.h.q.s.function.SqmFunctionRegistry - Registered SqmFunctionTemplate [org.hibernate.dialect.function.CastStrEmulation@1c97c3bb] under str; prior registration was null
25-08-15 12:43:44.123 [main] DEBUG o.h.q.s.function.SqmFunctionRegistry - Registered SqmFunctionTemplate [org.hibernate.dialect.function.FormatFunction@10f384a2] under format; prior registration was null
25-08-15 12:43:44.123 [main] DEBUG o.h.q.s.function.SqmFunctionRegistry - Registered SqmFunctionTemplate [org.hibernate.dialect.function.TimestampaddFunction@24ce5d4c] under timestampadd; prior registration was null
25-08-15 12:43:44.124 [main] DEBUG o.h.q.s.function.SqmFunctionRegistry - Registered SqmFunctionTemplate [org.hibernate.dialect.function.TimestampdiffFunction@1d988297] under timestampdiff; prior registration was null
25-08-15 12:43:44.124 [main] DEBUG o.h.q.s.function.SqmFunctionRegistry - Registering alternate key : dateadd -> timestampadd
25-08-15 12:43:44.124 [main] DEBUG o.h.q.s.function.SqmFunctionRegistry - Registering alternate key : datediff -> timestampdiff
25-08-15 12:43:44.124 [main] DEBUG o.h.q.s.function.SqmFunctionRegistry - Registered SqmFunctionTemplate [org.hibernate.dialect.function.CurrentFunction@4bec6682] under current_date; prior registration was null
25-08-15 12:43:44.124 [main] DEBUG o.h.q.s.function.SqmFunctionRegistry - Registered SqmFunctionTemplate [org.hibernate.dialect.function.CurrentFunction@2d97344c] under current_time; prior registration was null
25-08-15 12:43:44.124 [main] DEBUG o.h.q.s.function.SqmFunctionRegistry - Registered SqmFunctionTemplate [org.hibernate.dialect.function.CurrentFunction@7f839ec5] under current_timestamp; prior registration was null
25-08-15 12:43:44.124 [main] DEBUG o.h.q.s.function.SqmFunctionRegistry - Registering alternate key : current date -> current_date
25-08-15 12:43:44.124 [main] DEBUG o.h.q.s.function.SqmFunctionRegistry - Registering alternate key : current time -> current_time
25-08-15 12:43:44.124 [main] DEBUG o.h.q.s.function.SqmFunctionRegistry - Registering alternate key : current timestamp -> current_timestamp
25-08-15 12:43:44.124 [main] DEBUG o.h.q.s.function.SqmFunctionRegistry - Registered SqmFunctionTemplate [org.hibernate.dialect.function.CurrentFunction@23f539df] under local_date; prior registration was null
25-08-15 12:43:44.124 [main] DEBUG o.h.q.s.function.SqmFunctionRegistry - Registered SqmFunctionTemplate [org.hibernate.dialect.function.CurrentFunction@b859355] under local_time; prior registration was null
25-08-15 12:43:44.124 [main] DEBUG o.h.q.s.function.SqmFunctionRegistry - Registered SqmFunctionTemplate [org.hibernate.dialect.function.CurrentFunction@1f24e33d] under local_datetime; prior registration was null
25-08-15 12:43:44.124 [main] DEBUG o.h.q.s.function.SqmFunctionRegistry - Registered SqmFunctionTemplate [org.hibernate.dialect.function.CurrentFunction@7c3223aa] under offset_datetime; prior registration was null
25-08-15 12:43:44.124 [main] DEBUG o.h.q.s.function.SqmFunctionRegistry - Registering alternate key : local date -> local_date
25-08-15 12:43:44.124 [main] DEBUG o.h.q.s.function.SqmFunctionRegistry - Registering alternate key : local time -> local_time
25-08-15 12:43:44.124 [main] DEBUG o.h.q.s.function.SqmFunctionRegistry - Registering alternate key : local datetime -> local_datetime
25-08-15 12:43:44.124 [main] DEBUG o.h.q.s.function.SqmFunctionRegistry - Registering alternate key : offset datetime -> offset_datetime
25-08-15 12:43:44.124 [main] DEBUG o.h.q.s.function.SqmFunctionRegistry - Registered SqmFunctionTemplate [org.hibernate.dialect.function.CurrentFunction@7683d632] under instant; prior registration was null
25-08-15 12:43:44.124 [main] DEBUG o.h.q.s.function.SqmFunctionRegistry - Registering alternate key : current_instant -> instant
25-08-15 12:43:44.125 [main] DEBUG o.h.q.s.function.SqmFunctionRegistry - Registered SqmFunctionTemplate [org.hibernate.dialect.function.SqlFunction@6c26e588] under sql; prior registration was null
25-08-15 12:43:44.125 [main] DEBUG o.h.q.s.function.SqmFunctionRegistry - Registered SqmFunctionTemplate [NamedSqmFunctionTemplate(max)] under max; prior registration was NamedSqmFunctionTemplate(max)
25-08-15 12:43:44.125 [main] DEBUG o.h.q.s.function.SqmFunctionRegistry - Registered SqmFunctionTemplate [NamedSqmFunctionTemplate(min)] under min; prior registration was NamedSqmFunctionTemplate(min)
25-08-15 12:43:44.125 [main] DEBUG o.h.q.s.function.SqmFunctionRegistry - Registered SqmFunctionTemplate [NamedSqmFunctionTemplate(sum)] under sum; prior registration was NamedSqmFunctionTemplate(sum)
25-08-15 12:43:44.125 [main] DEBUG o.h.q.s.function.SqmFunctionRegistry - Registered SqmFunctionTemplate [NamedSqmFunctionTemplate(avg)] under avg; prior registration was NamedSqmFunctionTemplate(avg)
25-08-15 12:43:44.125 [main] DEBUG o.h.q.s.function.SqmFunctionRegistry - Registered SqmFunctionTemplate [org.hibernate.dialect.function.CountFunction@62f73b0c] under count; prior registration was org.hibernate.dialect.function.CountFunction@1771d6a5
25-08-15 12:43:44.125 [main] DEBUG o.h.q.s.function.SqmFunctionRegistry - Registered SqmFunctionTemplate [org.hibernate.dialect.function.AvgFunction@1d6014a7] under avg; prior registration was NamedSqmFunctionTemplate(avg)
25-08-15 12:43:44.125 [main] DEBUG o.h.q.s.function.SqmFunctionRegistry - Registered SqmFunctionTemplate [NamedSqmFunctionTemplate(pi)] under pi; prior registration was org.hibernate.query.sqm.function.PatternBasedSqmFunctionDescriptor@74b521c
25-08-15 12:43:44.125 [main] DEBUG o.h.q.s.function.SqmFunctionRegistry - Registered SqmFunctionTemplate [NamedSqmFunctionTemplate(cot)] under cot; prior registration was null
25-08-15 12:43:44.125 [main] DEBUG o.h.q.s.function.SqmFunctionRegistry - Registered SqmFunctionTemplate [NamedSqmFunctionTemplate(radians)] under radians; prior registration was null
25-08-15 12:43:44.125 [main] DEBUG o.h.q.s.function.SqmFunctionRegistry - Registered SqmFunctionTemplate [NamedSqmFunctionTemplate(degrees)] under degrees; prior registration was null
25-08-15 12:43:44.125 [main] DEBUG o.h.q.s.function.SqmFunctionRegistry - Registered SqmFunctionTemplate [NamedSqmFunctionTemplate(log10)] under log10; prior registration was null
25-08-15 12:43:44.125 [main] DEBUG o.h.q.s.function.SqmFunctionRegistry - Registered SqmFunctionTemplate [org.hibernate.query.sqm.function.PatternBasedSqmFunctionDescriptor@7575f7e1] under mod; prior registration was NamedSqmFunctionTemplate(mod)
25-08-15 12:43:44.125 [main] DEBUG o.h.q.s.function.SqmFunctionRegistry - Registered SqmFunctionTemplate [NamedSqmFunctionTemplate(rand)] under rand; prior registration was null
25-08-15 12:43:44.126 [main] DEBUG o.h.q.s.function.SqmFunctionRegistry - Registered SqmFunctionTemplate [NamedSqmFunctionTemplate(soundex)] under soundex; prior registration was null
25-08-15 12:43:44.126 [main] DEBUG o.h.q.s.function.SqmFunctionRegistry - Registered SqmFunctionTemplate [NamedSqmFunctionTemplate(translate)] under translate; prior registration was null
25-08-15 12:43:44.126 [main] DEBUG o.h.q.s.function.SqmFunctionRegistry - Registered SqmFunctionTemplate [NamedSqmFunctionTemplate(bitand)] under bitand; prior registration was null
25-08-15 12:43:44.126 [main] DEBUG o.h.q.s.function.SqmFunctionRegistry - Registered SqmFunctionTemplate [NamedSqmFunctionTemplate(bitor)] under bitor; prior registration was null
25-08-15 12:43:44.126 [main] DEBUG o.h.q.s.function.SqmFunctionRegistry - Registered SqmFunctionTemplate [NamedSqmFunctionTemplate(bitxor)] under bitxor; prior registration was null
25-08-15 12:43:44.126 [main] DEBUG o.h.q.s.function.SqmFunctionRegistry - Registered SqmFunctionTemplate [NamedSqmFunctionTemplate(bitnot)] under bitnot; prior registration was null
25-08-15 12:43:44.126 [main] DEBUG o.h.q.s.function.SqmFunctionRegistry - Registered SqmFunctionTemplate [NamedSqmFunctionTemplate(bit_and)] under bit_and; prior registration was null
25-08-15 12:43:44.126 [main] DEBUG o.h.q.s.function.SqmFunctionRegistry - Registered SqmFunctionTemplate [NamedSqmFunctionTemplate(bit_or)] under bit_or; prior registration was null
25-08-15 12:43:44.126 [main] DEBUG o.h.q.s.function.SqmFunctionRegistry - Registered SqmFunctionTemplate [NamedSqmFunctionTemplate(day)] under day; prior registration was null
25-08-15 12:43:44.126 [main] DEBUG o.h.q.s.function.SqmFunctionRegistry - Registered SqmFunctionTemplate [NamedSqmFunctionTemplate(month)] under month; prior registration was null
25-08-15 12:43:44.126 [main] DEBUG o.h.q.s.function.SqmFunctionRegistry - Registered SqmFunctionTemplate [NamedSqmFunctionTemplate(year)] under year; prior registration was null
25-08-15 12:43:44.126 [main] DEBUG o.h.q.s.function.SqmFunctionRegistry - Registered SqmFunctionTemplate [NamedSqmFunctionTemplate(hour)] under hour; prior registration was null
25-08-15 12:43:44.126 [main] DEBUG o.h.q.s.function.SqmFunctionRegistry - Registered SqmFunctionTemplate [NamedSqmFunctionTemplate(minute)] under minute; prior registration was null
25-08-15 12:43:44.126 [main] DEBUG o.h.q.s.function.SqmFunctionRegistry - Registered SqmFunctionTemplate [NamedSqmFunctionTemplate(second)] under second; prior registration was null
25-08-15 12:43:44.126 [main] DEBUG o.h.q.s.function.SqmFunctionRegistry - Registered SqmFunctionTemplate [NamedSqmFunctionTemplate(microsecond)] under microsecond; prior registration was null
25-08-15 12:43:44.126 [main] DEBUG o.h.q.s.function.SqmFunctionRegistry - Registered SqmFunctionTemplate [NamedSqmFunctionTemplate(day_of_week)] under day_of_week; prior registration was null
25-08-15 12:43:44.126 [main] DEBUG o.h.q.s.function.SqmFunctionRegistry - Registered SqmFunctionTemplate [NamedSqmFunctionTemplate(day_of_month)] under day_of_month; prior registration was null
25-08-15 12:43:44.126 [main] DEBUG o.h.q.s.function.SqmFunctionRegistry - Registering alternate key : day -> day_of_month
25-08-15 12:43:44.126 [main] DEBUG o.h.q.s.function.SqmFunctionRegistry - Registered SqmFunctionTemplate [NamedSqmFunctionTemplate(day_of_year)] under day_of_year; prior registration was null
25-08-15 12:43:44.126 [main] DEBUG o.h.q.s.function.SqmFunctionRegistry - Registered SqmFunctionTemplate [NamedSqmFunctionTemplate(week)] under week; prior registration was null
25-08-15 12:43:44.126 [main] DEBUG o.h.q.s.function.SqmFunctionRegistry - Registered SqmFunctionTemplate [NamedSqmFunctionTemplate(quarter)] under quarter; prior registration was null
25-08-15 12:43:44.126 [main] DEBUG o.h.q.s.function.SqmFunctionRegistry - Registered SqmFunctionTemplate [NamedSqmFunctionTemplate(monthname)] under monthname; prior registration was null
25-08-15 12:43:44.126 [main] DEBUG o.h.q.s.function.SqmFunctionRegistry - Registered SqmFunctionTemplate [NamedSqmFunctionTemplate(dayname)] under dayname; prior registration was null
25-08-15 12:43:44.126 [main] DEBUG o.h.q.s.function.SqmFunctionRegistry - Registered SqmFunctionTemplate [NamedSqmFunctionTemplate(localtime)] under localtime; prior registration was null
25-08-15 12:43:44.126 [main] DEBUG o.h.q.s.function.SqmFunctionRegistry - Registered SqmFunctionTemplate [NamedSqmFunctionTemplate(localtimestamp)] under localtimestamp; prior registration was null
25-08-15 12:43:44.126 [main] DEBUG o.h.q.s.function.SqmFunctionRegistry - Registered SqmFunctionTemplate [NamedSqmFunctionTemplate(localtime)] under local_time; prior registration was org.hibernate.dialect.function.CurrentFunction@b859355
25-08-15 12:43:44.126 [main] DEBUG o.h.q.s.function.SqmFunctionRegistry - Registered SqmFunctionTemplate [NamedSqmFunctionTemplate(localtimestamp)] under local_datetime; prior registration was org.hibernate.dialect.function.CurrentFunction@1f24e33d
25-08-15 12:43:44.128 [main] DEBUG o.h.q.s.function.SqmFunctionRegistry - Registered SqmFunctionTemplate [org.hibernate.dialect.function.TruncFunction@9863ed5] under trunc; prior registration was null
25-08-15 12:43:44.128 [main] DEBUG o.h.q.s.function.SqmFunctionRegistry - Registering alternate key : truncate -> trunc
25-08-15 12:43:44.128 [main] DEBUG o.h.q.s.function.SqmFunctionRegistry - Registered SqmFunctionTemplate [org.hibernate.query.sqm.function.PatternBasedSqmFunctionDescriptor@763ddfc3] under date_trunc; prior registration was null
25-08-15 12:43:44.128 [main] DEBUG o.h.q.s.function.SqmFunctionRegistry - Registered SqmFunctionTemplate [NamedSqmFunctionTemplate(bit_length)] under bit_length; prior registration was null
25-08-15 12:43:44.128 [main] DEBUG o.h.q.s.function.SqmFunctionRegistry - Registered SqmFunctionTemplate [NamedSqmFunctionTemplate(octet_length)] under octet_length; prior registration was null
25-08-15 12:43:44.128 [main] DEBUG o.h.q.s.function.SqmFunctionRegistry - Registered SqmFunctionTemplate [NamedSqmFunctionTemplate(ascii)] under ascii; prior registration was null
25-08-15 12:43:44.128 [main] DEBUG o.h.q.s.function.SqmFunctionRegistry - Registered SqmFunctionTemplate [NamedSqmFunctionTemplate(octet_length)] under octet_length; prior registration was NamedSqmFunctionTemplate(octet_length)
25-08-15 12:43:44.128 [main] DEBUG o.h.q.s.function.SqmFunctionRegistry - Registered SqmFunctionTemplate [NamedSqmFunctionTemplate(space)] under space; prior registration was null
25-08-15 12:43:44.128 [main] DEBUG o.h.q.s.function.SqmFunctionRegistry - Registered SqmFunctionTemplate [NamedSqmFunctionTemplate(repeat)] under repeat; prior registration was null
25-08-15 12:43:44.128 [main] DEBUG o.h.q.s.function.SqmFunctionRegistry - Registered SqmFunctionTemplate [NamedSqmFunctionTemplate(char)] under char; prior registration was null
25-08-15 12:43:44.128 [main] DEBUG o.h.q.s.function.SqmFunctionRegistry - Registering alternate key : chr -> char
25-08-15 12:43:44.128 [main] DEBUG o.h.q.s.function.SqmFunctionRegistry - Registered SqmFunctionTemplate [NamedSqmFunctionTemplate(instr)] under instr; prior registration was null
25-08-15 12:43:44.128 [main] DEBUG o.h.q.s.function.SqmFunctionRegistry - Registered SqmFunctionTemplate [NamedSqmFunctionTemplate(substr)] under substr; prior registration was null
25-08-15 12:43:44.128 [main] DEBUG o.h.q.s.function.SqmFunctionRegistry - Registered SqmFunctionTemplate [org.hibernate.query.sqm.function.PatternBasedSqmFunctionDescriptor@7010c9e4] under position; prior registration was org.hibernate.dialect.function.LocatePositionEmulation@6fe77a97
25-08-15 12:43:44.128 [main] DEBUG o.h.q.s.function.SqmFunctionRegistry - Registered SqmFunctionTemplate [NamedSqmFunctionTemplate(ltrim)] under ltrim; prior registration was null
25-08-15 12:43:44.128 [main] DEBUG o.h.q.s.function.SqmFunctionRegistry - Registered SqmFunctionTemplate [NamedSqmFunctionTemplate(rtrim)] under rtrim; prior registration was null
25-08-15 12:43:44.128 [main] DEBUG o.h.q.s.function.SqmFunctionRegistry - Registered SqmFunctionTemplate [org.hibernate.query.sqm.function.PatternBasedSqmFunctionDescriptor@28befd62] under concat; prior registration was NamedSqmFunctionTemplate(concat)
25-08-15 12:43:44.128 [main] DEBUG o.h.q.s.function.SqmFunctionRegistry - Registered SqmFunctionTemplate [NamedSqmFunctionTemplate(curtime)] under curtime; prior registration was null
25-08-15 12:43:44.128 [main] DEBUG o.h.q.s.function.SqmFunctionRegistry - Registered SqmFunctionTemplate [NamedSqmFunctionTemplate(curdate)] under curdate; prior registration was null
25-08-15 12:43:44.128 [main] DEBUG o.h.q.s.function.SqmFunctionRegistry - Registered SqmFunctionTemplate [NamedSqmFunctionTemplate(now)] under now; prior registration was null
25-08-15 12:43:44.128 [main] DEBUG o.h.q.s.function.SqmFunctionRegistry - Registered SqmFunctionTemplate [NamedSqmFunctionTemplate(sysdate)] under sysdate; prior registration was null
25-08-15 12:43:44.128 [main] DEBUG o.h.q.s.function.SqmFunctionRegistry - Registered SqmFunctionTemplate [NamedSqmFunctionTemplate(insert)] under insert; prior registration was null
25-08-15 12:43:44.128 [main] DEBUG o.h.q.s.function.SqmFunctionRegistry - Registered SqmFunctionTemplate [NamedSqmFunctionTemplate(bool_and)] under bool_and; prior registration was null
25-08-15 12:43:44.128 [main] DEBUG o.h.q.s.function.SqmFunctionRegistry - Registering alternate key : every -> bool_and
25-08-15 12:43:44.128 [main] DEBUG o.h.q.s.function.SqmFunctionRegistry - Registered SqmFunctionTemplate [NamedSqmFunctionTemplate(bool_or)] under bool_or; prior registration was null
25-08-15 12:43:44.128 [main] DEBUG o.h.q.s.function.SqmFunctionRegistry - Registering alternate key : any -> bool_or
25-08-15 12:43:44.128 [main] DEBUG o.h.q.s.function.SqmFunctionRegistry - Registered SqmFunctionTemplate [NamedSqmFunctionTemplate(median)] under median; prior registration was null
25-08-15 12:43:44.128 [main] DEBUG o.h.q.s.function.SqmFunctionRegistry - Registered SqmFunctionTemplate [NamedSqmFunctionTemplate(stddev_pop)] under stddev_pop; prior registration was null
25-08-15 12:43:44.129 [main] DEBUG o.h.q.s.function.SqmFunctionRegistry - Registered SqmFunctionTemplate [NamedSqmFunctionTemplate(stddev_samp)] under stddev_samp; prior registration was null
25-08-15 12:43:44.129 [main] DEBUG o.h.q.s.function.SqmFunctionRegistry - Registered SqmFunctionTemplate [NamedSqmFunctionTemplate(var_pop)] under var_pop; prior registration was null
25-08-15 12:43:44.129 [main] DEBUG o.h.q.s.function.SqmFunctionRegistry - Registered SqmFunctionTemplate [NamedSqmFunctionTemplate(var_samp)] under var_samp; prior registration was null
25-08-15 12:43:44.129 [main] DEBUG o.h.q.s.function.SqmFunctionRegistry - Registered SqmFunctionTemplate [org.hibernate.dialect.function.FormatFunction@10f60e36] under format; prior registration was org.hibernate.dialect.function.FormatFunction@10f384a2
25-08-15 12:43:44.129 [main] DEBUG o.h.q.s.function.SqmFunctionRegistry - Registered SqmFunctionTemplate [NamedSqmFunctionTemplate(rownum)] under rownum; prior registration was null
25-08-15 12:43:44.129 [main] DEBUG o.h.q.s.function.SqmFunctionRegistry - Registered SqmFunctionTemplate [NamedSqmFunctionTemplate(row_number)] under row_number; prior registration was null
25-08-15 12:43:44.129 [main] DEBUG o.h.q.s.function.SqmFunctionRegistry - Registered SqmFunctionTemplate [NamedSqmFunctionTemplate(lag)] under lag; prior registration was null
25-08-15 12:43:44.129 [main] DEBUG o.h.q.s.function.SqmFunctionRegistry - Registered SqmFunctionTemplate [NamedSqmFunctionTemplate(lead)] under lead; prior registration was null
25-08-15 12:43:44.129 [main] DEBUG o.h.q.s.function.SqmFunctionRegistry - Registered SqmFunctionTemplate [NamedSqmFunctionTemplate(first_value)] under first_value; prior registration was null
25-08-15 12:43:44.129 [main] DEBUG o.h.q.s.function.SqmFunctionRegistry - Registered SqmFunctionTemplate [NamedSqmFunctionTemplate(last_value)] under last_value; prior registration was null
25-08-15 12:43:44.129 [main] DEBUG o.h.q.s.function.SqmFunctionRegistry - Registered SqmFunctionTemplate [NamedSqmFunctionTemplate(nth_value)] under nth_value; prior registration was null
25-08-15 12:43:44.129 [main] DEBUG o.h.q.s.function.SqmFunctionRegistry - Registered SqmFunctionTemplate [org.hibernate.dialect.function.ListaggFunction@612531a3] under listagg; prior registration was null
25-08-15 12:43:44.130 [main] DEBUG o.h.q.s.function.SqmFunctionRegistry - Registered SqmFunctionTemplate [org.hibernate.dialect.function.InverseDistributionFunction@5ace6611] under mode; prior registration was null
25-08-15 12:43:44.130 [main] DEBUG o.h.q.s.function.SqmFunctionRegistry - Registered SqmFunctionTemplate [org.hibernate.dialect.function.InverseDistributionFunction@7a689979] under percentile_cont; prior registration was null
25-08-15 12:43:44.130 [main] DEBUG o.h.q.s.function.SqmFunctionRegistry - Registered SqmFunctionTemplate [org.hibernate.dialect.function.InverseDistributionFunction@164db8f0] under percentile_disc; prior registration was null
25-08-15 12:43:44.131 [main] DEBUG o.h.q.s.function.SqmFunctionRegistry - Registered SqmFunctionTemplate [org.hibernate.dialect.function.HypotheticalSetFunction@641c8ba4] under rank; prior registration was null
25-08-15 12:43:44.131 [main] DEBUG o.h.q.s.function.SqmFunctionRegistry - Registered SqmFunctionTemplate [org.hibernate.dialect.function.HypotheticalSetFunction@52667676] under dense_rank; prior registration was null
25-08-15 12:43:44.131 [main] DEBUG o.h.q.s.function.SqmFunctionRegistry - Registered SqmFunctionTemplate [org.hibernate.dialect.function.HypotheticalSetFunction@75559cd9] under percent_rank; prior registration was null
25-08-15 12:43:44.131 [main] DEBUG o.h.q.s.function.SqmFunctionRegistry - Registered SqmFunctionTemplate [org.hibernate.dialect.function.HypotheticalSetFunction@39a09c0] under cume_dist; prior registration was null
25-08-15 12:43:44.132 [main] DEBUG o.h.q.s.function.SqmFunctionRegistry - Registered SqmFunctionTemplate [org.hibernate.dialect.function.array.ArrayConstructorFunction@54224125] under array; prior registration was null
25-08-15 12:43:44.132 [main] DEBUG o.h.q.s.function.SqmFunctionRegistry - Registered SqmFunctionTemplate [org.hibernate.dialect.function.array.ArrayConstructorFunction@7c013560] under array_list; prior registration was null
25-08-15 12:43:44.132 [main] DEBUG o.h.q.s.function.SqmFunctionRegistry - Registered SqmFunctionTemplate [org.hibernate.dialect.function.array.ArrayAggFunction@11ad327f] under array_agg; prior registration was null
25-08-15 12:43:44.135 [main] DEBUG o.h.q.s.function.SqmFunctionRegistry - Registered SqmFunctionTemplate [org.hibernate.dialect.function.array.H2ArrayPositionFunction@23dda7a3] under array_position; prior registration was null
25-08-15 12:43:44.140 [main] DEBUG o.h.q.s.function.SqmFunctionRegistry - Registered SqmFunctionTemplate [org.hibernate.dialect.function.array.H2ArrayPositionsFunction@4516c2ef] under array_positions; prior registration was null
25-08-15 12:43:44.142 [main] DEBUG o.h.q.s.function.SqmFunctionRegistry - Registered SqmFunctionTemplate [org.hibernate.dialect.function.array.H2ArrayPositionsFunction@4a3404fa] under array_positions_list; prior registration was null
25-08-15 12:43:44.142 [main] DEBUG o.h.q.s.function.SqmFunctionRegistry - Registered SqmFunctionTemplate [org.hibernate.query.sqm.function.PatternBasedSqmFunctionDescriptor@3fb4beb1] under array_length; prior registration was null
25-08-15 12:43:44.143 [main] DEBUG o.h.q.s.function.SqmFunctionRegistry - Registered SqmFunctionTemplate [org.hibernate.dialect.function.DynamicDispatchFunction@5b78a946] under length; prior registration was null
25-08-15 12:43:44.143 [main] DEBUG o.h.q.s.function.SqmFunctionRegistry - Registered SqmFunctionTemplate [org.hibernate.dialect.function.array.ArrayConcatFunction@1a99692] under array_concat; prior registration was null
25-08-15 12:43:44.144 [main] DEBUG o.h.q.s.function.SqmFunctionRegistry - Registered SqmFunctionTemplate [org.hibernate.dialect.function.array.ArrayConcatElementFunction@2c7aba7c] under array_prepend; prior registration was null
25-08-15 12:43:44.144 [main] DEBUG o.h.q.s.function.SqmFunctionRegistry - Registered SqmFunctionTemplate [org.hibernate.dialect.function.array.ArrayConcatElementFunction@729c98] under array_append; prior registration was null
25-08-15 12:43:44.146 [main] DEBUG o.h.q.s.function.SqmFunctionRegistry - Registered SqmFunctionTemplate [org.hibernate.dialect.function.array.H2ArrayContainsFunction@1f86f7da] under array_contains; prior registration was null
25-08-15 12:43:44.146 [main] DEBUG o.h.q.s.function.SqmFunctionRegistry - Registered SqmFunctionTemplate [org.hibernate.dialect.function.array.H2ArrayContainsFunction@28b4b10e] under array_contains_nullable; prior registration was null
25-08-15 12:43:44.147 [main] DEBUG o.h.q.s.function.SqmFunctionRegistry - Registered SqmFunctionTemplate [org.hibernate.dialect.function.array.H2ArrayIncludesFunction@30a5a58d] under array_includes; prior registration was null
25-08-15 12:43:44.147 [main] DEBUG o.h.q.s.function.SqmFunctionRegistry - Registered SqmFunctionTemplate [org.hibernate.dialect.function.array.H2ArrayIncludesFunction@59cb10e0] under array_includes_nullable; prior registration was null
25-08-15 12:43:44.148 [main] DEBUG o.h.q.s.function.SqmFunctionRegistry - Registered SqmFunctionTemplate [org.hibernate.dialect.function.array.H2ArrayIntersectsFunction@22a22f1] under array_intersects; prior registration was null
25-08-15 12:43:44.148 [main] DEBUG o.h.q.s.function.SqmFunctionRegistry - Registered SqmFunctionTemplate [org.hibernate.dialect.function.array.H2ArrayIntersectsFunction@2e76d0d3] under array_intersects_nullable; prior registration was null
25-08-15 12:43:44.148 [main] DEBUG o.h.q.s.function.SqmFunctionRegistry - Registering alternate key : array_overlaps -> array_intersects
25-08-15 12:43:44.148 [main] DEBUG o.h.q.s.function.SqmFunctionRegistry - Registering alternate key : array_overlaps_nullable -> array_intersects_nullable
25-08-15 12:43:44.148 [main] DEBUG o.h.q.s.function.SqmFunctionRegistry - Registered SqmFunctionTemplate [org.hibernate.query.sqm.function.PatternBasedSqmFunctionDescriptor@52b49891] under array_get; prior registration was null
25-08-15 12:43:44.150 [main] DEBUG o.h.q.s.function.SqmFunctionRegistry - Registered SqmFunctionTemplate [org.hibernate.dialect.function.array.H2ArraySetFunction@514b247b] under array_set; prior registration was null
25-08-15 12:43:44.150 [main] DEBUG o.h.q.s.function.SqmFunctionRegistry - Registered SqmFunctionTemplate [org.hibernate.dialect.function.array.H2ArrayRemoveFunction@20706e70] under array_remove; prior registration was null
25-08-15 12:43:44.151 [main] DEBUG o.h.q.s.function.SqmFunctionRegistry - Registered SqmFunctionTemplate [org.hibernate.dialect.function.array.H2ArrayRemoveIndexFunction@4c25201] under array_remove_index; prior registration was null
25-08-15 12:43:44.151 [main] DEBUG o.h.q.s.function.SqmFunctionRegistry - Registered SqmFunctionTemplate [org.hibernate.query.sqm.function.PatternBasedSqmFunctionDescriptor@4faaff61] under array_slice; prior registration was null
25-08-15 12:43:44.151 [main] DEBUG o.h.q.s.function.SqmFunctionRegistry - Registered SqmFunctionTemplate [org.hibernate.dialect.function.array.H2ArrayReplaceFunction@5315210d] under array_replace; prior registration was null
25-08-15 12:43:44.151 [main] DEBUG o.h.q.s.function.SqmFunctionRegistry - Registered SqmFunctionTemplate [org.hibernate.query.sqm.function.PatternBasedSqmFunctionDescriptor@3f5f79d8] under array_trim; prior registration was null
25-08-15 12:43:44.152 [main] DEBUG o.h.q.s.function.SqmFunctionRegistry - Registered SqmFunctionTemplate [org.hibernate.dialect.function.array.H2ArrayFillFunction@3555d804] under array_fill; prior registration was null
25-08-15 12:43:44.152 [main] DEBUG o.h.q.s.function.SqmFunctionRegistry - Registered SqmFunctionTemplate [org.hibernate.dialect.function.array.H2ArrayFillFunction@19b8f1bd] under array_fill_list; prior registration was null
25-08-15 12:43:44.153 [main] DEBUG o.h.q.s.function.SqmFunctionRegistry - Registered SqmFunctionTemplate [org.hibernate.dialect.function.array.H2ArrayToStringFunction@47cf65f1] under array_to_string; prior registration was null
25-08-15 12:43:44.154 [main] DEBUG org.hibernate.HQL_FUNCTIONS - abs(NUMERIC arg)
25-08-15 12:43:44.154 [main] DEBUG org.hibernate.HQL_FUNCTIONS - Double acos(NUMERIC arg)
25-08-15 12:43:44.154 [main] DEBUG org.hibernate.HQL_FUNCTIONS - Boolean any(BOOLEAN predicate)
25-08-15 12:43:44.154 [main] DEBUG org.hibernate.HQL_FUNCTIONS - array( ... )
25-08-15 12:43:44.154 [main] DEBUG org.hibernate.HQL_FUNCTIONS - array_agg(arg)
25-08-15 12:43:44.154 [main] DEBUG org.hibernate.HQL_FUNCTIONS - array_append( ... )
25-08-15 12:43:44.154 [main] DEBUG org.hibernate.HQL_FUNCTIONS - array_concat( ... )
25-08-15 12:43:44.154 [main] DEBUG org.hibernate.HQL_FUNCTIONS - Boolean array_contains(ARRAY haystackArray, OBJECT needleElementOrArray)
25-08-15 12:43:44.154 [main] DEBUG org.hibernate.HQL_FUNCTIONS - Boolean array_contains_nullable(ARRAY haystackArray, OBJECT needleElementOrArray)
25-08-15 12:43:44.154 [main] DEBUG org.hibernate.HQL_FUNCTIONS - array_fill(OBJECT element, INTEGER elementCount)
25-08-15 12:43:44.154 [main] DEBUG org.hibernate.HQL_FUNCTIONS - array_fill_list(OBJECT element, INTEGER elementCount)
25-08-15 12:43:44.154 [main] DEBUG org.hibernate.HQL_FUNCTIONS - array_get(ARRAY array, INTEGER index)
25-08-15 12:43:44.154 [main] DEBUG org.hibernate.HQL_FUNCTIONS - Boolean array_includes(ARRAY haystackArray, OBJECT needleArray)
25-08-15 12:43:44.154 [main] DEBUG org.hibernate.HQL_FUNCTIONS - Boolean array_includes_nullable(ARRAY haystackArray, OBJECT needleArray)
25-08-15 12:43:44.154 [main] DEBUG org.hibernate.HQL_FUNCTIONS - Boolean array_intersects(ARRAY array0, OBJECT array1)
25-08-15 12:43:44.154 [main] DEBUG org.hibernate.HQL_FUNCTIONS - Boolean array_intersects_nullable(ARRAY array0, OBJECT array1)
25-08-15 12:43:44.154 [main] DEBUG org.hibernate.HQL_FUNCTIONS - Integer array_length(ARRAY array)
25-08-15 12:43:44.154 [main] DEBUG org.hibernate.HQL_FUNCTIONS - array_list( ... )
25-08-15 12:43:44.154 [main] DEBUG org.hibernate.HQL_FUNCTIONS - Boolean array_overlaps(ARRAY array0, OBJECT array1)
25-08-15 12:43:44.154 [main] DEBUG org.hibernate.HQL_FUNCTIONS - Boolean array_overlaps_nullable(ARRAY array0, OBJECT array1)
25-08-15 12:43:44.154 [main] DEBUG org.hibernate.HQL_FUNCTIONS - Integer array_position(ARRAY array, OBJECT element[, INTEGER startPosition])
25-08-15 12:43:44.154 [main] DEBUG org.hibernate.HQL_FUNCTIONS - int[] array_positions(ARRAY array, OBJECT element)
25-08-15 12:43:44.154 [main] DEBUG org.hibernate.HQL_FUNCTIONS - List array_positions_list(ARRAY array, OBJECT element)
25-08-15 12:43:44.154 [main] DEBUG org.hibernate.HQL_FUNCTIONS - array_prepend( ... )
25-08-15 12:43:44.154 [main] DEBUG org.hibernate.HQL_FUNCTIONS - array_remove( ... )
25-08-15 12:43:44.154 [main] DEBUG org.hibernate.HQL_FUNCTIONS - array_remove_index( ... )
25-08-15 12:43:44.154 [main] DEBUG org.hibernate.HQL_FUNCTIONS - array_replace( ... )
25-08-15 12:43:44.154 [main] DEBUG org.hibernate.HQL_FUNCTIONS - array_set( ... )
25-08-15 12:43:44.154 [main] DEBUG org.hibernate.HQL_FUNCTIONS - array_slice(ARRAY array, INTEGER start, INTEGER end)
25-08-15 12:43:44.154 [main] DEBUG org.hibernate.HQL_FUNCTIONS - String array_to_string( ... )
25-08-15 12:43:44.154 [main] DEBUG org.hibernate.HQL_FUNCTIONS - array_trim(ARRAY array, INTEGER elementsToRemove)
25-08-15 12:43:44.154 [main] DEBUG org.hibernate.HQL_FUNCTIONS - Integer ascii(STRING arg)
25-08-15 12:43:44.155 [main] DEBUG org.hibernate.HQL_FUNCTIONS - Double asin(NUMERIC arg)
25-08-15 12:43:44.155 [main] DEBUG org.hibernate.HQL_FUNCTIONS - Double atan(NUMERIC arg)
25-08-15 12:43:44.155 [main] DEBUG org.hibernate.HQL_FUNCTIONS - Double atan2(NUMERIC arg0, NUMERIC arg1)
25-08-15 12:43:44.155 [main] DEBUG org.hibernate.HQL_FUNCTIONS - avg(NUMERIC arg)
25-08-15 12:43:44.155 [main] DEBUG org.hibernate.HQL_FUNCTIONS - bit_and(arg)
25-08-15 12:43:44.155 [main] DEBUG org.hibernate.HQL_FUNCTIONS - Integer bit_length(STRING_OR_CLOB arg)
25-08-15 12:43:44.155 [main] DEBUG org.hibernate.HQL_FUNCTIONS - bit_or(arg)
25-08-15 12:43:44.155 [main] DEBUG org.hibernate.HQL_FUNCTIONS - bitand(arg0, arg1)
25-08-15 12:43:44.155 [main] DEBUG org.hibernate.HQL_FUNCTIONS - bitnot(arg)
25-08-15 12:43:44.155 [main] DEBUG org.hibernate.HQL_FUNCTIONS - bitor(arg0, arg1)
25-08-15 12:43:44.155 [main] DEBUG org.hibernate.HQL_FUNCTIONS - bitxor(arg0, arg1)
25-08-15 12:43:44.155 [main] DEBUG org.hibernate.HQL_FUNCTIONS - Boolean bool_and(BOOLEAN predicate)
25-08-15 12:43:44.155 [main] DEBUG org.hibernate.HQL_FUNCTIONS - Boolean bool_or(BOOLEAN predicate)
25-08-15 12:43:44.155 [main] DEBUG org.hibernate.HQL_FUNCTIONS - cast(arg as Type)
25-08-15 12:43:44.155 [main] DEBUG org.hibernate.HQL_FUNCTIONS - ceiling(NUMERIC arg)
25-08-15 12:43:44.155 [main] DEBUG org.hibernate.HQL_FUNCTIONS - Character char(INTEGER arg)
25-08-15 12:43:44.155 [main] DEBUG org.hibernate.HQL_FUNCTIONS - Integer character_length(STRING_OR_CLOB arg)
25-08-15 12:43:44.155 [main] DEBUG org.hibernate.HQL_FUNCTIONS - Character chr(INTEGER arg)
25-08-15 12:43:44.155 [main] DEBUG org.hibernate.HQL_FUNCTIONS - coalesce(arg0[, arg1[, ...]])
25-08-15 12:43:44.155 [main] DEBUG org.hibernate.HQL_FUNCTIONS - String collate(STRING string as COLLATION collation)
25-08-15 12:43:44.155 [main] DEBUG org.hibernate.HQL_FUNCTIONS - String concat(STRING string0[, STRING string1[, ...]])
25-08-15 12:43:44.155 [main] DEBUG org.hibernate.HQL_FUNCTIONS - Double cos(NUMERIC arg)
25-08-15 12:43:44.155 [main] DEBUG org.hibernate.HQL_FUNCTIONS - Double cosh(NUMERIC arg)
25-08-15 12:43:44.155 [main] DEBUG org.hibernate.HQL_FUNCTIONS - Double cot(NUMERIC arg)
25-08-15 12:43:44.155 [main] DEBUG org.hibernate.HQL_FUNCTIONS - Long count([distinct ]{arg|*})
25-08-15 12:43:44.155 [main] DEBUG org.hibernate.HQL_FUNCTIONS - Double cume_dist([arg0[, ...]])
25-08-15 12:43:44.155 [main] DEBUG org.hibernate.HQL_FUNCTIONS - Date curdate()
25-08-15 12:43:44.155 [main] DEBUG org.hibernate.HQL_FUNCTIONS - Date current date
25-08-15 12:43:44.155 [main] DEBUG org.hibernate.HQL_FUNCTIONS - Time current time
25-08-15 12:43:44.155 [main] DEBUG org.hibernate.HQL_FUNCTIONS - Timestamp current timestamp
25-08-15 12:43:44.155 [main] DEBUG org.hibernate.HQL_FUNCTIONS - Date current_date
25-08-15 12:43:44.155 [main] DEBUG org.hibernate.HQL_FUNCTIONS - Instant current_instant
25-08-15 12:43:44.155 [main] DEBUG org.hibernate.HQL_FUNCTIONS - Time current_time
25-08-15 12:43:44.155 [main] DEBUG org.hibernate.HQL_FUNCTIONS - Timestamp current_timestamp
25-08-15 12:43:44.155 [main] DEBUG org.hibernate.HQL_FUNCTIONS - Time curtime()
25-08-15 12:43:44.155 [main] DEBUG org.hibernate.HQL_FUNCTIONS - date_trunc(STRING field, TEMPORAL datetime)
25-08-15 12:43:44.155 [main] DEBUG org.hibernate.HQL_FUNCTIONS - dateadd(TEMPORAL_UNIT field, INTEGER magnitude, TEMPORAL datetime)
25-08-15 12:43:44.156 [main] DEBUG org.hibernate.HQL_FUNCTIONS - Long|Double datediff(TEMPORAL_UNIT field, TEMPORAL start, TEMPORAL end)
25-08-15 12:43:44.156 [main] DEBUG org.hibernate.HQL_FUNCTIONS - Integer day(DATE arg)
25-08-15 12:43:44.156 [main] DEBUG org.hibernate.HQL_FUNCTIONS - Integer day_of_month(DATE arg)
25-08-15 12:43:44.156 [main] DEBUG org.hibernate.HQL_FUNCTIONS - Integer day_of_week(DATE arg)
25-08-15 12:43:44.156 [main] DEBUG org.hibernate.HQL_FUNCTIONS - Integer day_of_year(DATE arg)
25-08-15 12:43:44.156 [main] DEBUG org.hibernate.HQL_FUNCTIONS - String dayname(DATE arg)
25-08-15 12:43:44.156 [main] DEBUG org.hibernate.HQL_FUNCTIONS - Double degrees(NUMERIC arg)
25-08-15 12:43:44.156 [main] DEBUG org.hibernate.HQL_FUNCTIONS - Long dense_rank([arg0[, ...]])
25-08-15 12:43:44.156 [main] DEBUG org.hibernate.HQL_FUNCTIONS - Boolean every(BOOLEAN predicate)
25-08-15 12:43:44.156 [main] DEBUG org.hibernate.HQL_FUNCTIONS - Double exp(NUMERIC arg)
25-08-15 12:43:44.156 [main] DEBUG org.hibernate.HQL_FUNCTIONS - extract(TEMPORAL_UNIT field from TEMPORAL arg)
25-08-15 12:43:44.156 [main] DEBUG org.hibernate.HQL_FUNCTIONS - first_valueANY value
25-08-15 12:43:44.156 [main] DEBUG org.hibernate.HQL_FUNCTIONS - floor(NUMERIC arg)
25-08-15 12:43:44.156 [main] DEBUG org.hibernate.HQL_FUNCTIONS - String format(TEMPORAL datetime as STRING pattern)
25-08-15 12:43:44.156 [main] DEBUG org.hibernate.HQL_FUNCTIONS - greatest(COMPARABLE arg0, COMPARABLE arg1[, arg2[, ...]])
25-08-15 12:43:44.156 [main] DEBUG org.hibernate.HQL_FUNCTIONS - Integer hour(TIME arg)
25-08-15 12:43:44.156 [main] DEBUG org.hibernate.HQL_FUNCTIONS - ifnull(arg0, arg1)
25-08-15 12:43:44.156 [main] DEBUG org.hibernate.HQL_FUNCTIONS - String insert(STRING string, INTEGER start, INTEGER length, STRING replacement)
25-08-15 12:43:44.156 [main] DEBUG org.hibernate.HQL_FUNCTIONS - Instant instant
25-08-15 12:43:44.157 [main] DEBUG org.hibernate.HQL_FUNCTIONS - Integer instr(STRING string, STRING pattern[, INTEGER start[, INTEGER occurrence]])
25-08-15 12:43:44.157 [main] DEBUG org.hibernate.HQL_FUNCTIONS - lagANY value[, INTEGER offset[, ANY default]]
25-08-15 12:43:44.157 [main] DEBUG org.hibernate.HQL_FUNCTIONS - last_valueANY value
25-08-15 12:43:44.157 [main] DEBUG org.hibernate.HQL_FUNCTIONS - leadANY value[, INTEGER offset[, ANY default]]
25-08-15 12:43:44.157 [main] DEBUG org.hibernate.HQL_FUNCTIONS - least(COMPARABLE arg0, COMPARABLE arg1[, arg2[, ...]])
25-08-15 12:43:44.164 [main] DEBUG org.hibernate.HQL_FUNCTIONS - String left(STRING string, INTEGER length)
25-08-15 12:43:44.165 [main] DEBUG org.hibernate.HQL_FUNCTIONS - length
25-08-15 12:43:44.165 [main] DEBUG org.hibernate.HQL_FUNCTIONS - String listagg(STRING arg0, STRING arg1)
25-08-15 12:43:44.165 [main] DEBUG org.hibernate.HQL_FUNCTIONS - Double ln(NUMERIC arg)
25-08-15 12:43:44.165 [main] DEBUG org.hibernate.HQL_FUNCTIONS - LocalDate local date
25-08-15 12:43:44.165 [main] DEBUG org.hibernate.HQL_FUNCTIONS - LocalDateTime local datetime
25-08-15 12:43:44.165 [main] DEBUG org.hibernate.HQL_FUNCTIONS - LocalTime local time
25-08-15 12:43:44.165 [main] DEBUG org.hibernate.HQL_FUNCTIONS - LocalDate local_date
25-08-15 12:43:44.165 [main] DEBUG org.hibernate.HQL_FUNCTIONS - LocalDateTime local_datetime
25-08-15 12:43:44.165 [main] DEBUG org.hibernate.HQL_FUNCTIONS - LocalTime local_time
25-08-15 12:43:44.165 [main] DEBUG org.hibernate.HQL_FUNCTIONS - Time localtime
25-08-15 12:43:44.165 [main] DEBUG org.hibernate.HQL_FUNCTIONS - Timestamp localtimestamp
25-08-15 12:43:44.165 [main] DEBUG org.hibernate.HQL_FUNCTIONS - Integer locate(STRING pattern, STRING string[, INTEGER start])
25-08-15 12:43:44.165 [main] DEBUG org.hibernate.HQL_FUNCTIONS - Double log(NUMERIC base, NUMERIC arg)
25-08-15 12:43:44.165 [main] DEBUG org.hibernate.HQL_FUNCTIONS - Double log10(NUMERIC arg)
25-08-15 12:43:44.165 [main] DEBUG org.hibernate.HQL_FUNCTIONS - String lower(STRING string)
25-08-15 12:43:44.165 [main] DEBUG org.hibernate.HQL_FUNCTIONS - String lpad(STRING string, INTEGER length[, STRING padding])
25-08-15 12:43:44.165 [main] DEBUG org.hibernate.HQL_FUNCTIONS - String ltrim(STRING string)
25-08-15 12:43:44.165 [main] DEBUG org.hibernate.HQL_FUNCTIONS - max(COMPARABLE arg)
25-08-15 12:43:44.165 [main] DEBUG org.hibernate.HQL_FUNCTIONS - Double median(NUMERIC arg)
25-08-15 12:43:44.166 [main] DEBUG org.hibernate.HQL_FUNCTIONS - Integer microsecond(TIME arg)
25-08-15 12:43:44.166 [main] DEBUG org.hibernate.HQL_FUNCTIONS - min(COMPARABLE arg)
25-08-15 12:43:44.166 [main] DEBUG org.hibernate.HQL_FUNCTIONS - Integer minute(TIME arg)
25-08-15 12:43:44.166 [main] DEBUG org.hibernate.HQL_FUNCTIONS - Integer mod(INTEGER arg0, INTEGER arg1)
25-08-15 12:43:44.166 [main] DEBUG org.hibernate.HQL_FUNCTIONS - mode()
25-08-15 12:43:44.166 [main] DEBUG org.hibernate.HQL_FUNCTIONS - Integer month(DATE arg)
25-08-15 12:43:44.166 [main] DEBUG org.hibernate.HQL_FUNCTIONS - String monthname(DATE arg)
25-08-15 12:43:44.166 [main] DEBUG org.hibernate.HQL_FUNCTIONS - Timestamp now()
25-08-15 12:43:44.166 [main] DEBUG org.hibernate.HQL_FUNCTIONS - nth_valueANY value, INTEGER nth
25-08-15 12:43:44.166 [main] DEBUG org.hibernate.HQL_FUNCTIONS - nullif(arg0, arg1)
25-08-15 12:43:44.166 [main] DEBUG org.hibernate.HQL_FUNCTIONS - Integer octet_length(STRING_OR_CLOB arg)
25-08-15 12:43:44.166 [main] DEBUG org.hibernate.HQL_FUNCTIONS - OffsetDateTime offset datetime
25-08-15 12:43:44.166 [main] DEBUG org.hibernate.HQL_FUNCTIONS - OffsetDateTime offset_datetime
25-08-15 12:43:44.166 [main] DEBUG org.hibernate.HQL_FUNCTIONS - String overlay(STRING string placing STRING replacement from INTEGER start[ for INTEGER length])
25-08-15 12:43:44.166 [main] DEBUG org.hibernate.HQL_FUNCTIONS - String pad(STRING string with INTEGER length {leading|trailing}[ STRING character])
25-08-15 12:43:44.166 [main] DEBUG org.hibernate.HQL_FUNCTIONS - Double percent_rank([arg0[, ...]])
25-08-15 12:43:44.166 [main] DEBUG org.hibernate.HQL_FUNCTIONS - percentile_cont(NUMERIC arg)
25-08-15 12:43:44.166 [main] DEBUG org.hibernate.HQL_FUNCTIONS - percentile_disc(NUMERIC arg)
25-08-15 12:43:44.166 [main] DEBUG org.hibernate.HQL_FUNCTIONS - Double pi
25-08-15 12:43:44.166 [main] DEBUG org.hibernate.HQL_FUNCTIONS - Integer position(STRING pattern in STRING string)
25-08-15 12:43:44.166 [main] DEBUG org.hibernate.HQL_FUNCTIONS - Double power(NUMERIC arg0, NUMERIC arg1)
25-08-15 12:43:44.166 [main] DEBUG org.hibernate.HQL_FUNCTIONS - Integer quarter(DATE arg)
25-08-15 12:43:44.166 [main] DEBUG org.hibernate.HQL_FUNCTIONS - Double radians(NUMERIC arg)
25-08-15 12:43:44.166 [main] DEBUG org.hibernate.HQL_FUNCTIONS - Double rand([INTEGER seed])
25-08-15 12:43:44.166 [main] DEBUG org.hibernate.HQL_FUNCTIONS - Long rank([arg0[, ...]])
25-08-15 12:43:44.166 [main] DEBUG org.hibernate.HQL_FUNCTIONS - String repeat(STRING string, INTEGER times)
25-08-15 12:43:44.166 [main] DEBUG org.hibernate.HQL_FUNCTIONS - String replace(STRING string, STRING pattern, STRING replacement)
25-08-15 12:43:44.166 [main] DEBUG org.hibernate.HQL_FUNCTIONS - String right(STRING string, INTEGER length)
25-08-15 12:43:44.166 [main] DEBUG org.hibernate.HQL_FUNCTIONS - round(NUMERIC number[, INTEGER places])
25-08-15 12:43:44.167 [main] DEBUG org.hibernate.HQL_FUNCTIONS - Long row_number()
25-08-15 12:43:44.171 [main] DEBUG org.hibernate.HQL_FUNCTIONS - Long rownum()
25-08-15 12:43:44.171 [main] DEBUG org.hibernate.HQL_FUNCTIONS - String rpad(STRING string, INTEGER length[, STRING padding])
25-08-15 12:43:44.171 [main] DEBUG org.hibernate.HQL_FUNCTIONS - String rtrim(STRING string)
25-08-15 12:43:44.171 [main] DEBUG org.hibernate.HQL_FUNCTIONS - Integer second(TIME arg)
25-08-15 12:43:44.171 [main] DEBUG org.hibernate.HQL_FUNCTIONS - Integer sign(NUMERIC arg)
25-08-15 12:43:44.171 [main] DEBUG org.hibernate.HQL_FUNCTIONS - Double sin(NUMERIC arg)
25-08-15 12:43:44.171 [main] DEBUG org.hibernate.HQL_FUNCTIONS - Double sinh(NUMERIC arg)
25-08-15 12:43:44.171 [main] DEBUG org.hibernate.HQL_FUNCTIONS - String soundex(arg)
25-08-15 12:43:44.171 [main] DEBUG org.hibernate.HQL_FUNCTIONS - String space(INTEGER arg)
25-08-15 12:43:44.171 [main] DEBUG org.hibernate.HQL_FUNCTIONS - Object sql
25-08-15 12:43:44.171 [main] DEBUG org.hibernate.HQL_FUNCTIONS - Double sqrt(NUMERIC arg)
25-08-15 12:43:44.171 [main] DEBUG org.hibernate.HQL_FUNCTIONS - Double stddev_pop(NUMERIC arg)
25-08-15 12:43:44.171 [main] DEBUG org.hibernate.HQL_FUNCTIONS - Double stddev_samp(NUMERIC arg)
25-08-15 12:43:44.171 [main] DEBUG org.hibernate.HQL_FUNCTIONS - String str(arg)
25-08-15 12:43:44.171 [main] DEBUG org.hibernate.HQL_FUNCTIONS - String substr(STRING string, INTEGER start[, INTEGER length])
25-08-15 12:43:44.171 [main] DEBUG org.hibernate.HQL_FUNCTIONS - String substring(STRING string{ from|,} INTEGER start[{ for|,} INTEGER length])
25-08-15 12:43:44.171 [main] DEBUG org.hibernate.HQL_FUNCTIONS - sum(arg)
25-08-15 12:43:44.171 [main] DEBUG org.hibernate.HQL_FUNCTIONS - Timestamp sysdate
25-08-15 12:43:44.171 [main] DEBUG org.hibernate.HQL_FUNCTIONS - Double tan(NUMERIC arg)
25-08-15 12:43:44.171 [main] DEBUG org.hibernate.HQL_FUNCTIONS - Double tanh(NUMERIC arg)
25-08-15 12:43:44.171 [main] DEBUG org.hibernate.HQL_FUNCTIONS - timestampadd(TEMPORAL_UNIT field, INTEGER magnitude, TEMPORAL datetime)
25-08-15 12:43:44.171 [main] DEBUG org.hibernate.HQL_FUNCTIONS - Long|Double timestampdiff(TEMPORAL_UNIT field, TEMPORAL start, TEMPORAL end)
25-08-15 12:43:44.172 [main] DEBUG org.hibernate.HQL_FUNCTIONS - String translate(STRING arg0, STRING arg1, STRING arg2)
25-08-15 12:43:44.172 [main] DEBUG org.hibernate.HQL_FUNCTIONS - String trim([[{leading|trailing|both} ][STRING arg0 ]from] STRING arg1)
25-08-15 12:43:44.172 [main] DEBUG org.hibernate.HQL_FUNCTIONS - trunc( ... )
25-08-15 12:43:44.172 [main] DEBUG org.hibernate.HQL_FUNCTIONS - truncate( ... )
25-08-15 12:43:44.172 [main] DEBUG org.hibernate.HQL_FUNCTIONS - String upper(STRING string)
25-08-15 12:43:44.172 [main] DEBUG org.hibernate.HQL_FUNCTIONS - Double var_pop(NUMERIC arg)
25-08-15 12:43:44.172 [main] DEBUG org.hibernate.HQL_FUNCTIONS - Double var_samp(NUMERIC arg)
25-08-15 12:43:44.172 [main] DEBUG org.hibernate.HQL_FUNCTIONS - Integer week(DATE arg)
25-08-15 12:43:44.172 [main] DEBUG org.hibernate.HQL_FUNCTIONS - Integer year(DATE arg)
25-08-15 12:43:44.195 [main] DEBUG org.hibernate.orm.query.plan.cache - Starting QueryInterpretationCache(2048)
25-08-15 12:43:44.436 [main] DEBUG o.h.s.i.SessionFactoryServiceRegistr - EventListenerRegistry access via ServiceRegistry is deprecated.  Use `sessionFactory.getEventEngine().getListenerRegistry()` instead
25-08-15 12:43:44.440 [main] DEBUG o.h.e.i.EntityCopyObserverFactoryIni - Configured EntityCopyObserver strategy: disallow
25-08-15 12:43:44.569 [main] DEBUG o.h.b.internal.ClassLoaderAccessImpl - Not known whether passed class name [com.codeit.discodeit.entity.BinaryContent] is safe
25-08-15 12:43:44.569 [main] DEBUG o.h.b.internal.ClassLoaderAccessImpl - No temp ClassLoader provided; using live ClassLoader for loading potentially unsafe class : com.codeit.discodeit.entity.BinaryContent
25-08-15 12:43:44.771 [main] DEBUG o.h.b.i.b.BytecodeProviderImpl - HHH000513: Unable to create the ReflectionOptimizer for [com.codeit.discodeit.entity.BinaryContent]: private accessor [contentType]
25-08-15 12:43:44.798 [main] DEBUG o.hibernate.ormbytecode.interceptor - To-one property `com.codeit.discodeit.entity.UserStatus#user` was mapped with LAZY + NO_PROXY but the class was not enhanced
25-08-15 12:43:44.799 [main] DEBUG o.hibernate.ormbytecode.interceptor - To-one property `com.codeit.discodeit.entity.UserStatus#user` was mapped with LAZY + NO_PROXY but the class was not enhanced
25-08-15 12:43:44.799 [main] DEBUG o.h.b.internal.ClassLoaderAccessImpl - Not known whether passed class name [com.codeit.discodeit.entity.UserStatus] is safe
25-08-15 12:43:44.799 [main] DEBUG o.h.b.internal.ClassLoaderAccessImpl - No temp ClassLoader provided; using live ClassLoader for loading potentially unsafe class : com.codeit.discodeit.entity.UserStatus
25-08-15 12:43:44.809 [main] DEBUG o.h.b.i.b.BytecodeProviderImpl - HHH000513: Unable to create the ReflectionOptimizer for [com.codeit.discodeit.entity.UserStatus]: private accessor [createdAt]
25-08-15 12:43:44.809 [main] DEBUG o.hibernate.ormbytecode.interceptor - To-one property `com.codeit.discodeit.entity.UserStatus#user` was mapped with LAZY + NO_PROXY but the class was not enhanced
25-08-15 12:43:44.809 [main] DEBUG o.h.b.internal.ClassLoaderAccessImpl - Not known whether passed class name [com.codeit.discodeit.entity.ReadStatus] is safe
25-08-15 12:43:44.809 [main] DEBUG o.h.b.internal.ClassLoaderAccessImpl - No temp ClassLoader provided; using live ClassLoader for loading potentially unsafe class : com.codeit.discodeit.entity.ReadStatus
25-08-15 12:43:44.820 [main] DEBUG o.h.b.i.b.BytecodeProviderImpl - HHH000513: Unable to create the ReflectionOptimizer for [com.codeit.discodeit.entity.ReadStatus]: private accessor [channel]
25-08-15 12:43:44.820 [main] DEBUG o.h.b.internal.ClassLoaderAccessImpl - Not known whether passed class name [com.codeit.discodeit.entity.Channel] is safe
25-08-15 12:43:44.820 [main] DEBUG o.h.b.internal.ClassLoaderAccessImpl - No temp ClassLoader provided; using live ClassLoader for loading potentially unsafe class : com.codeit.discodeit.entity.Channel
25-08-15 12:43:44.829 [main] DEBUG o.h.b.i.b.BytecodeProviderImpl - HHH000513: Unable to create the ReflectionOptimizer for [com.codeit.discodeit.entity.Channel]: private accessor [createdAt]
25-08-15 12:43:44.831 [main] DEBUG o.h.b.internal.ClassLoaderAccessImpl - Not known whether passed class name [com.codeit.discodeit.entity.Message] is safe
25-08-15 12:43:44.831 [main] DEBUG o.h.b.internal.ClassLoaderAccessImpl - No temp ClassLoader provided; using live ClassLoader for loading potentially unsafe class : com.codeit.discodeit.entity.Message
25-08-15 12:43:44.841 [main] DEBUG o.h.b.i.b.BytecodeProviderImpl - HHH000513: Unable to create the ReflectionOptimizer for [com.codeit.discodeit.entity.Message]: private accessor [attachments]
25-08-15 12:43:44.842 [main] DEBUG o.hibernate.ormbytecode.interceptor - To-one property `com.codeit.discodeit.entity.User#status` was mapped with LAZY + NO_PROXY but the class was not enhanced
25-08-15 12:43:44.842 [main] DEBUG o.hibernate.ormbytecode.interceptor - To-one property `com.codeit.discodeit.entity.User#status` was mapped with LAZY + NO_PROXY but the class was not enhanced
25-08-15 12:43:44.842 [main] DEBUG o.h.b.internal.ClassLoaderAccessImpl - Not known whether passed class name [com.codeit.discodeit.entity.User] is safe
25-08-15 12:43:44.842 [main] DEBUG o.h.b.internal.ClassLoaderAccessImpl - No temp ClassLoader provided; using live ClassLoader for loading potentially unsafe class : com.codeit.discodeit.entity.User
25-08-15 12:43:44.853 [main] DEBUG o.h.b.i.b.BytecodeProviderImpl - HHH000513: Unable to create the ReflectionOptimizer for [com.codeit.discodeit.entity.User]: private accessor [createdAt]
25-08-15 12:43:44.853 [main] DEBUG o.hibernate.ormbytecode.interceptor - To-one property `com.codeit.discodeit.entity.User#status` was mapped with LAZY + NO_PROXY but the class was not enhanced
25-08-15 12:43:44.905 [main] DEBUG o.h.orm.model.mapping.creation - Starting post-init callbacks
25-08-15 12:43:44.905 [main] DEBUG o.h.orm.model.mapping.creation - Starting PostInitCallbackEntry : Entity(com.codeit.discodeit.entity.BinaryContent) `staticFetchableList` generator
25-08-15 12:43:44.906 [main] DEBUG o.h.orm.model.mapping.creation - Starting PostInitCallbackEntry : To-one key - NavigableRole[com.codeit.discodeit.entity.UserStatus.user]
25-08-15 12:43:44.909 [main] DEBUG o.h.orm.model.mapping.creation - Starting PostInitCallbackEntry : Entity(com.codeit.discodeit.entity.UserStatus) `staticFetchableList` generator
25-08-15 12:43:44.909 [main] DEBUG o.h.orm.model.mapping.creation - Starting PostInitCallbackEntry : To-one key - NavigableRole[com.codeit.discodeit.entity.ReadStatus.channel]
25-08-15 12:43:44.909 [main] DEBUG o.h.orm.model.mapping.creation - Starting PostInitCallbackEntry : To-one key - NavigableRole[com.codeit.discodeit.entity.ReadStatus.user]
25-08-15 12:43:44.909 [main] DEBUG o.h.orm.model.mapping.creation - Starting PostInitCallbackEntry : Entity(com.codeit.discodeit.entity.ReadStatus) `staticFetchableList` generator
25-08-15 12:43:44.909 [main] DEBUG o.h.orm.model.mapping.creation - Starting PostInitCallbackEntry : Entity(com.codeit.discodeit.entity.Channel) `staticFetchableList` generator
25-08-15 12:43:44.909 [main] DEBUG o.h.orm.model.mapping.creation - Starting PostInitCallbackEntry : PluralAttributeMapping( NavigableRole[com.codeit.discodeit.entity.Message.attachments#{element}]) - element descriptor
25-08-15 12:43:44.909 [main] DEBUG o.h.orm.model.mapping.creation - Starting PostInitCallbackEntry : PluralAttributeMapping(com.codeit.discodeit.entity.Message.attachments)#finishInitialization
25-08-15 12:43:44.909 [main] DEBUG o.h.orm.model.mapping.creation - Starting PostInitCallbackEntry : PluralAttributeMapping(com.codeit.discodeit.entity.Message.attachments) - key descriptor
25-08-15 12:43:44.910 [main] DEBUG o.h.orm.model.mapping.creation - Starting PostInitCallbackEntry : To-one key - NavigableRole[com.codeit.discodeit.entity.Message.author]
25-08-15 12:43:44.910 [main] DEBUG o.h.orm.model.mapping.creation - Starting PostInitCallbackEntry : To-one key - NavigableRole[com.codeit.discodeit.entity.Message.channel]
25-08-15 12:43:44.910 [main] DEBUG o.h.orm.model.mapping.creation - Starting PostInitCallbackEntry : Entity(com.codeit.discodeit.entity.Message) `staticFetchableList` generator
25-08-15 12:43:44.910 [main] DEBUG o.h.orm.model.mapping.creation - Starting PostInitCallbackEntry : To-one key - NavigableRole[com.codeit.discodeit.entity.User.profile]
25-08-15 12:43:44.910 [main] DEBUG o.h.orm.model.mapping.creation - Starting PostInitCallbackEntry : To-one key - NavigableRole[com.codeit.discodeit.entity.User.status]
25-08-15 12:43:44.910 [main] DEBUG o.h.orm.model.mapping.creation - Starting PostInitCallbackEntry : Entity(com.codeit.discodeit.entity.User) `staticFetchableList` generator
25-08-15 12:43:44.910 [main] DEBUG o.h.orm.model.mapping.creation - Starting PostInitCallbackEntry : PluralAttributeMapping( NavigableRole[com.codeit.discodeit.entity.Message.attachments#{element}]) - element descriptor
25-08-15 12:43:44.993 [main] DEBUG org.hibernate.orm.sql.ast.create - Created new SQL alias : bc1_0
25-08-15 12:43:44.995 [main] DEBUG org.hibernate.orm.sql.ast.create - Registration of TableGroup [StandardTableGroup(com.codeit.discodeit.entity.BinaryContent)] with identifierForTableGroup [com.codeit.discodeit.entity.BinaryContent] for NavigablePath [com.codeit.discodeit.entity.BinaryContent] 
25-08-15 12:43:45.014 [main] DEBUG org.hibernate.orm.results.graph.AST - DomainResult Graph:
 \-EntityResultImpl [com.codeit.discodeit.entity.BinaryContent]
 |  +-BasicFetch [com.codeit.discodeit.entity.BinaryContent.contentType]
 |  +-BasicFetch [com.codeit.discodeit.entity.BinaryContent.createdAt]
 |  +-BasicFetch [com.codeit.discodeit.entity.BinaryContent.fileName]
 |  \-BasicFetch [com.codeit.discodeit.entity.BinaryContent.size]

25-08-15 12:43:45.016 [main] DEBUG org.hibernate.orm.sql.ast.tree - SQL AST Tree:
    SelectStatement {
      FromClause {
        StandardTableGroup (bc1 : com.codeit.discodeit.entity.BinaryContent) {
          primaryTableReference : binary_contents as bc1_0
        }
      }
    }

25-08-15 12:43:45.026 [main] DEBUG o.h.p.entity.AbstractEntityPersister - Static SQL for entity: com.codeit.discodeit.entity.BinaryContent
25-08-15 12:43:45.026 [main] DEBUG o.h.p.entity.AbstractEntityPersister -  Version select: select id from binary_contents where id=?
25-08-15 12:43:45.026 [main] DEBUG o.h.p.entity.AbstractEntityPersister -  Insert (0): insert into binary_contents (content_type,created_at,file_name,size,id) values (?,?,?,?,?)
25-08-15 12:43:45.026 [main] DEBUG o.h.p.entity.AbstractEntityPersister -  Update (0): update binary_contents set content_type=?,file_name=?,size=? where id=?
25-08-15 12:43:45.026 [main] DEBUG o.h.p.entity.AbstractEntityPersister -  Delete (0): delete from binary_contents where id=?
25-08-15 12:43:45.026 [main] DEBUG org.hibernate.orm.sql.ast.create - Created new SQL alias : us1_0
25-08-15 12:43:45.027 [main] DEBUG org.hibernate.orm.sql.ast.create - Registration of TableGroup [StandardTableGroup(com.codeit.discodeit.entity.UserStatus)] with identifierForTableGroup [com.codeit.discodeit.entity.UserStatus] for NavigablePath [com.codeit.discodeit.entity.UserStatus] 
25-08-15 12:43:45.032 [main] DEBUG org.hibernate.orm.sql.ast.create - Registration of TableGroup [org.hibernate.sql.ast.tree.from.LazyTableGroup@fdeec12] with identifierForTableGroup [com.codeit.discodeit.entity.UserStatus.user] for NavigablePath [com.codeit.discodeit.entity.UserStatus.user] 
25-08-15 12:43:45.035 [main] DEBUG org.hibernate.orm.sql.ast.create - Created new SQL alias : u1_0
25-08-15 12:43:45.036 [main] DEBUG org.hibernate.orm.sql.ast.create - Registration of TableGroup [org.hibernate.sql.ast.tree.from.LazyTableGroup@421c057a] with identifierForTableGroup [com.codeit.discodeit.entity.UserStatus.user.profile] for NavigablePath [com.codeit.discodeit.entity.UserStatus.user.profile] 
25-08-15 12:43:45.042 [main] DEBUG org.hibernate.orm.results.graph.AST - DomainResult Graph:
 \-EntityResultImpl [com.codeit.discodeit.entity.UserStatus]
 |  +-BasicFetch [com.codeit.discodeit.entity.UserStatus.createdAt]
 |  +-BasicFetch [com.codeit.discodeit.entity.UserStatus.lastActiveAt]
 |  +-BasicFetch [com.codeit.discodeit.entity.UserStatus.updatedAt]
 |  \-EntityFetchJoinedImpl [com.codeit.discodeit.entity.UserStatus.user]
 |  |  +-BasicFetch [com.codeit.discodeit.entity.UserStatus.user.createdAt]
 |  |  +-BasicFetch [com.codeit.discodeit.entity.UserStatus.user.email]
 |  |  +-BasicFetch [com.codeit.discodeit.entity.UserStatus.user.password]
 |  |  +-EntityDelayedFetchImpl [com.codeit.discodeit.entity.UserStatus.user.profile]
 |  |  +-CircularBiDirectionalFetchImpl [com.codeit.discodeit.entity.UserStatus.user.status]
 |  |  +-BasicFetch [com.codeit.discodeit.entity.UserStatus.user.updatedAt]
 |  |  \-BasicFetch [com.codeit.discodeit.entity.UserStatus.user.username]

25-08-15 12:43:45.043 [main] DEBUG org.hibernate.orm.sql.ast.tree - SQL AST Tree:
    SelectStatement {
      FromClause {
        StandardTableGroup (us1 : com.codeit.discodeit.entity.UserStatus) {
          primaryTableReference : user_statuses as us1_0
          TableGroupJoins {
             join LazyTableGroup (u1 : com.codeit.discodeit.entity.UserStatus.user) {
              primaryTableReference : users as u1_0
              TableGroupJoins {
                left  join LazyTableGroup (p1 : com.codeit.discodeit.entity.UserStatus.user.profile) {
                }
              }
            }
          }
        }
      }
    }

25-08-15 12:43:45.045 [main] DEBUG o.h.p.entity.AbstractEntityPersister - Static SQL for entity: com.codeit.discodeit.entity.UserStatus
25-08-15 12:43:45.045 [main] DEBUG o.h.p.entity.AbstractEntityPersister -  Version select: select id from user_statuses where id=?
25-08-15 12:43:45.045 [main] DEBUG o.h.p.entity.AbstractEntityPersister -  Insert (0): insert into user_statuses (created_at,last_active_at,updated_at,user_id,id) values (?,?,?,?,?)
25-08-15 12:43:45.045 [main] DEBUG o.h.p.entity.AbstractEntityPersister -  Update (0): update user_statuses set last_active_at=?,updated_at=?,user_id=? where id=?
25-08-15 12:43:45.045 [main] DEBUG o.h.p.entity.AbstractEntityPersister -  Delete (0): delete from user_statuses where id=?
25-08-15 12:43:45.045 [main] DEBUG org.hibernate.orm.sql.ast.create - Created new SQL alias : rs1_0
25-08-15 12:43:45.045 [main] DEBUG org.hibernate.orm.sql.ast.create - Registration of TableGroup [StandardTableGroup(com.codeit.discodeit.entity.ReadStatus)] with identifierForTableGroup [com.codeit.discodeit.entity.ReadStatus] for NavigablePath [com.codeit.discodeit.entity.ReadStatus] 
25-08-15 12:43:45.045 [main] DEBUG org.hibernate.orm.sql.ast.create - Registration of TableGroup [org.hibernate.sql.ast.tree.from.LazyTableGroup@232899d1] with identifierForTableGroup [com.codeit.discodeit.entity.ReadStatus.channel] for NavigablePath [com.codeit.discodeit.entity.ReadStatus.channel] 
25-08-15 12:43:45.045 [main] DEBUG org.hibernate.orm.sql.ast.create - Registration of TableGroup [org.hibernate.sql.ast.tree.from.LazyTableGroup@522221e1] with identifierForTableGroup [com.codeit.discodeit.entity.ReadStatus.user] for NavigablePath [com.codeit.discodeit.entity.ReadStatus.user] 
25-08-15 12:43:45.045 [main] DEBUG org.hibernate.orm.results.graph.AST - DomainResult Graph:
 \-EntityResultImpl [com.codeit.discodeit.entity.ReadStatus]
 |  +-EntityDelayedFetchImpl [com.codeit.discodeit.entity.ReadStatus.channel]
 |  +-BasicFetch [com.codeit.discodeit.entity.ReadStatus.createdAt]
 |  +-BasicFetch [com.codeit.discodeit.entity.ReadStatus.lastReadAt]
 |  +-BasicFetch [com.codeit.discodeit.entity.ReadStatus.updatedAt]
 |  \-EntityDelayedFetchImpl [com.codeit.discodeit.entity.ReadStatus.user]

25-08-15 12:43:45.046 [main] DEBUG org.hibernate.orm.sql.ast.tree - SQL AST Tree:
    SelectStatement {
      FromClause {
        StandardTableGroup (rs1 : com.codeit.discodeit.entity.ReadStatus) {
          primaryTableReference : read_statuses as rs1_0
          TableGroupJoins {
            left  join LazyTableGroup (c1 : com.codeit.discodeit.entity.ReadStatus.channel) {
            }
            left  join LazyTableGroup (u1 : com.codeit.discodeit.entity.ReadStatus.user) {
            }
          }
        }
      }
    }

25-08-15 12:43:45.046 [main] DEBUG o.h.p.entity.AbstractEntityPersister - Static SQL for entity: com.codeit.discodeit.entity.ReadStatus
25-08-15 12:43:45.046 [main] DEBUG o.h.p.entity.AbstractEntityPersister -  Version select: select id from read_statuses where id=?
25-08-15 12:43:45.046 [main] DEBUG o.h.p.entity.AbstractEntityPersister -  Insert (0): insert into read_statuses (channel_id,created_at,last_read_at,updated_at,user_id,id) values (?,?,?,?,?,?)
25-08-15 12:43:45.046 [main] DEBUG o.h.p.entity.AbstractEntityPersister -  Update (0): update read_statuses set channel_id=?,last_read_at=?,updated_at=?,user_id=? where id=?
25-08-15 12:43:45.046 [main] DEBUG o.h.p.entity.AbstractEntityPersister -  Delete (0): delete from read_statuses where id=?
25-08-15 12:43:45.046 [main] DEBUG org.hibernate.orm.sql.ast.create - Created new SQL alias : c1_0
25-08-15 12:43:45.046 [main] DEBUG org.hibernate.orm.sql.ast.create - Registration of TableGroup [StandardTableGroup(com.codeit.discodeit.entity.Channel)] with identifierForTableGroup [com.codeit.discodeit.entity.Channel] for NavigablePath [com.codeit.discodeit.entity.Channel] 
25-08-15 12:43:45.046 [main] DEBUG org.hibernate.orm.results.graph.AST - DomainResult Graph:
 \-EntityResultImpl [com.codeit.discodeit.entity.Channel]
 |  +-BasicFetch [com.codeit.discodeit.entity.Channel.createdAt]
 |  +-BasicFetch [com.codeit.discodeit.entity.Channel.description]
 |  +-BasicFetch [com.codeit.discodeit.entity.Channel.name]
 |  +-BasicFetch [com.codeit.discodeit.entity.Channel.type]
 |  \-BasicFetch [com.codeit.discodeit.entity.Channel.updatedAt]

25-08-15 12:43:45.046 [main] DEBUG org.hibernate.orm.sql.ast.tree - SQL AST Tree:
    SelectStatement {
      FromClause {
        StandardTableGroup (c1 : com.codeit.discodeit.entity.Channel) {
          primaryTableReference : channels as c1_0
        }
      }
    }

25-08-15 12:43:45.046 [main] DEBUG o.h.p.entity.AbstractEntityPersister - Static SQL for entity: com.codeit.discodeit.entity.Channel
25-08-15 12:43:45.046 [main] DEBUG o.h.p.entity.AbstractEntityPersister -  Version select: select id from channels where id=?
25-08-15 12:43:45.046 [main] DEBUG o.h.p.entity.AbstractEntityPersister -  Insert (0): insert into channels (created_at,description,name,type,updated_at,id) values (?,?,?,?,?,?)
25-08-15 12:43:45.046 [main] DEBUG o.h.p.entity.AbstractEntityPersister -  Update (0): update channels set description=?,name=?,type=?,updated_at=? where id=?
25-08-15 12:43:45.046 [main] DEBUG o.h.p.entity.AbstractEntityPersister -  Delete (0): delete from channels where id=?
25-08-15 12:43:45.047 [main] DEBUG org.hibernate.orm.sql.ast.create - Created new SQL alias : m1_0
25-08-15 12:43:45.047 [main] DEBUG org.hibernate.orm.sql.ast.create - Registration of TableGroup [StandardTableGroup(com.codeit.discodeit.entity.Message)] with identifierForTableGroup [com.codeit.discodeit.entity.Message] for NavigablePath [com.codeit.discodeit.entity.Message] 
25-08-15 12:43:45.047 [main] DEBUG org.hibernate.orm.sql.ast.create - Registration of TableGroup [org.hibernate.sql.ast.tree.from.LazyTableGroup@216c6825] with identifierForTableGroup [com.codeit.discodeit.entity.Message.author] for NavigablePath [com.codeit.discodeit.entity.Message.author] 
25-08-15 12:43:45.047 [main] DEBUG org.hibernate.orm.sql.ast.create - Registration of TableGroup [org.hibernate.sql.ast.tree.from.LazyTableGroup@56ece9c] with identifierForTableGroup [com.codeit.discodeit.entity.Message.channel] for NavigablePath [com.codeit.discodeit.entity.Message.channel] 
25-08-15 12:43:45.048 [main] DEBUG org.hibernate.orm.results.graph.AST - DomainResult Graph:
 \-EntityResultImpl [com.codeit.discodeit.entity.Message]
 |  +-DelayedCollectionFetch [com.codeit.discodeit.entity.Message.attachments]
 |  +-EntityDelayedFetchImpl [com.codeit.discodeit.entity.Message.author]
 |  +-EntityDelayedFetchImpl [com.codeit.discodeit.entity.Message.channel]
 |  +-BasicFetch [com.codeit.discodeit.entity.Message.content]
 |  +-BasicFetch [com.codeit.discodeit.entity.Message.createdAt]
 |  \-BasicFetch [com.codeit.discodeit.entity.Message.updatedAt]

25-08-15 12:43:45.048 [main] DEBUG org.hibernate.orm.sql.ast.tree - SQL AST Tree:
    SelectStatement {
      FromClause {
        StandardTableGroup (m1 : com.codeit.discodeit.entity.Message) {
          primaryTableReference : messages as m1_0
          TableGroupJoins {
            left  join LazyTableGroup (a1 : com.codeit.discodeit.entity.Message.author) {
            }
            left  join LazyTableGroup (c1 : com.codeit.discodeit.entity.Message.channel) {
            }
          }
        }
      }
    }

25-08-15 12:43:45.048 [main] DEBUG o.h.p.entity.AbstractEntityPersister - Static SQL for entity: com.codeit.discodeit.entity.Message
25-08-15 12:43:45.048 [main] DEBUG o.h.p.entity.AbstractEntityPersister -  Version select: select id from messages where id=?
25-08-15 12:43:45.048 [main] DEBUG o.h.p.entity.AbstractEntityPersister -  Insert (0): insert into messages (user_id,channel_id,content,created_at,updated_at,id) values (?,?,?,?,?,?)
25-08-15 12:43:45.048 [main] DEBUG o.h.p.entity.AbstractEntityPersister -  Update (0): update messages set user_id=?,channel_id=?,content=?,updated_at=? where id=?
25-08-15 12:43:45.048 [main] DEBUG o.h.p.entity.AbstractEntityPersister -  Delete (0): delete from messages where id=?
25-08-15 12:43:45.048 [main] DEBUG org.hibernate.orm.sql.ast.create - Created new SQL alias : u1_0
25-08-15 12:43:45.048 [main] DEBUG org.hibernate.orm.sql.ast.create - Registration of TableGroup [StandardTableGroup(com.codeit.discodeit.entity.User)] with identifierForTableGroup [com.codeit.discodeit.entity.User] for NavigablePath [com.codeit.discodeit.entity.User] 
25-08-15 12:43:45.048 [main] DEBUG org.hibernate.orm.sql.ast.create - Registration of TableGroup [org.hibernate.sql.ast.tree.from.LazyTableGroup@2735a7dc] with identifierForTableGroup [com.codeit.discodeit.entity.User.profile] for NavigablePath [com.codeit.discodeit.entity.User.profile] 
25-08-15 12:43:45.048 [main] DEBUG org.hibernate.orm.sql.ast.create - Registration of TableGroup [org.hibernate.sql.ast.tree.from.LazyTableGroup@549b26d7] with identifierForTableGroup [com.codeit.discodeit.entity.User.status] for NavigablePath [com.codeit.discodeit.entity.User.status] 
25-08-15 12:43:45.049 [main] DEBUG org.hibernate.orm.sql.ast.create - Created new SQL alias : s1_0
25-08-15 12:43:45.049 [main] DEBUG org.hibernate.orm.sql.ast.create - Registration of TableGroup [org.hibernate.sql.ast.tree.from.LazyTableGroup@2c9430c6] with identifierForTableGroup [com.codeit.discodeit.entity.User.status.user] for NavigablePath [com.codeit.discodeit.entity.User.status.user] 
25-08-15 12:43:45.049 [main] DEBUG org.hibernate.orm.results.graph.AST - DomainResult Graph:
 \-EntityResultImpl [com.codeit.discodeit.entity.User]
 |  +-BasicFetch [com.codeit.discodeit.entity.User.createdAt]
 |  +-BasicFetch [com.codeit.discodeit.entity.User.email]
 |  +-BasicFetch [com.codeit.discodeit.entity.User.password]
 |  +-EntityDelayedFetchImpl [com.codeit.discodeit.entity.User.profile]
 |  +-EntityFetchJoinedImpl [com.codeit.discodeit.entity.User.status]
 |  |  +-BasicFetch [com.codeit.discodeit.entity.User.status.createdAt]
 |  |  +-BasicFetch [com.codeit.discodeit.entity.User.status.lastActiveAt]
 |  |  +-BasicFetch [com.codeit.discodeit.entity.User.status.updatedAt]
 |  |  \-CircularBiDirectionalFetchImpl [com.codeit.discodeit.entity.User.status.user]
 |  +-BasicFetch [com.codeit.discodeit.entity.User.updatedAt]
 |  \-BasicFetch [com.codeit.discodeit.entity.User.username]

25-08-15 12:43:45.049 [main] DEBUG org.hibernate.orm.sql.ast.tree - SQL AST Tree:
    SelectStatement {
      FromClause {
        StandardTableGroup (u1 : com.codeit.discodeit.entity.User) {
          primaryTableReference : users as u1_0
          TableGroupJoins {
            left  join LazyTableGroup (p1 : com.codeit.discodeit.entity.User.profile) {
            }
            left  join LazyTableGroup (s1 : com.codeit.discodeit.entity.User.status) {
              primaryTableReference : user_statuses as s1_0
              TableGroupJoins {
                left  join LazyTableGroup (u2 : com.codeit.discodeit.entity.User.status.user) {
                }
              }
            }
          }
        }
      }
    }

25-08-15 12:43:45.049 [main] DEBUG o.h.p.entity.AbstractEntityPersister - Static SQL for entity: com.codeit.discodeit.entity.User
25-08-15 12:43:45.049 [main] DEBUG o.h.p.entity.AbstractEntityPersister -  Version select: select id from users where id=?
25-08-15 12:43:45.049 [main] DEBUG o.h.p.entity.AbstractEntityPersister -  Insert (0): insert into users (created_at,email,password,profile,updated_at,username,id) values (?,?,?,?,?,?,?)
25-08-15 12:43:45.049 [main] DEBUG o.h.p.entity.AbstractEntityPersister -  Update (0): update users set email=?,password=?,profile=?,updated_at=?,username=? where id=?
25-08-15 12:43:45.049 [main] DEBUG o.h.p.entity.AbstractEntityPersister -  Delete (0): delete from users where id=?
25-08-15 12:43:45.051 [main] DEBUG org.hibernate.orm.sql.ast.create - Created new SQL alias : a1_0
25-08-15 12:43:45.052 [main] DEBUG org.hibernate.orm.sql.ast.create - Registration of TableGroup [org.hibernate.sql.ast.tree.from.OneToManyTableGroup@5013c6bc] with identifierForTableGroup [com.codeit.discodeit.entity.Message.attachments] for NavigablePath [com.codeit.discodeit.entity.Message.attachments] 
25-08-15 12:43:45.052 [main] DEBUG org.hibernate.orm.sql.ast.create - Registration of TableGroup [StandardTableGroup(com.codeit.discodeit.entity.Message.attachments.{element})] with identifierForTableGroup [com.codeit.discodeit.entity.Message.attachments.{element}] for NavigablePath [com.codeit.discodeit.entity.Message.attachments.{element}] 
25-08-15 12:43:45.055 [main] DEBUG org.hibernate.orm.results.graph.AST - DomainResult Graph:
 \-CollectionDomainResult [com.codeit.discodeit.entity.Message.attachments]

25-08-15 12:43:45.055 [main] DEBUG org.hibernate.orm.sql.ast.tree - SQL AST Tree:
    SelectStatement {
      FromClause {
        OneToManyTableGroup (a1 : com.codeit.discodeit.entity.Message.attachments) {
          primaryTableReference : binary_contents as a1_0
        }
      }
    }

25-08-15 12:43:45.056 [main] DEBUG org.hibernate.orm.jdbc.mutation - Static SQL for collection: com.codeit.discodeit.entity.Message.attachments
25-08-15 12:43:45.056 [main] DEBUG org.hibernate.orm.jdbc.mutation -  Row insert: update binary_contents set message_id=? where id=?
25-08-15 12:43:45.057 [main] DEBUG org.hibernate.orm.jdbc.mutation -  Row delete: update binary_contents set message_id=null where message_id=? and id=?
25-08-15 12:43:45.057 [main] DEBUG org.hibernate.orm.jdbc.mutation -  One-shot delete: update binary_contents set message_id=null where message_id=?
25-08-15 12:43:45.097 [main] INFO  o.h.e.t.j.p.i.JtaPlatformInitiator - HHH000489: No JTA platform available (set 'hibernate.transaction.jta.platform' to enable JTA platform integration)
25-08-15 12:43:45.098 [main] DEBUG o.h.type.spi.TypeConfiguration$Scope - Scoping TypeConfiguration [org.hibernate.type.spi.TypeConfiguration@38347345] to SessionFactoryImplementor [org.hibernate.internal.SessionFactoryImpl@20425fab]
25-08-15 12:43:45.099 [main] DEBUG o.h.q.named.NamedObjectRepository - Checking 0 named HQL queries
25-08-15 12:43:45.099 [main] DEBUG o.h.q.named.NamedObjectRepository - Checking 0 named SQL queries
25-08-15 12:43:45.118 [main] DEBUG org.hibernate.SQL - 
    drop table if exists binary_contents cascade 
25-08-15 12:43:45.122 [main] DEBUG org.hibernate.SQL - 
    drop table if exists channels cascade 
25-08-15 12:43:45.122 [main] DEBUG org.hibernate.SQL - 
    drop table if exists messages cascade 
25-08-15 12:43:45.123 [main] DEBUG org.hibernate.SQL - 
    drop table if exists read_statuses cascade 
25-08-15 12:43:45.123 [main] DEBUG org.hibernate.SQL - 
    drop table if exists users cascade 
25-08-15 12:43:45.123 [main] DEBUG org.hibernate.SQL - 
    drop table if exists user_statuses cascade 
25-08-15 12:43:45.128 [main] DEBUG org.hibernate.SQL - 
    create table binary_contents (
        created_at timestamp(6) with time zone not null,
        size bigint not null,
        id uuid not null,
        message_id uuid,
        content_type varchar(255) not null,
        file_name varchar(255) not null,
        primary key (id)
    )
25-08-15 12:43:45.134 [main] DEBUG org.hibernate.SQL - 
    create table channels (
        type tinyint not null check (type between 0 and 1),
        created_at timestamp(6) with time zone not null,
        updated_at timestamp(6) with time zone not null,
        id uuid not null,
        description varchar(255),
        name varchar(255),
        primary key (id)
    )
25-08-15 12:43:45.138 [main] DEBUG org.hibernate.SQL - 
    create table messages (
        created_at timestamp(6) with time zone not null,
        updated_at timestamp(6) with time zone not null,
        channel_id uuid not null,
        id uuid not null,
        user_id uuid,
        content varchar(255) not null,
        primary key (id)
    )
25-08-15 12:43:45.139 [main] DEBUG org.hibernate.SQL - 
    create table read_statuses (
        created_at timestamp(6) with time zone not null,
        last_read_at timestamp(6) with time zone not null,
        updated_at timestamp(6) with time zone not null,
        channel_id uuid not null,
        id uuid not null,
        user_id uuid not null,
        primary key (id)
    )
25-08-15 12:43:45.140 [main] DEBUG org.hibernate.SQL - 
    create table users (
        created_at timestamp(6) with time zone not null,
        updated_at timestamp(6) with time zone not null,
        id uuid not null,
        profile uuid unique,
        username varchar(50) not null unique,
        password varchar(60) not null,
        email varchar(100) not null unique,
        primary key (id)
    )
25-08-15 12:43:45.142 [main] DEBUG org.hibernate.SQL - 
    create table user_statuses (
        created_at timestamp(6) with time zone not null,
        last_active_at timestamp(6) with time zone not null,
        updated_at timestamp(6) with time zone not null,
        id uuid not null,
        user_id uuid not null unique,
        primary key (id)
    )
25-08-15 12:43:45.145 [main] DEBUG org.hibernate.SQL - 
    alter table if exists binary_contents 
       add constraint FKaffo4mpem38t2jgoewjgbri2y 
       foreign key (message_id) 
       references messages
25-08-15 12:43:45.156 [main] DEBUG org.hibernate.SQL - 
    alter table if exists messages 
       add constraint FKpsmh6clh3csorw43eaodlqvkn 
       foreign key (user_id) 
       references users 
       on delete set null
25-08-15 12:43:45.157 [main] DEBUG org.hibernate.SQL - 
    alter table if exists messages 
       add constraint FK3u3ckbhwq9se1cmopk2pq05b2 
       foreign key (channel_id) 
       references channels 
       on delete cascade
25-08-15 12:43:45.158 [main] DEBUG org.hibernate.SQL - 
    alter table if exists read_statuses 
       add constraint FKa38ri44ml4gfdpklx4ahqr8gd 
       foreign key (channel_id) 
       references channels 
       on delete cascade
25-08-15 12:43:45.159 [main] DEBUG org.hibernate.SQL - 
    alter table if exists read_statuses 
       add constraint FKml3k4wr9sj5yxrmj6d0aoib2e 
       foreign key (user_id) 
       references users 
       on delete cascade
25-08-15 12:43:45.160 [main] DEBUG org.hibernate.SQL - 
    alter table if exists users 
       add constraint FK7onb7t1yl16xb8v7ttt568er8 
       foreign key (profile) 
       references binary_contents 
       on delete set null
25-08-15 12:43:45.161 [main] DEBUG org.hibernate.SQL - 
    alter table if exists user_statuses 
       add constraint FK4lfl3ei2ubchgcxrrpo3pw4mm 
       foreign key (user_id) 
       references users
25-08-15 12:43:45.165 [main] DEBUG o.h.internal.SessionFactoryRegistry - Initializing SessionFactoryRegistry : org.hibernate.internal.SessionFactoryRegistry@453de9d0
25-08-15 12:43:45.165 [main] DEBUG o.h.internal.SessionFactoryRegistry - Registering SessionFactory: 2330d514-cc52-4e1d-9d12-106a0ed2a79a (<unnamed>)
25-08-15 12:43:45.165 [main] DEBUG o.h.internal.SessionFactoryRegistry - Not binding SessionFactory to JNDI, no JNDI name configured
25-08-15 12:43:45.165 [main] TRACE o.h.type.spi.TypeConfiguration$Scope - Handling #sessionFactoryCreated from [org.hibernate.internal.SessionFactoryImpl@20425fab] for TypeConfiguration
25-08-15 12:43:45.165 [main] DEBUG o.h.internal.SessionFactoryImpl - Instantiated SessionFactory
25-08-15 12:43:45.166 [main] INFO  o.s.o.j.LocalContainerEntityManagerF - Initialized JPA EntityManagerFactory for persistence unit 'default'
25-08-15 12:43:45.170 [main] DEBUG o.s.b.f.s.DefaultListableBeanFactory - Creating shared instance of singleton bean 'discodeitApplication'
25-08-15 12:43:45.171 [main] DEBUG o.s.b.f.s.DefaultListableBeanFactory - Creating shared instance of singleton bean 'jacksonConfig'
25-08-15 12:43:45.171 [main] DEBUG o.s.b.f.s.DefaultListableBeanFactory - Creating shared instance of singleton bean 'authController'
25-08-15 12:43:45.176 [main] DEBUG o.s.b.f.s.DefaultListableBeanFactory - Creating shared instance of singleton bean 'basicAuthService'
25-08-15 12:43:45.178 [main] DEBUG o.s.b.f.s.DefaultListableBeanFactory - Creating shared instance of singleton bean 'userRepository'
25-08-15 12:43:45.185 [main] DEBUG o.s.b.f.s.DefaultListableBeanFactory - Creating shared instance of singleton bean 'jpa.named-queries#3'
25-08-15 12:43:45.187 [main] DEBUG o.s.b.f.s.DefaultListableBeanFactory - Creating shared instance of singleton bean 'jpa.UserRepository.fragments#0'
25-08-15 12:43:45.190 [main] DEBUG o.s.b.f.s.DefaultListableBeanFactory - Creating shared instance of singleton bean 'jpaSharedEM_entityManagerFactory'
25-08-15 12:43:45.218 [main] DEBUG o.s.b.f.s.DefaultListableBeanFactory - Creating shared instance of singleton bean 'jpaMappingContext'
25-08-15 12:43:45.219 [main] DEBUG o.s.d.j.r.c.JpaMetamodelMappingConte - Initializing JpaMetamodelMappingContext…
25-08-15 12:43:45.239 [main] DEBUG o.s.d.j.r.c.JpaMetamodelMappingConte - Finished initializing JpaMetamodelMappingContext
25-08-15 12:43:45.284 [main] DEBUG o.s.b.f.s.DefaultListableBeanFactory - Creating shared instance of singleton bean 'metricsRepositoryMethodInvocationListener'
25-08-15 12:43:45.284 [main] DEBUG o.s.b.f.s.DefaultListableBeanFactory - Creating shared instance of singleton bean 'org.springframework.boot.actuate.autoconfigure.metrics.data.RepositoryMetricsAutoConfiguration'
25-08-15 12:43:45.285 [main] DEBUG o.s.b.f.s.DefaultListableBeanFactory - Autowiring by type from bean name 'org.springframework.boot.actuate.autoconfigure.metrics.data.RepositoryMetricsAutoConfiguration' via constructor to bean named 'management.metrics-org.springframework.boot.actuate.autoconfigure.metrics.MetricsProperties'
25-08-15 12:43:45.286 [main] DEBUG o.s.b.f.s.DefaultListableBeanFactory - Creating shared instance of singleton bean 'repositoryTagsProvider'
25-08-15 12:43:45.288 [main] DEBUG o.s.b.f.s.DefaultListableBeanFactory - Autowiring by type from bean name 'metricsRepositoryMethodInvocationListener' via factory method to bean named 'repositoryTagsProvider'
25-08-15 12:43:45.328 [main] DEBUG o.s.d.r.c.s.RepositoryFactorySupport - Initializing repository instance for com.codeit.discodeit.repository.UserRepository…
25-08-15 12:43:45.413 [main] DEBUG o.s.d.j.repository.query.NamedQuery - Looking up named query 'User.findUserByUsername'
25-08-15 12:43:45.449 [main] DEBUG o.h.s.internal.StatisticsInitiator - Statistics initialized [enabled=false]
25-08-15 12:43:45.458 [main] DEBUG o.h.r.t.b.j.i.JdbcResourceLocalTrans - JDBC transaction marked for rollback-only (exception provided for stack trace)
java.lang.Exception: exception just for purpose of providing stack trace
	at org.hibernate.resource.transaction.backend.jdbc.internal.JdbcResourceLocalTransactionCoordinatorImpl$TransactionDriverControlImpl.markRollbackOnly(JdbcResourceLocalTransactionCoordinatorImpl.java:309)
	at org.hibernate.internal.AbstractSharedSessionContract.buildNamedQuery(AbstractSharedSessionContract.java:1141)
	at org.hibernate.internal.AbstractSharedSessionContract.createNamedQuery(AbstractSharedSessionContract.java:1019)
	at org.hibernate.internal.AbstractSharedSessionContract.createNamedQuery(AbstractSharedSessionContract.java:143)
	at java.base/jdk.internal.reflect.NativeMethodAccessorImpl.invoke0(Native Method)
	at java.base/jdk.internal.reflect.NativeMethodAccessorImpl.invoke(NativeMethodAccessorImpl.java:77)
	at java.base/jdk.internal.reflect.DelegatingMethodAccessorImpl.invoke(DelegatingMethodAccessorImpl.java:43)
	at java.base/java.lang.reflect.Method.invoke(Method.java:569)
	at org.springframework.orm.jpa.ExtendedEntityManagerCreator$ExtendedEntityManagerInvocationHandler.invoke(ExtendedEntityManagerCreator.java:364)
	at jdk.proxy2/jdk.proxy2.$Proxy159.createNamedQuery(Unknown Source)
	at org.springframework.data.jpa.repository.query.NamedQuery.hasNamedQuery(NamedQuery.java:120)
	at org.springframework.data.jpa.repository.query.NamedQuery.lookupFrom(NamedQuery.java:147)
	at org.springframework.data.jpa.repository.query.JpaQueryLookupStrategy$DeclaredQueryLookupStrategy.resolveQuery(JpaQueryLookupStrategy.java:184)
	at org.springframework.data.jpa.repository.query.JpaQueryLookupStrategy$CreateIfNotFoundQueryLookupStrategy.resolveQuery(JpaQueryLookupStrategy.java:254)
	at org.springframework.data.jpa.repository.query.JpaQueryLookupStrategy$AbstractQueryLookupStrategy.resolveQuery(JpaQueryLookupStrategy.java:99)
	at org.springframework.data.repository.core.support.QueryExecutorMethodInterceptor.lookupQuery(QueryExecutorMethodInterceptor.java:116)
	at org.springframework.data.repository.core.support.QueryExecutorMethodInterceptor.mapMethodsToQuery(QueryExecutorMethodInterceptor.java:104)
	at org.springframework.data.repository.core.support.QueryExecutorMethodInterceptor.lambda$new$0(QueryExecutorMethodInterceptor.java:92)
	at java.base/java.util.Optional.map(Optional.java:260)
	at org.springframework.data.repository.core.support.QueryExecutorMethodInterceptor.<init>(QueryExecutorMethodInterceptor.java:92)
	at org.springframework.data.repository.core.support.RepositoryFactorySupport.getRepository(RepositoryFactorySupport.java:434)
	at org.springframework.data.repository.core.support.RepositoryFactoryBeanSupport.lambda$afterPropertiesSet$4(RepositoryFactoryBeanSupport.java:350)
	at org.springframework.data.util.Lazy.getNullable(Lazy.java:135)
	at org.springframework.data.util.Lazy.get(Lazy.java:113)
	at org.springframework.data.repository.core.support.RepositoryFactoryBeanSupport.afterPropertiesSet(RepositoryFactoryBeanSupport.java:356)
	at org.springframework.data.jpa.repository.support.JpaRepositoryFactoryBean.afterPropertiesSet(JpaRepositoryFactoryBean.java:132)
	at org.springframework.beans.factory.support.AbstractAutowireCapableBeanFactory.invokeInitMethods(AbstractAutowireCapableBeanFactory.java:1873)
	at org.springframework.beans.factory.support.AbstractAutowireCapableBeanFactory.initializeBean(AbstractAutowireCapableBeanFactory.java:1822)
	at org.springframework.beans.factory.support.AbstractAutowireCapableBeanFactory.doCreateBean(AbstractAutowireCapableBeanFactory.java:607)
	at org.springframework.beans.factory.support.AbstractAutowireCapableBeanFactory.createBean(AbstractAutowireCapableBeanFactory.java:529)
	at org.springframework.beans.factory.support.AbstractBeanFactory.lambda$doGetBean$0(AbstractBeanFactory.java:339)
	at org.springframework.beans.factory.support.DefaultSingletonBeanRegistry.getSingleton(DefaultSingletonBeanRegistry.java:373)
	at org.springframework.beans.factory.support.AbstractBeanFactory.doGetBean(AbstractBeanFactory.java:337)
	at org.springframework.beans.factory.support.AbstractBeanFactory.getBean(AbstractBeanFactory.java:202)
	at org.springframework.beans.factory.support.DefaultListableBeanFactory.doResolveDependency(DefaultListableBeanFactory.java:1683)
	at org.springframework.beans.factory.support.DefaultListableBeanFactory.resolveDependency(DefaultListableBeanFactory.java:1628)
	at org.springframework.beans.factory.support.ConstructorResolver.resolveAutowiredArgument(ConstructorResolver.java:913)
	at org.springframework.beans.factory.support.ConstructorResolver.createArgumentArray(ConstructorResolver.java:791)
	at org.springframework.beans.factory.support.ConstructorResolver.autowireConstructor(ConstructorResolver.java:240)
	at org.springframework.beans.factory.support.AbstractAutowireCapableBeanFactory.autowireConstructor(AbstractAutowireCapableBeanFactory.java:1395)
	at org.springframework.beans.factory.support.AbstractAutowireCapableBeanFactory.createBeanInstance(AbstractAutowireCapableBeanFactory.java:1232)
	at org.springframework.beans.factory.support.AbstractAutowireCapableBeanFactory.doCreateBean(AbstractAutowireCapableBeanFactory.java:569)
	at org.springframework.beans.factory.support.AbstractAutowireCapableBeanFactory.createBean(AbstractAutowireCapableBeanFactory.java:529)
	at org.springframework.beans.factory.support.AbstractBeanFactory.lambda$doGetBean$0(AbstractBeanFactory.java:339)
	at org.springframework.beans.factory.support.DefaultSingletonBeanRegistry.getSingleton(DefaultSingletonBeanRegistry.java:373)
	at org.springframework.beans.factory.support.AbstractBeanFactory.doGetBean(AbstractBeanFactory.java:337)
	at org.springframework.beans.factory.support.AbstractBeanFactory.getBean(AbstractBeanFactory.java:202)
	at org.springframework.beans.factory.config.DependencyDescriptor.resolveCandidate(DependencyDescriptor.java:254)
	at org.springframework.beans.factory.support.DefaultListableBeanFactory.doResolveDependency(DefaultListableBeanFactory.java:1745)
	at org.springframework.beans.factory.support.DefaultListableBeanFactory.resolveDependency(DefaultListableBeanFactory.java:1628)
	at org.springframework.beans.factory.support.ConstructorResolver.resolveAutowiredArgument(ConstructorResolver.java:913)
	at org.springframework.beans.factory.support.ConstructorResolver.createArgumentArray(ConstructorResolver.java:791)
	at org.springframework.beans.factory.support.ConstructorResolver.autowireConstructor(ConstructorResolver.java:240)
	at org.springframework.beans.factory.support.AbstractAutowireCapableBeanFactory.autowireConstructor(AbstractAutowireCapableBeanFactory.java:1395)
	at org.springframework.beans.factory.support.AbstractAutowireCapableBeanFactory.createBeanInstance(AbstractAutowireCapableBeanFactory.java:1232)
	at org.springframework.beans.factory.support.AbstractAutowireCapableBeanFactory.doCreateBean(AbstractAutowireCapableBeanFactory.java:569)
	at org.springframework.beans.factory.support.AbstractAutowireCapableBeanFactory.createBean(AbstractAutowireCapableBeanFactory.java:529)
	at org.springframework.beans.factory.support.AbstractBeanFactory.lambda$doGetBean$0(AbstractBeanFactory.java:339)
	at org.springframework.beans.factory.support.DefaultSingletonBeanRegistry.getSingleton(DefaultSingletonBeanRegistry.java:373)
	at org.springframework.beans.factory.support.AbstractBeanFactory.doGetBean(AbstractBeanFactory.java:337)
	at org.springframework.beans.factory.support.AbstractBeanFactory.getBean(AbstractBeanFactory.java:202)
	at org.springframework.beans.factory.support.DefaultListableBeanFactory.instantiateSingleton(DefaultListableBeanFactory.java:1222)
	at org.springframework.beans.factory.support.DefaultListableBeanFactory.preInstantiateSingleton(DefaultListableBeanFactory.java:1188)
	at org.springframework.beans.factory.support.DefaultListableBeanFactory.preInstantiateSingletons(DefaultListableBeanFactory.java:1123)
	at org.springframework.context.support.AbstractApplicationContext.finishBeanFactoryInitialization(AbstractApplicationContext.java:987)
	at org.springframework.context.support.AbstractApplicationContext.refresh(AbstractApplicationContext.java:627)
	at org.springframework.boot.web.servlet.context.ServletWebServerApplicationContext.refresh(ServletWebServerApplicationContext.java:146)
	at org.springframework.boot.SpringApplication.refresh(SpringApplication.java:752)
	at org.springframework.boot.SpringApplication.refreshContext(SpringApplication.java:439)
	at org.springframework.boot.SpringApplication.run(SpringApplication.java:318)
	at org.springframework.boot.SpringApplication.run(SpringApplication.java:1361)
	at org.springframework.boot.SpringApplication.run(SpringApplication.java:1350)
	at com.codeit.discodeit.DiscodeitApplication.main(DiscodeitApplication.java:11)
25-08-15 12:43:45.462 [main] DEBUG o.s.d.j.repository.query.NamedQuery - Did not find named query User.findUserByUsername
25-08-15 12:43:45.526 [main] DEBUG o.s.d.j.repository.query.NamedQuery - Looking up named query 'User.findUserByEmail'
25-08-15 12:43:45.526 [main] DEBUG o.h.r.t.b.j.i.JdbcResourceLocalTrans - JDBC transaction marked for rollback-only (exception provided for stack trace)
java.lang.Exception: exception just for purpose of providing stack trace
	at org.hibernate.resource.transaction.backend.jdbc.internal.JdbcResourceLocalTransactionCoordinatorImpl$TransactionDriverControlImpl.markRollbackOnly(JdbcResourceLocalTransactionCoordinatorImpl.java:309)
	at org.hibernate.internal.AbstractSharedSessionContract.buildNamedQuery(AbstractSharedSessionContract.java:1141)
	at org.hibernate.internal.AbstractSharedSessionContract.createNamedQuery(AbstractSharedSessionContract.java:1019)
	at org.hibernate.internal.AbstractSharedSessionContract.createNamedQuery(AbstractSharedSessionContract.java:143)
	at java.base/jdk.internal.reflect.NativeMethodAccessorImpl.invoke0(Native Method)
	at java.base/jdk.internal.reflect.NativeMethodAccessorImpl.invoke(NativeMethodAccessorImpl.java:77)
	at java.base/jdk.internal.reflect.DelegatingMethodAccessorImpl.invoke(DelegatingMethodAccessorImpl.java:43)
	at java.base/java.lang.reflect.Method.invoke(Method.java:569)
	at org.springframework.orm.jpa.ExtendedEntityManagerCreator$ExtendedEntityManagerInvocationHandler.invoke(ExtendedEntityManagerCreator.java:364)
	at jdk.proxy2/jdk.proxy2.$Proxy159.createNamedQuery(Unknown Source)
	at org.springframework.data.jpa.repository.query.NamedQuery.hasNamedQuery(NamedQuery.java:120)
	at org.springframework.data.jpa.repository.query.NamedQuery.lookupFrom(NamedQuery.java:147)
	at org.springframework.data.jpa.repository.query.JpaQueryLookupStrategy$DeclaredQueryLookupStrategy.resolveQuery(JpaQueryLookupStrategy.java:184)
	at org.springframework.data.jpa.repository.query.JpaQueryLookupStrategy$CreateIfNotFoundQueryLookupStrategy.resolveQuery(JpaQueryLookupStrategy.java:254)
	at org.springframework.data.jpa.repository.query.JpaQueryLookupStrategy$AbstractQueryLookupStrategy.resolveQuery(JpaQueryLookupStrategy.java:99)
	at org.springframework.data.repository.core.support.QueryExecutorMethodInterceptor.lookupQuery(QueryExecutorMethodInterceptor.java:116)
	at org.springframework.data.repository.core.support.QueryExecutorMethodInterceptor.mapMethodsToQuery(QueryExecutorMethodInterceptor.java:104)
	at org.springframework.data.repository.core.support.QueryExecutorMethodInterceptor.lambda$new$0(QueryExecutorMethodInterceptor.java:92)
	at java.base/java.util.Optional.map(Optional.java:260)
	at org.springframework.data.repository.core.support.QueryExecutorMethodInterceptor.<init>(QueryExecutorMethodInterceptor.java:92)
	at org.springframework.data.repository.core.support.RepositoryFactorySupport.getRepository(RepositoryFactorySupport.java:434)
	at org.springframework.data.repository.core.support.RepositoryFactoryBeanSupport.lambda$afterPropertiesSet$4(RepositoryFactoryBeanSupport.java:350)
	at org.springframework.data.util.Lazy.getNullable(Lazy.java:135)
	at org.springframework.data.util.Lazy.get(Lazy.java:113)
	at org.springframework.data.repository.core.support.RepositoryFactoryBeanSupport.afterPropertiesSet(RepositoryFactoryBeanSupport.java:356)
	at org.springframework.data.jpa.repository.support.JpaRepositoryFactoryBean.afterPropertiesSet(JpaRepositoryFactoryBean.java:132)
	at org.springframework.beans.factory.support.AbstractAutowireCapableBeanFactory.invokeInitMethods(AbstractAutowireCapableBeanFactory.java:1873)
	at org.springframework.beans.factory.support.AbstractAutowireCapableBeanFactory.initializeBean(AbstractAutowireCapableBeanFactory.java:1822)
	at org.springframework.beans.factory.support.AbstractAutowireCapableBeanFactory.doCreateBean(AbstractAutowireCapableBeanFactory.java:607)
	at org.springframework.beans.factory.support.AbstractAutowireCapableBeanFactory.createBean(AbstractAutowireCapableBeanFactory.java:529)
	at org.springframework.beans.factory.support.AbstractBeanFactory.lambda$doGetBean$0(AbstractBeanFactory.java:339)
	at org.springframework.beans.factory.support.DefaultSingletonBeanRegistry.getSingleton(DefaultSingletonBeanRegistry.java:373)
	at org.springframework.beans.factory.support.AbstractBeanFactory.doGetBean(AbstractBeanFactory.java:337)
	at org.springframework.beans.factory.support.AbstractBeanFactory.getBean(AbstractBeanFactory.java:202)
	at org.springframework.beans.factory.support.DefaultListableBeanFactory.doResolveDependency(DefaultListableBeanFactory.java:1683)
	at org.springframework.beans.factory.support.DefaultListableBeanFactory.resolveDependency(DefaultListableBeanFactory.java:1628)
	at org.springframework.beans.factory.support.ConstructorResolver.resolveAutowiredArgument(ConstructorResolver.java:913)
	at org.springframework.beans.factory.support.ConstructorResolver.createArgumentArray(ConstructorResolver.java:791)
	at org.springframework.beans.factory.support.ConstructorResolver.autowireConstructor(ConstructorResolver.java:240)
	at org.springframework.beans.factory.support.AbstractAutowireCapableBeanFactory.autowireConstructor(AbstractAutowireCapableBeanFactory.java:1395)
	at org.springframework.beans.factory.support.AbstractAutowireCapableBeanFactory.createBeanInstance(AbstractAutowireCapableBeanFactory.java:1232)
	at org.springframework.beans.factory.support.AbstractAutowireCapableBeanFactory.doCreateBean(AbstractAutowireCapableBeanFactory.java:569)
	at org.springframework.beans.factory.support.AbstractAutowireCapableBeanFactory.createBean(AbstractAutowireCapableBeanFactory.java:529)
	at org.springframework.beans.factory.support.AbstractBeanFactory.lambda$doGetBean$0(AbstractBeanFactory.java:339)
	at org.springframework.beans.factory.support.DefaultSingletonBeanRegistry.getSingleton(DefaultSingletonBeanRegistry.java:373)
	at org.springframework.beans.factory.support.AbstractBeanFactory.doGetBean(AbstractBeanFactory.java:337)
	at org.springframework.beans.factory.support.AbstractBeanFactory.getBean(AbstractBeanFactory.java:202)
	at org.springframework.beans.factory.config.DependencyDescriptor.resolveCandidate(DependencyDescriptor.java:254)
	at org.springframework.beans.factory.support.DefaultListableBeanFactory.doResolveDependency(DefaultListableBeanFactory.java:1745)
	at org.springframework.beans.factory.support.DefaultListableBeanFactory.resolveDependency(DefaultListableBeanFactory.java:1628)
	at org.springframework.beans.factory.support.ConstructorResolver.resolveAutowiredArgument(ConstructorResolver.java:913)
	at org.springframework.beans.factory.support.ConstructorResolver.createArgumentArray(ConstructorResolver.java:791)
	at org.springframework.beans.factory.support.ConstructorResolver.autowireConstructor(ConstructorResolver.java:240)
	at org.springframework.beans.factory.support.AbstractAutowireCapableBeanFactory.autowireConstructor(AbstractAutowireCapableBeanFactory.java:1395)
	at org.springframework.beans.factory.support.AbstractAutowireCapableBeanFactory.createBeanInstance(AbstractAutowireCapableBeanFactory.java:1232)
	at org.springframework.beans.factory.support.AbstractAutowireCapableBeanFactory.doCreateBean(AbstractAutowireCapableBeanFactory.java:569)
	at org.springframework.beans.factory.support.AbstractAutowireCapableBeanFactory.createBean(AbstractAutowireCapableBeanFactory.java:529)
	at org.springframework.beans.factory.support.AbstractBeanFactory.lambda$doGetBean$0(AbstractBeanFactory.java:339)
	at org.springframework.beans.factory.support.DefaultSingletonBeanRegistry.getSingleton(DefaultSingletonBeanRegistry.java:373)
	at org.springframework.beans.factory.support.AbstractBeanFactory.doGetBean(AbstractBeanFactory.java:337)
	at org.springframework.beans.factory.support.AbstractBeanFactory.getBean(AbstractBeanFactory.java:202)
	at org.springframework.beans.factory.support.DefaultListableBeanFactory.instantiateSingleton(DefaultListableBeanFactory.java:1222)
	at org.springframework.beans.factory.support.DefaultListableBeanFactory.preInstantiateSingleton(DefaultListableBeanFactory.java:1188)
	at org.springframework.beans.factory.support.DefaultListableBeanFactory.preInstantiateSingletons(DefaultListableBeanFactory.java:1123)
	at org.springframework.context.support.AbstractApplicationContext.finishBeanFactoryInitialization(AbstractApplicationContext.java:987)
	at org.springframework.context.support.AbstractApplicationContext.refresh(AbstractApplicationContext.java:627)
	at org.springframework.boot.web.servlet.context.ServletWebServerApplicationContext.refresh(ServletWebServerApplicationContext.java:146)
	at org.springframework.boot.SpringApplication.refresh(SpringApplication.java:752)
	at org.springframework.boot.SpringApplication.refreshContext(SpringApplication.java:439)
	at org.springframework.boot.SpringApplication.run(SpringApplication.java:318)
	at org.springframework.boot.SpringApplication.run(SpringApplication.java:1361)
	at org.springframework.boot.SpringApplication.run(SpringApplication.java:1350)
	at com.codeit.discodeit.DiscodeitApplication.main(DiscodeitApplication.java:11)
25-08-15 12:43:45.527 [main] DEBUG o.s.d.j.repository.query.NamedQuery - Did not find named query User.findUserByEmail
25-08-15 12:43:45.530 [main] DEBUG o.s.d.r.c.s.RepositoryFactorySupport - Finished creation of repository instance for com.codeit.discodeit.repository.UserRepository.
25-08-15 12:43:45.534 [main] DEBUG o.s.b.f.s.DefaultListableBeanFactory - Creating shared instance of singleton bean 'userMapperImpl'
25-08-15 12:43:45.538 [main] DEBUG o.s.b.f.s.DefaultListableBeanFactory - Creating shared instance of singleton bean 'binaryContentMapperImpl'
25-08-15 12:43:45.539 [main] DEBUG o.s.b.f.s.DefaultListableBeanFactory - Autowiring by type from bean name 'basicAuthService' via constructor to bean named 'userRepository'
25-08-15 12:43:45.539 [main] DEBUG o.s.b.f.s.DefaultListableBeanFactory - Autowiring by type from bean name 'basicAuthService' via constructor to bean named 'userMapperImpl'
25-08-15 12:43:45.567 [main] DEBUG o.s.b.f.s.DefaultListableBeanFactory - Autowiring by type from bean name 'authController' via constructor to bean named 'basicAuthService'
25-08-15 12:43:45.571 [main] DEBUG o.s.b.f.s.DefaultListableBeanFactory - Creating shared instance of singleton bean 'binaryContentsController'
25-08-15 12:43:45.573 [main] DEBUG o.s.b.f.s.DefaultListableBeanFactory - Creating shared instance of singleton bean 'basicBinaryContentService'
25-08-15 12:43:45.574 [main] DEBUG o.s.b.f.s.DefaultListableBeanFactory - Creating shared instance of singleton bean 'binaryContentRepository'
25-08-15 12:43:45.575 [main] DEBUG o.s.b.f.s.DefaultListableBeanFactory - Creating shared instance of singleton bean 'jpa.named-queries#2'
25-08-15 12:43:45.576 [main] DEBUG o.s.b.f.s.DefaultListableBeanFactory - Creating shared instance of singleton bean 'jpa.BinaryContentRepository.fragments#0'
25-08-15 12:43:45.577 [main] DEBUG o.s.d.r.c.s.RepositoryFactorySupport - Initializing repository instance for com.codeit.discodeit.repository.BinaryContentRepository…
25-08-15 12:43:45.581 [main] DEBUG o.s.d.r.c.s.RepositoryFactorySupport - Finished creation of repository instance for com.codeit.discodeit.repository.BinaryContentRepository.
25-08-15 12:43:45.585 [main] WARN  o.s.b.w.s.c.AnnotationConfigServletW - Exception encountered during context initialization - cancelling refresh attempt: org.springframework.beans.factory.UnsatisfiedDependencyException: Error creating bean with name 'binaryContentsController' defined in file [C:\Users\chaos\SpringProject\Discodeit\build\classes\java\main\com\codeit\discodeit\controller\BinaryContentsController.class]: Unsatisfied dependency expressed through constructor parameter 0: Error creating bean with name 'basicBinaryContentService' defined in file [C:\Users\chaos\SpringProject\Discodeit\build\classes\java\main\com\codeit\discodeit\service\basic\BasicBinaryContentService.class]: Unsatisfied dependency expressed through constructor parameter 1: No qualifying bean of type 'com.codeit.discodeit.storage.BinaryContentStorage' available: expected at least 1 bean which qualifies as autowire candidate. Dependency annotations: {}
25-08-15 12:43:45.587 [main] INFO  o.s.o.j.LocalContainerEntityManagerF - Closing JPA EntityManagerFactory for persistence unit 'default'
25-08-15 12:43:45.588 [main] DEBUG o.h.internal.SessionFactoryImpl - HHH000031: Closing
25-08-15 12:43:45.588 [main] DEBUG o.h.t.s.i.SchemaDropperImpl$DelayedD - HHH000477: Starting delayed evictData of schema as part of SessionFactory shut-down'
25-08-15 12:43:45.589 [main] DEBUG org.hibernate.SQL - 
    drop table if exists binary_contents cascade 
25-08-15 12:43:45.591 [main] DEBUG org.hibernate.SQL - 
    drop table if exists channels cascade 
25-08-15 12:43:45.592 [main] DEBUG org.hibernate.SQL - 
    drop table if exists messages cascade 
25-08-15 12:43:45.599 [main] DEBUG org.hibernate.SQL - 
    drop table if exists read_statuses cascade 
25-08-15 12:43:45.601 [main] DEBUG org.hibernate.SQL - 
    drop table if exists users cascade 
25-08-15 12:43:45.603 [main] DEBUG org.hibernate.SQL - 
    drop table if exists user_statuses cascade 
25-08-15 12:43:45.605 [main] TRACE o.h.type.spi.TypeConfiguration$Scope - Handling #sessionFactoryClosed from [org.hibernate.internal.SessionFactoryImpl@20425fab] for TypeConfiguration
25-08-15 12:43:45.606 [main] DEBUG o.h.type.spi.TypeConfiguration$Scope - Un-scoping TypeConfiguration [org.hibernate.type.spi.TypeConfiguration$Scope@1464a177] from SessionFactory [org.hibernate.internal.SessionFactoryImpl@20425fab]
25-08-15 12:43:45.607 [main] DEBUG o.h.s.i.AbstractServiceRegistryImpl - Implicitly destroying ServiceRegistry on de-registration of all child ServiceRegistries
25-08-15 12:43:45.608 [main] DEBUG o.h.b.r.i.BootstrapServiceRegistryIm - Implicitly destroying Boot-strap registry on de-registration of all child ServiceRegistries
25-08-15 12:43:45.608 [main] INFO  com.zaxxer.hikari.HikariDataSource - HikariPool-1 - Shutdown initiated...
25-08-15 12:43:45.608 [main] DEBUG com.zaxxer.hikari.pool.HikariPool - HikariPool-1 - Before shutdown stats (total=10/10, idle=10/10, active=0, waiting=0)
25-08-15 12:43:45.610 [HikariPool-1:connection-closer] DEBUG com.zaxxer.hikari.pool.PoolBase - HikariPool-1 - Closing connection conn0: url=jdbc:h2:mem:discodeit user=SA: (connection evicted)
25-08-15 12:43:45.610 [HikariPool-1:connection-closer] DEBUG com.zaxxer.hikari.pool.PoolBase - HikariPool-1 - Closing connection conn1: url=jdbc:h2:mem:discodeit user=SA: (connection evicted)
25-08-15 12:43:45.610 [HikariPool-1:connection-closer] DEBUG com.zaxxer.hikari.pool.PoolBase - HikariPool-1 - Closing connection conn2: url=jdbc:h2:mem:discodeit user=SA: (connection evicted)
25-08-15 12:43:45.610 [HikariPool-1:connection-closer] DEBUG com.zaxxer.hikari.pool.PoolBase - HikariPool-1 - Closing connection conn3: url=jdbc:h2:mem:discodeit user=SA: (connection evicted)
25-08-15 12:43:45.610 [HikariPool-1:connection-closer] DEBUG com.zaxxer.hikari.pool.PoolBase - HikariPool-1 - Closing connection conn4: url=jdbc:h2:mem:discodeit user=SA: (connection evicted)
25-08-15 12:43:45.610 [HikariPool-1:connection-closer] DEBUG com.zaxxer.hikari.pool.PoolBase - HikariPool-1 - Closing connection conn5: url=jdbc:h2:mem:discodeit user=SA: (connection evicted)
25-08-15 12:43:45.610 [HikariPool-1:connection-closer] DEBUG com.zaxxer.hikari.pool.PoolBase - HikariPool-1 - Closing connection conn6: url=jdbc:h2:mem:discodeit user=SA: (connection evicted)
25-08-15 12:43:45.610 [HikariPool-1:connection-closer] DEBUG com.zaxxer.hikari.pool.PoolBase - HikariPool-1 - Closing connection conn7: url=jdbc:h2:mem:discodeit user=SA: (connection evicted)
25-08-15 12:43:45.610 [HikariPool-1:connection-closer] DEBUG com.zaxxer.hikari.pool.PoolBase - HikariPool-1 - Closing connection conn8: url=jdbc:h2:mem:discodeit user=SA: (connection evicted)
25-08-15 12:43:45.610 [HikariPool-1:connection-closer] DEBUG com.zaxxer.hikari.pool.PoolBase - HikariPool-1 - Closing connection conn9: url=jdbc:h2:mem:discodeit user=SA: (connection evicted)
25-08-15 12:43:45.610 [main] DEBUG com.zaxxer.hikari.pool.HikariPool - HikariPool-1 - After  shutdown stats (total=0/10, idle=0/10, active=0, waiting=0)
25-08-15 12:43:45.611 [main] INFO  com.zaxxer.hikari.HikariDataSource - HikariPool-1 - Shutdown completed.
25-08-15 12:43:45.611 [main] DEBUG o.s.s.c.ThreadPoolTaskExecutor - Shutting down ExecutorService 'applicationTaskExecutor'
25-08-15 12:43:45.611 [main] DEBUG o.s.b.f.s.DisposableBeanAdapter - Custom destroy method 'close' on bean with name 'simpleMeterRegistry' completed
25-08-15 12:43:45.613 [main] DEBUG o.apache.catalina.util.LifecycleBase - Setting state for [StandardServer[-1]] to [STOPPING_PREP]
25-08-15 12:43:45.613 [main] DEBUG o.apache.catalina.util.LifecycleBase - Setting state for [StandardServer[-1]] to [STOPPING]
25-08-15 12:43:45.613 [main] DEBUG o.apache.catalina.util.LifecycleBase - Setting state for [StandardService[Tomcat]] to [STOPPING_PREP]
25-08-15 12:43:45.613 [main] INFO  o.a.catalina.core.StandardService - Stopping service [Tomcat]
25-08-15 12:43:45.613 [main] DEBUG o.apache.catalina.util.LifecycleBase - Setting state for [StandardService[Tomcat]] to [STOPPING]
25-08-15 12:43:45.613 [main] DEBUG o.apache.catalina.util.LifecycleBase - Setting state for [StandardEngine[Tomcat]] to [STOPPING_PREP]
25-08-15 12:43:45.613 [main] DEBUG o.apache.catalina.util.LifecycleBase - Setting state for [StandardEngine[Tomcat]] to [STOPPING]
25-08-15 12:43:45.613 [main] DEBUG o.apache.catalina.util.LifecycleBase - Setting state for [StandardPipeline[StandardEngine[Tomcat]]] to [STOPPING_PREP]
25-08-15 12:43:45.613 [main] DEBUG o.apache.catalina.util.LifecycleBase - Setting state for [StandardPipeline[StandardEngine[Tomcat]]] to [STOPPING]
25-08-15 12:43:45.613 [main] DEBUG o.apache.catalina.util.LifecycleBase - Setting state for [StandardEngineValve[StandardEngine[Tomcat]]] to [STOPPING_PREP]
25-08-15 12:43:45.613 [main] DEBUG o.apache.catalina.util.LifecycleBase - Setting state for [StandardEngineValve[StandardEngine[Tomcat]]] to [STOPPING]
25-08-15 12:43:45.613 [main] DEBUG o.apache.catalina.util.LifecycleBase - Setting state for [StandardEngineValve[StandardEngine[Tomcat]]] to [STOPPED]
25-08-15 12:43:45.614 [main] DEBUG o.apache.catalina.util.LifecycleBase - Setting state for [StandardPipeline[StandardEngine[Tomcat]]] to [STOPPED]
25-08-15 12:43:45.614 [main] DEBUG o.apache.catalina.util.LifecycleBase - Setting state for [StandardEngine[Tomcat].StandardHost[localhost]] to [STOPPING_PREP]
25-08-15 12:43:45.614 [main] DEBUG o.a.catalina.mapper.MapperListener - Unregister host [localhost] at domain [null] for service [StandardService[Tomcat]]
25-08-15 12:43:45.614 [main] DEBUG o.apache.catalina.util.LifecycleBase - Setting state for [StandardEngine[Tomcat].StandardHost[localhost]] to [STOPPING]
25-08-15 12:43:45.614 [main] DEBUG o.apache.catalina.util.LifecycleBase - Setting state for [StandardPipeline[StandardEngine[Tomcat].StandardHost[localhost]]] to [STOPPING_PREP]
25-08-15 12:43:45.614 [main] DEBUG o.apache.catalina.util.LifecycleBase - Setting state for [StandardPipeline[StandardEngine[Tomcat].StandardHost[localhost]]] to [STOPPING]
25-08-15 12:43:45.615 [main] DEBUG o.apache.catalina.util.LifecycleBase - Setting state for [ErrorReportValve[StandardEngine[Tomcat].StandardHost[localhost]]] to [STOPPING_PREP]
25-08-15 12:43:45.615 [main] DEBUG o.apache.catalina.util.LifecycleBase - Setting state for [ErrorReportValve[StandardEngine[Tomcat].StandardHost[localhost]]] to [STOPPING]
25-08-15 12:43:45.615 [main] DEBUG o.apache.catalina.util.LifecycleBase - Setting state for [ErrorReportValve[StandardEngine[Tomcat].StandardHost[localhost]]] to [STOPPED]
25-08-15 12:43:45.615 [main] DEBUG o.apache.catalina.util.LifecycleBase - Setting state for [StandardHostValve[StandardEngine[Tomcat].StandardHost[localhost]]] to [STOPPING_PREP]
25-08-15 12:43:45.615 [main] DEBUG o.apache.catalina.util.LifecycleBase - Setting state for [StandardHostValve[StandardEngine[Tomcat].StandardHost[localhost]]] to [STOPPING]
25-08-15 12:43:45.615 [main] DEBUG o.apache.catalina.util.LifecycleBase - Setting state for [StandardHostValve[StandardEngine[Tomcat].StandardHost[localhost]]] to [STOPPED]
25-08-15 12:43:45.615 [main] DEBUG o.apache.catalina.util.LifecycleBase - Setting state for [StandardPipeline[StandardEngine[Tomcat].StandardHost[localhost]]] to [STOPPED]
25-08-15 12:43:45.615 [main] DEBUG o.apache.catalina.util.LifecycleBase - Setting state for [StandardEngine[Tomcat].StandardHost[localhost].TomcatEmbeddedContext[]] to [STOPPING_PREP]
25-08-15 12:43:45.615 [main] DEBUG o.a.catalina.mapper.MapperListener - Unregister Context [] for service [StandardService[Tomcat]]
25-08-15 12:43:45.615 [main] DEBUG o.apache.catalina.util.LifecycleBase - Setting state for [StandardEngine[Tomcat].StandardHost[localhost].TomcatEmbeddedContext[]] to [STOPPING]
25-08-15 12:43:45.616 [main] DEBUG o.apache.catalina.util.LifecycleBase - Setting state for [StandardEngine[Tomcat].StandardHost[localhost].TomcatEmbeddedContext[].StandardWrapper[dispatcherServlet]] to [STOPPING_PREP]
25-08-15 12:43:45.616 [main] DEBUG o.a.catalina.mapper.MapperListener - Unregister Wrapper [dispatcherServlet] in Context [] for service [StandardService[Tomcat]]
25-08-15 12:43:45.616 [main] DEBUG o.apache.catalina.util.LifecycleBase - Setting state for [StandardEngine[Tomcat].StandardHost[localhost].TomcatEmbeddedContext[].StandardWrapper[dispatcherServlet]] to [STOPPING]
25-08-15 12:43:45.616 [main] DEBUG o.apache.catalina.util.LifecycleBase - Setting state for [StandardPipeline[StandardEngine[Tomcat].StandardHost[localhost].TomcatEmbeddedContext[].StandardWrapper[dispatcherServlet]]] to [STOPPING_PREP]
25-08-15 12:43:45.616 [main] DEBUG o.apache.catalina.util.LifecycleBase - Setting state for [StandardPipeline[StandardEngine[Tomcat].StandardHost[localhost].TomcatEmbeddedContext[].StandardWrapper[dispatcherServlet]]] to [STOPPING]
25-08-15 12:43:45.616 [main] DEBUG o.apache.catalina.util.LifecycleBase - Setting state for [StandardWrapperValve[StandardEngine[Tomcat].StandardHost[localhost].TomcatEmbeddedContext[].StandardWrapper[dispatcherServlet]]] to [STOPPING_PREP]
25-08-15 12:43:45.616 [main] DEBUG o.apache.catalina.util.LifecycleBase - Setting state for [StandardWrapperValve[StandardEngine[Tomcat].StandardHost[localhost].TomcatEmbeddedContext[].StandardWrapper[dispatcherServlet]]] to [STOPPING]
25-08-15 12:43:45.616 [main] DEBUG o.apache.catalina.util.LifecycleBase - Setting state for [StandardWrapperValve[StandardEngine[Tomcat].StandardHost[localhost].TomcatEmbeddedContext[].StandardWrapper[dispatcherServlet]]] to [STOPPED]
25-08-15 12:43:45.617 [main] DEBUG o.apache.catalina.util.LifecycleBase - Setting state for [StandardPipeline[StandardEngine[Tomcat].StandardHost[localhost].TomcatEmbeddedContext[].StandardWrapper[dispatcherServlet]]] to [STOPPED]
25-08-15 12:43:45.617 [main] DEBUG o.apache.catalina.util.LifecycleBase - Setting state for [StandardEngine[Tomcat].StandardHost[localhost].TomcatEmbeddedContext[].StandardWrapper[dispatcherServlet]] to [STOPPED]
25-08-15 12:43:45.617 [main] DEBUG o.a.c.core.ApplicationFilterConfig - JMX de-registration complete for filter of type [org.springframework.boot.web.servlet.filter.OrderedRequestContextFilter] and name [requestContextFilter]
25-08-15 12:43:45.617 [main] DEBUG o.a.c.core.ApplicationFilterConfig - JMX de-registration complete for filter of type [org.springframework.web.filter.ServerHttpObservationFilter] and name [webMvcObservationFilter]
25-08-15 12:43:45.617 [main] DEBUG o.a.c.core.ApplicationFilterConfig - JMX de-registration complete for filter of type [org.springframework.web.servlet.resource.ResourceUrlEncodingFilter] and name [resourceUrlEncodingFilter]
25-08-15 12:43:45.617 [main] DEBUG o.a.c.core.ApplicationFilterConfig - JMX de-registration complete for filter of type [org.apache.tomcat.websocket.server.WsFilter] and name [Tomcat WebSocket (JSR356) Filter]
25-08-15 12:43:45.617 [main] DEBUG o.a.c.core.ApplicationFilterConfig - JMX de-registration complete for filter of type [org.springframework.boot.web.servlet.filter.OrderedCharacterEncodingFilter] and name [characterEncodingFilter]
25-08-15 12:43:45.617 [main] DEBUG o.a.c.core.ApplicationFilterConfig - JMX de-registration complete for filter of type [org.springframework.boot.web.servlet.filter.OrderedFormContentFilter] and name [formContentFilter]
25-08-15 12:43:45.617 [main] DEBUG o.apache.catalina.util.LifecycleBase - Setting state for [StandardManager[StandardEngine[Tomcat].StandardHost[localhost].TomcatEmbeddedContext[]]] to [STOPPING_PREP]
25-08-15 12:43:45.617 [main] DEBUG o.apache.catalina.util.LifecycleBase - Setting state for [StandardManager[StandardEngine[Tomcat].StandardHost[localhost].TomcatEmbeddedContext[]]] to [STOPPING]
25-08-15 12:43:45.617 [main] DEBUG o.a.catalina.session.StandardManager - No persisted sessions to unload
25-08-15 12:43:45.617 [main] DEBUG o.apache.catalina.util.LifecycleBase - Setting state for [org.springframework.boot.web.embedded.tomcat.LazySessionIdGenerator@2d2fc130] to [STOPPING_PREP]
25-08-15 12:43:45.617 [main] DEBUG o.apache.catalina.util.LifecycleBase - Setting state for [org.springframework.boot.web.embedded.tomcat.LazySessionIdGenerator@2d2fc130] to [STOPPING]
25-08-15 12:43:45.618 [main] DEBUG o.apache.catalina.util.LifecycleBase - Setting state for [org.springframework.boot.web.embedded.tomcat.LazySessionIdGenerator@2d2fc130] to [STOPPED]
25-08-15 12:43:45.618 [main] DEBUG o.apache.catalina.util.LifecycleBase - Setting state for [StandardManager[StandardEngine[Tomcat].StandardHost[localhost].TomcatEmbeddedContext[]]] to [STOPPED]
25-08-15 12:43:45.618 [main] DEBUG o.apache.catalina.util.LifecycleBase - Setting state for [org.apache.catalina.deploy.NamingResourcesImpl@14874a5d] to [STOPPING_PREP]
25-08-15 12:43:45.618 [main] DEBUG o.apache.catalina.util.LifecycleBase - Setting state for [org.apache.catalina.deploy.NamingResourcesImpl@14874a5d] to [STOPPING]
25-08-15 12:43:45.618 [main] DEBUG o.apache.catalina.util.LifecycleBase - Setting state for [org.apache.catalina.deploy.NamingResourcesImpl@14874a5d] to [STOPPED]
25-08-15 12:43:45.618 [main] DEBUG o.apache.catalina.util.LifecycleBase - Setting state for [StandardPipeline[StandardEngine[Tomcat].StandardHost[localhost].TomcatEmbeddedContext[]]] to [STOPPING_PREP]
25-08-15 12:43:45.618 [main] DEBUG o.apache.catalina.util.LifecycleBase - Setting state for [StandardPipeline[StandardEngine[Tomcat].StandardHost[localhost].TomcatEmbeddedContext[]]] to [STOPPING]
25-08-15 12:43:45.618 [main] DEBUG o.apache.catalina.util.LifecycleBase - Setting state for [NonLoginAuthenticator[StandardEngine[Tomcat].StandardHost[localhost].TomcatEmbeddedContext[]]] to [STOPPING_PREP]
25-08-15 12:43:45.618 [main] DEBUG o.apache.catalina.util.LifecycleBase - Setting state for [NonLoginAuthenticator[StandardEngine[Tomcat].StandardHost[localhost].TomcatEmbeddedContext[]]] to [STOPPING]
25-08-15 12:43:45.618 [main] DEBUG o.apache.catalina.util.LifecycleBase - Setting state for [NonLoginAuthenticator[StandardEngine[Tomcat].StandardHost[localhost].TomcatEmbeddedContext[]]] to [STOPPED]
25-08-15 12:43:45.618 [main] DEBUG o.apache.catalina.util.LifecycleBase - Setting state for [StandardContextValve[StandardEngine[Tomcat].StandardHost[localhost].TomcatEmbeddedContext[]]] to [STOPPING_PREP]
25-08-15 12:43:45.618 [main] DEBUG o.apache.catalina.util.LifecycleBase - Setting state for [StandardContextValve[StandardEngine[Tomcat].StandardHost[localhost].TomcatEmbeddedContext[]]] to [STOPPING]
25-08-15 12:43:45.618 [main] DEBUG o.apache.catalina.util.LifecycleBase - Setting state for [StandardContextValve[StandardEngine[Tomcat].StandardHost[localhost].TomcatEmbeddedContext[]]] to [STOPPED]
25-08-15 12:43:45.618 [main] DEBUG o.apache.catalina.util.LifecycleBase - Setting state for [StandardPipeline[StandardEngine[Tomcat].StandardHost[localhost].TomcatEmbeddedContext[]]] to [STOPPED]
25-08-15 12:43:45.619 [main] DEBUG o.apache.catalina.util.LifecycleBase - Setting state for [WebappLoader[StandardEngine[Tomcat].StandardHost[localhost].TomcatEmbeddedContext[]]] to [STOPPING_PREP]
25-08-15 12:43:45.619 [main] DEBUG o.a.catalina.loader.WebappLoader - Stopping this Loader
25-08-15 12:43:45.619 [main] DEBUG o.apache.catalina.util.LifecycleBase - Setting state for [WebappLoader[StandardEngine[Tomcat].StandardHost[localhost].TomcatEmbeddedContext[]]] to [STOPPING]
25-08-15 12:43:45.620 [main] DEBUG o.apache.catalina.util.LifecycleBase - Setting state for [WebappLoader[StandardEngine[Tomcat].StandardHost[localhost].TomcatEmbeddedContext[]]] to [STOPPED]
25-08-15 12:43:45.620 [main] DEBUG o.apache.catalina.util.LifecycleBase - Setting state for [org.apache.catalina.webresources.StandardRoot@2326180c] to [STOPPING_PREP]
25-08-15 12:43:45.620 [main] DEBUG o.apache.catalina.util.LifecycleBase - Setting state for [org.apache.catalina.webresources.DirResourceSet@5ed25612] to [STOPPING_PREP]
25-08-15 12:43:45.620 [main] DEBUG o.apache.catalina.util.LifecycleBase - Setting state for [org.apache.catalina.webresources.DirResourceSet@5ed25612] to [STOPPING]
25-08-15 12:43:45.621 [main] DEBUG o.apache.catalina.util.LifecycleBase - Setting state for [org.apache.catalina.webresources.DirResourceSet@5ed25612] to [STOPPED]
25-08-15 12:43:45.621 [main] DEBUG o.apache.catalina.util.LifecycleBase - Setting state for [org.apache.catalina.webresources.JarResourceSet@5409dfdd] to [STOPPING_PREP]
25-08-15 12:43:45.621 [main] DEBUG o.apache.catalina.util.LifecycleBase - Setting state for [org.apache.catalina.webresources.JarResourceSet@5409dfdd] to [STOPPING]
25-08-15 12:43:45.621 [main] DEBUG o.apache.catalina.util.LifecycleBase - Setting state for [org.apache.catalina.webresources.JarResourceSet@5409dfdd] to [STOPPED]
25-08-15 12:43:45.621 [main] DEBUG o.apache.catalina.util.LifecycleBase - Setting state for [org.apache.catalina.webresources.DirResourceSet@5ed25612] to [DESTROYING]
25-08-15 12:43:45.621 [main] DEBUG o.apache.catalina.util.LifecycleBase - Setting state for [org.apache.catalina.webresources.DirResourceSet@5ed25612] to [DESTROYED]
25-08-15 12:43:45.621 [main] DEBUG o.apache.catalina.util.LifecycleBase - Setting state for [org.apache.catalina.webresources.JarResourceSet@5409dfdd] to [DESTROYING]
25-08-15 12:43:45.621 [main] DEBUG o.apache.catalina.util.LifecycleBase - Setting state for [org.apache.catalina.webresources.JarResourceSet@5409dfdd] to [DESTROYED]
25-08-15 12:43:45.621 [main] DEBUG o.apache.catalina.util.LifecycleBase - Setting state for [org.apache.catalina.webresources.StandardRoot@2326180c] to [STOPPING]
25-08-15 12:43:45.621 [main] DEBUG o.apache.catalina.util.LifecycleBase - Setting state for [org.apache.catalina.webresources.StandardRoot@2326180c] to [STOPPED]
25-08-15 12:43:45.621 [main] DEBUG o.apache.catalina.util.LifecycleBase - Setting state for [StandardEngine[Tomcat].StandardHost[localhost].TomcatEmbeddedContext[].StandardWrapper[dispatcherServlet]] to [DESTROYING]
25-08-15 12:43:45.621 [main] DEBUG o.apache.catalina.util.LifecycleBase - Setting state for [StandardPipeline[StandardEngine[Tomcat].StandardHost[localhost].TomcatEmbeddedContext[].StandardWrapper[dispatcherServlet]]] to [DESTROYING]
25-08-15 12:43:45.621 [main] DEBUG o.apache.catalina.util.LifecycleBase - Setting state for [StandardWrapperValve[Container is null]] to [DESTROYING]
25-08-15 12:43:45.621 [main] DEBUG o.apache.catalina.util.LifecycleBase - Setting state for [StandardWrapperValve[Container is null]] to [DESTROYED]
25-08-15 12:43:45.622 [main] DEBUG o.apache.catalina.util.LifecycleBase - Setting state for [StandardPipeline[StandardEngine[Tomcat].StandardHost[localhost].TomcatEmbeddedContext[].StandardWrapper[dispatcherServlet]]] to [DESTROYED]
25-08-15 12:43:45.622 [main] DEBUG o.apache.catalina.util.LifecycleBase - Setting state for [StandardEngine[Tomcat].StandardHost[localhost].TomcatEmbeddedContext[].StandardWrapper[dispatcherServlet]] to [DESTROYED]
25-08-15 12:43:45.622 [main] DEBUG o.apache.catalina.util.LifecycleBase - Setting state for [StandardEngine[Tomcat].StandardHost[localhost].TomcatEmbeddedContext[]] to [STOPPED]
25-08-15 12:43:45.622 [main] DEBUG o.apache.catalina.util.LifecycleBase - Setting state for [StandardEngine[Tomcat].StandardHost[localhost]] to [STOPPED]
25-08-15 12:43:45.622 [main] DEBUG o.apache.catalina.util.LifecycleBase - Setting state for [SimpleRealm[StandardEngine[Tomcat]]] to [STOPPING_PREP]
25-08-15 12:43:45.622 [main] DEBUG o.apache.catalina.util.LifecycleBase - Setting state for [SimpleRealm[StandardEngine[Tomcat]]] to [STOPPING]
25-08-15 12:43:45.622 [main] DEBUG o.apache.catalina.util.LifecycleBase - Setting state for [SimpleRealm[StandardEngine[Tomcat]]] to [STOPPED]
25-08-15 12:43:45.622 [main] DEBUG o.apache.catalina.util.LifecycleBase - Setting state for [StandardEngine[Tomcat]] to [STOPPED]
25-08-15 12:43:45.622 [main] DEBUG o.apache.catalina.util.LifecycleBase - Setting state for [org.apache.catalina.mapper.MapperListener@49ced9c7] to [STOPPING_PREP]
25-08-15 12:43:45.622 [main] DEBUG o.apache.catalina.util.LifecycleBase - Setting state for [org.apache.catalina.mapper.MapperListener@49ced9c7] to [STOPPING]
25-08-15 12:43:45.622 [main] DEBUG o.apache.catalina.util.LifecycleBase - Setting state for [org.apache.catalina.mapper.MapperListener@49ced9c7] to [STOPPED]
25-08-15 12:43:45.622 [main] DEBUG o.apache.catalina.util.LifecycleBase - Setting state for [StandardService[Tomcat]] to [STOPPED]
25-08-15 12:43:45.623 [main] DEBUG o.apache.catalina.util.LifecycleBase - Setting state for [org.apache.catalina.deploy.NamingResourcesImpl@2b9e69fb] to [STOPPING_PREP]
25-08-15 12:43:45.623 [main] DEBUG o.apache.catalina.util.LifecycleBase - Setting state for [org.apache.catalina.deploy.NamingResourcesImpl@2b9e69fb] to [STOPPING]
25-08-15 12:43:45.623 [main] DEBUG o.apache.catalina.util.LifecycleBase - Setting state for [org.apache.catalina.deploy.NamingResourcesImpl@2b9e69fb] to [STOPPED]
25-08-15 12:43:45.623 [main] DEBUG o.apache.catalina.util.LifecycleBase - Setting state for [StandardServer[-1]] to [STOPPED]
25-08-15 12:43:45.624 [main] DEBUG o.apache.catalina.util.LifecycleBase - Setting state for [StandardServer[-1]] to [DESTROYING]
25-08-15 12:43:45.624 [main] DEBUG o.apache.catalina.util.LifecycleBase - Setting state for [StandardService[Tomcat]] to [DESTROYING]
25-08-15 12:43:45.624 [main] DEBUG o.apache.catalina.util.LifecycleBase - Setting state for [org.apache.catalina.mapper.MapperListener@49ced9c7] to [DESTROYING]
25-08-15 12:43:45.624 [main] DEBUG o.apache.catalina.util.LifecycleBase - Setting state for [org.apache.catalina.mapper.MapperListener@49ced9c7] to [DESTROYED]
25-08-15 12:43:45.624 [main] DEBUG o.apache.catalina.util.LifecycleBase - Setting state for [StandardEngine[Tomcat]] to [DESTROYING]
25-08-15 12:43:45.624 [main] DEBUG o.apache.catalina.util.LifecycleBase - Setting state for [SimpleRealm[StandardEngine[Tomcat]]] to [DESTROYING]
25-08-15 12:43:45.624 [main] DEBUG o.apache.catalina.util.LifecycleBase - Setting state for [SimpleRealm[StandardEngine[Tomcat]]] to [DESTROYED]
25-08-15 12:43:45.624 [main] DEBUG o.apache.catalina.util.LifecycleBase - Setting state for [StandardPipeline[StandardEngine[Tomcat]]] to [DESTROYING]
25-08-15 12:43:45.624 [main] DEBUG o.apache.catalina.util.LifecycleBase - Setting state for [StandardEngineValve[Container is null]] to [DESTROYING]
25-08-15 12:43:45.624 [main] DEBUG o.apache.catalina.util.LifecycleBase - Setting state for [StandardEngineValve[Container is null]] to [DESTROYED]
25-08-15 12:43:45.624 [main] DEBUG o.apache.catalina.util.LifecycleBase - Setting state for [StandardPipeline[StandardEngine[Tomcat]]] to [DESTROYED]
25-08-15 12:43:45.624 [main] DEBUG o.apache.catalina.util.LifecycleBase - Setting state for [StandardEngine[Tomcat].StandardHost[localhost]] to [DESTROYING]
25-08-15 12:43:45.624 [main] DEBUG o.apache.catalina.util.LifecycleBase - Setting state for [StandardPipeline[StandardEngine[Tomcat].StandardHost[localhost]]] to [DESTROYING]
25-08-15 12:43:45.624 [main] DEBUG o.apache.catalina.util.LifecycleBase - Setting state for [ErrorReportValve[Container is null]] to [DESTROYING]
25-08-15 12:43:45.625 [main] DEBUG o.apache.catalina.util.LifecycleBase - Setting state for [ErrorReportValve[Container is null]] to [DESTROYED]
25-08-15 12:43:45.625 [main] DEBUG o.apache.catalina.util.LifecycleBase - Setting state for [StandardHostValve[Container is null]] to [DESTROYING]
25-08-15 12:43:45.625 [main] DEBUG o.apache.catalina.util.LifecycleBase - Setting state for [StandardHostValve[Container is null]] to [DESTROYED]
25-08-15 12:43:45.625 [main] DEBUG o.apache.catalina.util.LifecycleBase - Setting state for [StandardPipeline[StandardEngine[Tomcat].StandardHost[localhost]]] to [DESTROYED]
25-08-15 12:43:45.625 [main] DEBUG o.apache.catalina.util.LifecycleBase - Setting state for [StandardEngine[Tomcat].StandardHost[localhost].TomcatEmbeddedContext[]] to [DESTROYING]
25-08-15 12:43:45.625 [main] DEBUG o.apache.catalina.util.LifecycleBase - Setting state for [org.apache.catalina.deploy.NamingResourcesImpl@14874a5d] to [DESTROYING]
25-08-15 12:43:45.625 [main] DEBUG o.apache.catalina.util.LifecycleBase - Setting state for [org.apache.catalina.deploy.NamingResourcesImpl@14874a5d] to [DESTROYED]
25-08-15 12:43:45.625 [main] DEBUG o.apache.catalina.util.LifecycleBase - Setting state for [WebappLoader[StandardEngine[Tomcat].StandardHost[localhost].TomcatEmbeddedContext[]]] to [DESTROYING]
25-08-15 12:43:45.625 [main] DEBUG o.apache.catalina.util.LifecycleBase - Setting state for [WebappLoader[StandardEngine[Tomcat].StandardHost[localhost].TomcatEmbeddedContext[]]] to [DESTROYED]
25-08-15 12:43:45.625 [main] DEBUG o.apache.catalina.util.LifecycleBase - Setting state for [StandardManager[StandardEngine[Tomcat].StandardHost[localhost].TomcatEmbeddedContext[]]] to [DESTROYING]
25-08-15 12:43:45.625 [main] DEBUG o.apache.catalina.util.LifecycleBase - Setting state for [StandardManager[StandardEngine[Tomcat].StandardHost[localhost].TomcatEmbeddedContext[]]] to [DESTROYED]
25-08-15 12:43:45.625 [main] DEBUG o.apache.catalina.util.LifecycleBase - Setting state for [org.apache.catalina.webresources.StandardRoot@2326180c] to [DESTROYING]
25-08-15 12:43:45.625 [main] DEBUG o.apache.catalina.util.LifecycleBase - Setting state for [org.apache.catalina.webresources.StandardRoot@2326180c] to [DESTROYED]
25-08-15 12:43:45.625 [main] DEBUG o.apache.catalina.util.LifecycleBase - Setting state for [StandardPipeline[StandardEngine[Tomcat].StandardHost[localhost].TomcatEmbeddedContext[]]] to [DESTROYING]
25-08-15 12:43:45.626 [main] DEBUG o.apache.catalina.util.LifecycleBase - Setting state for [NonLoginAuthenticator[Container is null]] to [DESTROYING]
25-08-15 12:43:45.626 [main] DEBUG o.apache.catalina.util.LifecycleBase - Setting state for [NonLoginAuthenticator[Container is null]] to [DESTROYED]
25-08-15 12:43:45.626 [main] DEBUG o.apache.catalina.util.LifecycleBase - Setting state for [StandardContextValve[Container is null]] to [DESTROYING]
25-08-15 12:43:45.626 [main] DEBUG o.apache.catalina.util.LifecycleBase - Setting state for [StandardContextValve[Container is null]] to [DESTROYED]
25-08-15 12:43:45.626 [main] DEBUG o.apache.catalina.util.LifecycleBase - Setting state for [StandardPipeline[StandardEngine[Tomcat].StandardHost[localhost].TomcatEmbeddedContext[]]] to [DESTROYED]
25-08-15 12:43:45.626 [main] DEBUG o.apache.catalina.util.LifecycleBase - Setting state for [StandardEngine[Tomcat].StandardHost[localhost].TomcatEmbeddedContext[]] to [DESTROYED]
25-08-15 12:43:45.626 [main] DEBUG o.apache.catalina.util.LifecycleBase - Setting state for [StandardEngine[Tomcat].StandardHost[localhost]] to [DESTROYED]
25-08-15 12:43:45.626 [main] DEBUG o.apache.catalina.util.LifecycleBase - Setting state for [StandardEngine[Tomcat]] to [DESTROYED]
25-08-15 12:43:45.626 [main] DEBUG o.apache.catalina.util.LifecycleBase - Setting state for [StandardService[Tomcat]] to [DESTROYED]
25-08-15 12:43:45.626 [main] DEBUG o.apache.catalina.util.LifecycleBase - Setting state for [org.apache.catalina.deploy.NamingResourcesImpl@2b9e69fb] to [DESTROYING]
25-08-15 12:43:45.627 [main] DEBUG o.apache.catalina.util.LifecycleBase - Setting state for [org.apache.catalina.deploy.NamingResourcesImpl@2b9e69fb] to [DESTROYED]
25-08-15 12:43:45.627 [main] DEBUG o.apache.catalina.util.LifecycleBase - Setting state for [StandardServer[-1]] to [DESTROYED]
25-08-15 12:43:45.646 [main] DEBUG o.s.b.a.l.ConditionEvaluationReportL - 


============================
CONDITIONS EVALUATION REPORT
============================


Positive matches:
-----------------

   AopAutoConfiguration matched:
      - @ConditionalOnBooleanProperty (spring.aop.auto=true) matched (OnPropertyCondition)

   AopAutoConfiguration.AspectJAutoProxyingConfiguration matched:
      - @ConditionalOnClass found required class 'org.aspectj.weaver.Advice' (OnClassCondition)

   AopAutoConfiguration.AspectJAutoProxyingConfiguration.CglibAutoProxyConfiguration matched:
      - @ConditionalOnBooleanProperty (spring.aop.proxy-target-class=true) matched (OnPropertyCondition)

   ApplicationAvailabilityAutoConfiguration#applicationAvailability matched:
      - @ConditionalOnMissingBean (types: org.springframework.boot.availability.ApplicationAvailability; SearchStrategy: all) did not find any beans (OnBeanCondition)

   AuditEventsEndpointAutoConfiguration matched:
      - @ConditionalOnAvailableEndpoint marked as exposed by a 'management.endpoints.jmx.exposure' property (OnAvailableEndpointCondition)

   BeansEndpointAutoConfiguration matched:
      - @ConditionalOnAvailableEndpoint marked as exposed by a 'management.endpoints.jmx.exposure' property (OnAvailableEndpointCondition)

   BeansEndpointAutoConfiguration#beansEndpoint matched:
      - @ConditionalOnMissingBean (types: org.springframework.boot.actuate.beans.BeansEndpoint; SearchStrategy: all) did not find any beans (OnBeanCondition)

   CacheMeterBinderProvidersConfiguration matched:
      - @ConditionalOnClass found required class 'io.micrometer.core.instrument.binder.MeterBinder' (OnClassCondition)

   CachesEndpointAutoConfiguration matched:
      - @ConditionalOnClass found required class 'org.springframework.cache.CacheManager' (OnClassCondition)
      - @ConditionalOnAvailableEndpoint marked as exposed by a 'management.endpoints.jmx.exposure' property (OnAvailableEndpointCondition)

   CachesEndpointAutoConfiguration#cachesEndpoint matched:
      - @ConditionalOnMissingBean (types: org.springframework.boot.actuate.cache.CachesEndpoint; SearchStrategy: all) did not find any beans (OnBeanCondition)

   CompositeMeterRegistryAutoConfiguration matched:
      - @ConditionalOnClass found required class 'io.micrometer.core.instrument.composite.CompositeMeterRegistry' (OnClassCondition)

   ConditionsReportEndpointAutoConfiguration matched:
      - @ConditionalOnAvailableEndpoint marked as exposed by a 'management.endpoints.jmx.exposure' property (OnAvailableEndpointCondition)

   ConditionsReportEndpointAutoConfiguration#conditionsReportEndpoint matched:
      - @ConditionalOnMissingBean (types: org.springframework.boot.actuate.autoconfigure.condition.ConditionsReportEndpoint; SearchStrategy: current) did not find any beans (OnBeanCondition)

   ConfigurationPropertiesReportEndpointAutoConfiguration matched:
      - @ConditionalOnAvailableEndpoint marked as exposed by a 'management.endpoints.jmx.exposure' property (OnAvailableEndpointCondition)

   ConfigurationPropertiesReportEndpointAutoConfiguration#configurationPropertiesReportEndpoint matched:
      - @ConditionalOnMissingBean (types: org.springframework.boot.actuate.context.properties.ConfigurationPropertiesReportEndpoint; SearchStrategy: all) did not find any beans (OnBeanCondition)

   DataSourceAutoConfiguration matched:
      - @ConditionalOnClass found required classes 'javax.sql.DataSource', 'org.springframework.jdbc.datasource.embedded.EmbeddedDatabaseType' (OnClassCondition)
      - @ConditionalOnMissingBean (types: ?; SearchStrategy: all) did not find any beans (OnBeanCondition)

   DataSourceAutoConfiguration.PooledDataSourceConfiguration matched:
      - AnyNestedCondition 1 matched 1 did not; NestedCondition on DataSourceAutoConfiguration.PooledDataSourceCondition.PooledDataSourceAvailable PooledDataSource found supported DataSource; NestedCondition on DataSourceAutoConfiguration.PooledDataSourceCondition.ExplicitType @ConditionalOnProperty (spring.datasource.type) did not find property 'spring.datasource.type' (DataSourceAutoConfiguration.PooledDataSourceCondition)
      - @ConditionalOnMissingBean (types: javax.sql.DataSource,javax.sql.XADataSource; SearchStrategy: all) did not find any beans (OnBeanCondition)

   DataSourceAutoConfiguration.PooledDataSourceConfiguration#jdbcConnectionDetails matched:
      - @ConditionalOnMissingBean (types: org.springframework.boot.autoconfigure.jdbc.JdbcConnectionDetails; SearchStrategy: all) did not find any beans (OnBeanCondition)

   DataSourceConfiguration.Hikari matched:
      - @ConditionalOnClass found required class 'com.zaxxer.hikari.HikariDataSource' (OnClassCondition)
      - @ConditionalOnProperty (spring.datasource.type=com.zaxxer.hikari.HikariDataSource) matched (OnPropertyCondition)
      - @ConditionalOnMissingBean (types: javax.sql.DataSource; SearchStrategy: all) did not find any beans (OnBeanCondition)

   DataSourceHealthContributorAutoConfiguration matched:
      - @ConditionalOnClass found required classes 'org.springframework.jdbc.core.JdbcTemplate', 'org.springframework.jdbc.datasource.lookup.AbstractRoutingDataSource' (OnClassCondition)
      - @ConditionalOnEnabledHealthIndicator management.health.defaults.enabled is considered true (OnEnabledHealthIndicatorCondition)
      - @ConditionalOnBean (types: javax.sql.DataSource; SearchStrategy: all) found bean 'dataSource' (OnBeanCondition)

   DataSourceHealthContributorAutoConfiguration#dbHealthContributor matched:
      - @ConditionalOnMissingBean (names: dbHealthIndicator,dbHealthContributor; SearchStrategy: all) did not find any beans (OnBeanCondition)

   DataSourceInitializationConfiguration matched:
      - @ConditionalOnClass found required class 'org.springframework.jdbc.datasource.init.DatabasePopulator' (OnClassCondition)
      - @ConditionalOnSingleCandidate (types: javax.sql.DataSource; SearchStrategy: all) found a single bean 'dataSource'; @ConditionalOnMissingBean (types: org.springframework.boot.autoconfigure.sql.init.SqlDataSourceScriptDatabaseInitializer,org.springframework.boot.autoconfigure.sql.init.SqlR2dbcScriptDatabaseInitializer; SearchStrategy: all) did not find any beans (OnBeanCondition)

   DataSourceJmxConfiguration matched:
      - @ConditionalOnBooleanProperty (spring.jmx.enabled=true) matched (OnPropertyCondition)

   DataSourceJmxConfiguration.Hikari matched:
      - @ConditionalOnClass found required class 'com.zaxxer.hikari.HikariDataSource' (OnClassCondition)
      - @ConditionalOnSingleCandidate (types: javax.sql.DataSource; SearchStrategy: all) found a single bean 'dataSource' (OnBeanCondition)

   DataSourcePoolMetadataProvidersConfiguration.HikariPoolDataSourceMetadataProviderConfiguration matched:
      - @ConditionalOnClass found required class 'com.zaxxer.hikari.HikariDataSource' (OnClassCondition)

   DataSourcePoolMetricsAutoConfiguration matched:
      - @ConditionalOnClass found required classes 'javax.sql.DataSource', 'io.micrometer.core.instrument.MeterRegistry' (OnClassCondition)
      - @ConditionalOnBean (types: javax.sql.DataSource,io.micrometer.core.instrument.MeterRegistry; SearchStrategy: all) found beans 'simpleMeterRegistry', 'dataSource' (OnBeanCondition)

   DataSourcePoolMetricsAutoConfiguration.DataSourcePoolMetadataMetricsConfiguration matched:
      - @ConditionalOnBean (types: org.springframework.boot.jdbc.metadata.DataSourcePoolMetadataProvider; SearchStrategy: all) found bean 'hikariPoolDataSourceMetadataProvider' (OnBeanCondition)

   DataSourcePoolMetricsAutoConfiguration.HikariDataSourceMetricsConfiguration matched:
      - @ConditionalOnClass found required class 'com.zaxxer.hikari.HikariDataSource' (OnClassCondition)

   DataSourceTransactionManagerAutoConfiguration matched:
      - @ConditionalOnClass found required classes 'javax.sql.DataSource', 'org.springframework.jdbc.core.JdbcTemplate', 'org.springframework.transaction.TransactionManager' (OnClassCondition)

   DataSourceTransactionManagerAutoConfiguration.JdbcTransactionManagerConfiguration matched:
      - @ConditionalOnSingleCandidate (types: javax.sql.DataSource; SearchStrategy: all) found a single bean 'dataSource' (OnBeanCondition)

   DiskSpaceHealthContributorAutoConfiguration matched:
      - @ConditionalOnEnabledHealthIndicator management.health.defaults.enabled is considered true (OnEnabledHealthIndicatorCondition)

   DiskSpaceHealthContributorAutoConfiguration#diskSpaceHealthIndicator matched:
      - @ConditionalOnMissingBean (names: diskSpaceHealthIndicator; SearchStrategy: all) did not find any beans (OnBeanCondition)

   DispatcherServletAutoConfiguration matched:
      - @ConditionalOnClass found required class 'org.springframework.web.servlet.DispatcherServlet' (OnClassCondition)
      - found 'session' scope (OnWebApplicationCondition)

   DispatcherServletAutoConfiguration.DispatcherServletConfiguration matched:
      - @ConditionalOnClass found required class 'jakarta.servlet.ServletRegistration' (OnClassCondition)
      - Default DispatcherServlet did not find dispatcher servlet beans (DispatcherServletAutoConfiguration.DefaultDispatcherServletCondition)

   DispatcherServletAutoConfiguration.DispatcherServletRegistrationConfiguration matched:
      - @ConditionalOnClass found required class 'jakarta.servlet.ServletRegistration' (OnClassCondition)
      - DispatcherServlet Registration did not find servlet registration bean (DispatcherServletAutoConfiguration.DispatcherServletRegistrationCondition)

   DispatcherServletAutoConfiguration.DispatcherServletRegistrationConfiguration#dispatcherServletRegistration matched:
      - @ConditionalOnBean (names: dispatcherServlet types: org.springframework.web.servlet.DispatcherServlet; SearchStrategy: all) found bean 'dispatcherServlet' (OnBeanCondition)

   EmbeddedWebServerFactoryCustomizerAutoConfiguration matched:
      - @ConditionalOnWebApplication (required) found 'session' scope (OnWebApplicationCondition)
      - @ConditionalOnWarDeployment the application is not deployed as a WAR file. (OnWarDeploymentCondition)

   EmbeddedWebServerFactoryCustomizerAutoConfiguration.TomcatWebServerFactoryCustomizerConfiguration matched:
      - @ConditionalOnClass found required classes 'org.apache.catalina.startup.Tomcat', 'org.apache.coyote.UpgradeProtocol' (OnClassCondition)

   EndpointAutoConfiguration#endpointCachingOperationInvokerAdvisor matched:
      - @ConditionalOnMissingBean (types: org.springframework.boot.actuate.endpoint.invoker.cache.CachingOperationInvokerAdvisor; SearchStrategy: all) did not find any beans (OnBeanCondition)

   EndpointAutoConfiguration#endpointOperationParameterMapper matched:
      - @ConditionalOnMissingBean (types: org.springframework.boot.actuate.endpoint.invoke.ParameterValueMapper; SearchStrategy: all) did not find any beans (OnBeanCondition)

   EndpointAutoConfiguration#propertiesEndpointAccessResolver matched:
      - @ConditionalOnMissingBean (types: org.springframework.boot.actuate.endpoint.EndpointAccessResolver; SearchStrategy: all) did not find any beans (OnBeanCondition)

   EnvironmentEndpointAutoConfiguration matched:
      - @ConditionalOnAvailableEndpoint marked as exposed by a 'management.endpoints.jmx.exposure' property (OnAvailableEndpointCondition)

   EnvironmentEndpointAutoConfiguration#environmentEndpoint matched:
      - @ConditionalOnMissingBean (types: org.springframework.boot.actuate.env.EnvironmentEndpoint; SearchStrategy: all) did not find any beans (OnBeanCondition)

   ErrorMvcAutoConfiguration matched:
      - @ConditionalOnClass found required classes 'jakarta.servlet.Servlet', 'org.springframework.web.servlet.DispatcherServlet' (OnClassCondition)
      - found 'session' scope (OnWebApplicationCondition)

   ErrorMvcAutoConfiguration#basicErrorController matched:
      - @ConditionalOnMissingBean (types: org.springframework.boot.web.servlet.error.ErrorController; SearchStrategy: current) did not find any beans (OnBeanCondition)

   ErrorMvcAutoConfiguration#errorAttributes matched:
      - @ConditionalOnMissingBean (types: org.springframework.boot.web.servlet.error.ErrorAttributes; SearchStrategy: current) did not find any beans (OnBeanCondition)

   ErrorMvcAutoConfiguration.DefaultErrorViewResolverConfiguration#conventionErrorViewResolver matched:
      - @ConditionalOnBean (types: org.springframework.web.servlet.DispatcherServlet; SearchStrategy: all) found bean 'dispatcherServlet'; @ConditionalOnMissingBean (types: org.springframework.boot.autoconfigure.web.servlet.error.ErrorViewResolver; SearchStrategy: all) did not find any beans (OnBeanCondition)

   ErrorMvcAutoConfiguration.WhitelabelErrorViewConfiguration matched:
      - @ConditionalOnBooleanProperty (server.error.whitelabel.enabled=true) matched (OnPropertyCondition)
      - ErrorTemplate Missing did not find error template view (ErrorMvcAutoConfiguration.ErrorTemplateMissingCondition)

   ErrorMvcAutoConfiguration.WhitelabelErrorViewConfiguration#beanNameViewResolver matched:
      - @ConditionalOnMissingBean (types: org.springframework.web.servlet.view.BeanNameViewResolver; SearchStrategy: all) did not find any beans (OnBeanCondition)

   ErrorMvcAutoConfiguration.WhitelabelErrorViewConfiguration#defaultErrorView matched:
      - @ConditionalOnMissingBean (names: error; SearchStrategy: all) did not find any beans (OnBeanCondition)

   GenericCacheConfiguration matched:
      - Cache org.springframework.boot.autoconfigure.cache.GenericCacheConfiguration automatic cache type (CacheCondition)

   HealthContributorAutoConfiguration#pingHealthContributor matched:
      - @ConditionalOnEnabledHealthIndicator management.health.defaults.enabled is considered true (OnEnabledHealthIndicatorCondition)

   HealthEndpointAutoConfiguration matched:
      - @ConditionalOnAvailableEndpoint marked as exposed by a 'management.endpoints.web.exposure' property (OnAvailableEndpointCondition)

   HealthEndpointConfiguration#healthContributorRegistry matched:
      - @ConditionalOnMissingBean (types: org.springframework.boot.actuate.health.HealthContributorRegistry; SearchStrategy: all) did not find any beans (OnBeanCondition)

   HealthEndpointConfiguration#healthEndpoint matched:
      - @ConditionalOnMissingBean (types: org.springframework.boot.actuate.health.HealthEndpoint; SearchStrategy: all) did not find any beans (OnBeanCondition)

   HealthEndpointConfiguration#healthEndpointGroupMembershipValidator matched:
      - @ConditionalOnBooleanProperty (management.endpoint.health.validate-group-membership=true) matched (OnPropertyCondition)

   HealthEndpointConfiguration#healthEndpointGroups matched:
      - @ConditionalOnMissingBean (types: org.springframework.boot.actuate.health.HealthEndpointGroups; SearchStrategy: all) did not find any beans (OnBeanCondition)

   HealthEndpointConfiguration#healthHttpCodeStatusMapper matched:
      - @ConditionalOnMissingBean (types: org.springframework.boot.actuate.health.HttpCodeStatusMapper; SearchStrategy: all) did not find any beans (OnBeanCondition)

   HealthEndpointConfiguration#healthStatusAggregator matched:
      - @ConditionalOnMissingBean (types: org.springframework.boot.actuate.health.StatusAggregator; SearchStrategy: all) did not find any beans (OnBeanCondition)

   HealthEndpointWebExtensionConfiguration matched:
      - found 'session' scope (OnWebApplicationCondition)
      - @ConditionalOnAvailableEndpoint marked as exposed by a 'management.endpoints.web.exposure' property (OnAvailableEndpointCondition)
      - @ConditionalOnBean (types: org.springframework.boot.actuate.health.HealthEndpoint; SearchStrategy: all) found bean 'healthEndpoint' (OnBeanCondition)

   HealthEndpointWebExtensionConfiguration#healthEndpointWebExtension matched:
      - @ConditionalOnMissingBean (types: org.springframework.boot.actuate.health.HealthEndpointWebExtension; SearchStrategy: all) did not find any beans (OnBeanCondition)

   HealthEndpointWebExtensionConfiguration.MvcAdditionalHealthEndpointPathsConfiguration matched:
      - @ConditionalOnBean (types: org.springframework.web.servlet.DispatcherServlet; SearchStrategy: all) found bean 'dispatcherServlet' (OnBeanCondition)

   HibernateJpaAutoConfiguration matched:
      - @ConditionalOnClass found required classes 'org.springframework.orm.jpa.LocalContainerEntityManagerFactoryBean', 'jakarta.persistence.EntityManager', 'org.hibernate.engine.spi.SessionImplementor' (OnClassCondition)

   HibernateJpaConfiguration matched:
      - @ConditionalOnSingleCandidate (types: javax.sql.DataSource; SearchStrategy: all) found a single bean 'dataSource' (OnBeanCondition)

   HttpClientAutoConfiguration matched:
      - @ConditionalOnClass found required class 'org.springframework.http.client.ClientHttpRequestFactory' (OnClassCondition)
      - NoneNestedConditions 0 matched 1 did not; NestedCondition on NotReactiveWebApplicationCondition.ReactiveWebApplication did not find reactive web application classes (NotReactiveWebApplicationCondition)

   HttpClientAutoConfiguration#clientHttpRequestFactoryBuilder matched:
      - @ConditionalOnMissingBean (types: org.springframework.boot.http.client.ClientHttpRequestFactoryBuilder<?>; SearchStrategy: all) did not find any beans (OnBeanCondition)

   HttpClientAutoConfiguration#clientHttpRequestFactorySettings matched:
      - @ConditionalOnMissingBean (types: org.springframework.boot.http.client.ClientHttpRequestFactorySettings; SearchStrategy: all) did not find any beans (OnBeanCondition)

   HttpClientObservationsAutoConfiguration matched:
      - @ConditionalOnClass found required class 'io.micrometer.observation.Observation' (OnClassCondition)
      - @ConditionalOnBean (types: io.micrometer.observation.ObservationRegistry; SearchStrategy: all) found bean 'observationRegistry' (OnBeanCondition)

   HttpClientObservationsAutoConfiguration.MeterFilterConfiguration matched:
      - @ConditionalOnClass found required class 'io.micrometer.core.instrument.MeterRegistry' (OnClassCondition)
      - @ConditionalOnBean (types: io.micrometer.core.instrument.MeterRegistry; SearchStrategy: all) found bean 'simpleMeterRegistry' (OnBeanCondition)

   HttpEncodingAutoConfiguration matched:
      - @ConditionalOnClass found required class 'org.springframework.web.filter.CharacterEncodingFilter' (OnClassCondition)
      - found 'session' scope (OnWebApplicationCondition)
      - @ConditionalOnBooleanProperty (server.servlet.encoding.enabled=true) matched (OnPropertyCondition)

   HttpEncodingAutoConfiguration#characterEncodingFilter matched:
      - @ConditionalOnMissingBean (types: org.springframework.web.filter.CharacterEncodingFilter; SearchStrategy: all) did not find any beans (OnBeanCondition)

   HttpExchangesEndpointAutoConfiguration matched:
      - @ConditionalOnAvailableEndpoint marked as exposed by a 'management.endpoints.jmx.exposure' property (OnAvailableEndpointCondition)

   HttpMessageConvertersAutoConfiguration matched:
      - @ConditionalOnClass found required class 'org.springframework.http.converter.HttpMessageConverter' (OnClassCondition)
      - NoneNestedConditions 0 matched 1 did not; NestedCondition on HttpMessageConvertersAutoConfiguration.NotReactiveWebApplicationCondition.ReactiveWebApplication did not find reactive web application classes (HttpMessageConvertersAutoConfiguration.NotReactiveWebApplicationCondition)

   HttpMessageConvertersAutoConfiguration#messageConverters matched:
      - @ConditionalOnMissingBean (types: org.springframework.boot.autoconfigure.http.HttpMessageConverters; SearchStrategy: all) did not find any beans (OnBeanCondition)

   HttpMessageConvertersAutoConfiguration.StringHttpMessageConverterConfiguration matched:
      - @ConditionalOnClass found required class 'org.springframework.http.converter.StringHttpMessageConverter' (OnClassCondition)

   HttpMessageConvertersAutoConfiguration.StringHttpMessageConverterConfiguration#stringHttpMessageConverter matched:
      - @ConditionalOnMissingBean (types: org.springframework.http.converter.StringHttpMessageConverter; SearchStrategy: all) did not find any beans (OnBeanCondition)

   InfoEndpointAutoConfiguration matched:
      - @ConditionalOnAvailableEndpoint marked as exposed by a 'management.endpoints.jmx.exposure' property (OnAvailableEndpointCondition)

   InfoEndpointAutoConfiguration#infoEndpoint matched:
      - @ConditionalOnMissingBean (types: org.springframework.boot.actuate.info.InfoEndpoint; SearchStrategy: all) did not find any beans (OnBeanCondition)

   JacksonAutoConfiguration matched:
      - @ConditionalOnClass found required class 'com.fasterxml.jackson.databind.ObjectMapper' (OnClassCondition)

   JacksonAutoConfiguration.Jackson2ObjectMapperBuilderCustomizerConfiguration matched:
      - @ConditionalOnClass found required class 'org.springframework.http.converter.json.Jackson2ObjectMapperBuilder' (OnClassCondition)

   JacksonAutoConfiguration.JacksonObjectMapperBuilderConfiguration matched:
      - @ConditionalOnClass found required class 'org.springframework.http.converter.json.Jackson2ObjectMapperBuilder' (OnClassCondition)

   JacksonAutoConfiguration.JacksonObjectMapperBuilderConfiguration#jacksonObjectMapperBuilder matched:
      - @ConditionalOnMissingBean (types: org.springframework.http.converter.json.Jackson2ObjectMapperBuilder; SearchStrategy: all) did not find any beans (OnBeanCondition)

   JacksonAutoConfiguration.JacksonObjectMapperConfiguration matched:
      - @ConditionalOnClass found required class 'org.springframework.http.converter.json.Jackson2ObjectMapperBuilder' (OnClassCondition)

   JacksonAutoConfiguration.ParameterNamesModuleConfiguration matched:
      - @ConditionalOnClass found required class 'com.fasterxml.jackson.module.paramnames.ParameterNamesModule' (OnClassCondition)

   JacksonAutoConfiguration.ParameterNamesModuleConfiguration#parameterNamesModule matched:
      - @ConditionalOnMissingBean (types: com.fasterxml.jackson.module.paramnames.ParameterNamesModule; SearchStrategy: all) did not find any beans (OnBeanCondition)

   JacksonEndpointAutoConfiguration#endpointObjectMapper matched:
      - @ConditionalOnClass found required classes 'com.fasterxml.jackson.databind.ObjectMapper', 'org.springframework.http.converter.json.Jackson2ObjectMapperBuilder' (OnClassCondition)
      - @ConditionalOnBooleanProperty (management.endpoints.jackson.isolated-object-mapper=true) matched (OnPropertyCondition)

   JacksonHttpMessageConvertersConfiguration.MappingJackson2HttpMessageConverterConfiguration matched:
      - @ConditionalOnClass found required class 'com.fasterxml.jackson.databind.ObjectMapper' (OnClassCondition)
      - @ConditionalOnPreferredJsonMapper JACKSON no property was configured and Jackson is the default (OnPreferredJsonMapperCondition)
      - @ConditionalOnBean (types: com.fasterxml.jackson.databind.ObjectMapper; SearchStrategy: all) found bean 'objectMapper' (OnBeanCondition)

   JacksonHttpMessageConvertersConfiguration.MappingJackson2HttpMessageConverterConfiguration#mappingJackson2HttpMessageConverter matched:
      - @ConditionalOnMissingBean (types: org.springframework.http.converter.json.MappingJackson2HttpMessageConverter ignored: ?; SearchStrategy: all) did not find any beans (OnBeanCondition)

   JdbcClientAutoConfiguration matched:
      - @ConditionalOnSingleCandidate (types: org.springframework.jdbc.core.namedparam.NamedParameterJdbcTemplate; SearchStrategy: all) found a single bean 'namedParameterJdbcTemplate'; @ConditionalOnMissingBean (types: org.springframework.jdbc.core.simple.JdbcClient; SearchStrategy: all) did not find any beans (OnBeanCondition)

   JdbcTemplateAutoConfiguration matched:
      - @ConditionalOnClass found required classes 'javax.sql.DataSource', 'org.springframework.jdbc.core.JdbcTemplate' (OnClassCondition)
      - @ConditionalOnSingleCandidate (types: javax.sql.DataSource; SearchStrategy: all) found a single bean 'dataSource' (OnBeanCondition)

   JdbcTemplateConfiguration matched:
      - @ConditionalOnMissingBean (types: org.springframework.jdbc.core.JdbcOperations; SearchStrategy: all) did not find any beans (OnBeanCondition)

   JmxAutoConfiguration matched:
      - @ConditionalOnClass found required class 'org.springframework.jmx.export.MBeanExporter' (OnClassCondition)
      - @ConditionalOnBooleanProperty (spring.jmx.enabled=true) matched (OnPropertyCondition)

   JmxAutoConfiguration#mbeanExporter matched:
      - @ConditionalOnMissingBean (types: org.springframework.jmx.export.MBeanExporter; SearchStrategy: current) did not find any beans (OnBeanCondition)

   JmxAutoConfiguration#mbeanServer matched:
      - @ConditionalOnMissingBean (types: javax.management.MBeanServer; SearchStrategy: all) did not find any beans (OnBeanCondition)

   JmxAutoConfiguration#objectNamingStrategy matched:
      - @ConditionalOnMissingBean (types: org.springframework.jmx.export.naming.ObjectNamingStrategy; SearchStrategy: current) did not find any beans (OnBeanCondition)

   JmxEndpointAutoConfiguration matched:
      - @ConditionalOnBooleanProperty (spring.jmx.enabled=true) matched (OnPropertyCondition)

   JmxEndpointAutoConfiguration#endpointObjectNameFactory matched:
      - @ConditionalOnMissingBean (types: org.springframework.boot.actuate.endpoint.jmx.EndpointObjectNameFactory; SearchStrategy: current) did not find any beans (OnBeanCondition)

   JmxEndpointAutoConfiguration#jmxAnnotationEndpointDiscoverer matched:
      - @ConditionalOnMissingBean (types: org.springframework.boot.actuate.endpoint.jmx.JmxEndpointsSupplier; SearchStrategy: all) did not find any beans (OnBeanCondition)

   JmxEndpointAutoConfiguration#jmxMBeanExporter matched:
      - @ConditionalOnSingleCandidate (types: javax.management.MBeanServer; SearchStrategy: all) found a single bean 'mbeanServer' (OnBeanCondition)

   JpaBaseConfiguration#entityManagerFactory matched:
      - @ConditionalOnMissingBean (types: org.springframework.orm.jpa.LocalContainerEntityManagerFactoryBean,jakarta.persistence.EntityManagerFactory; SearchStrategy: all) did not find any beans (OnBeanCondition)

   JpaBaseConfiguration#entityManagerFactoryBuilder matched:
      - @ConditionalOnMissingBean (types: org.springframework.boot.orm.jpa.EntityManagerFactoryBuilder; SearchStrategy: all) did not find any beans (OnBeanCondition)

   JpaBaseConfiguration#jpaVendorAdapter matched:
      - @ConditionalOnMissingBean (types: org.springframework.orm.jpa.JpaVendorAdapter; SearchStrategy: all) did not find any beans (OnBeanCondition)

   JpaBaseConfiguration#transactionManager matched:
      - @ConditionalOnMissingBean (types: org.springframework.transaction.TransactionManager; SearchStrategy: all) did not find any beans (OnBeanCondition)

   JpaBaseConfiguration.PersistenceManagedTypesConfiguration matched:
      - @ConditionalOnMissingBean (types: org.springframework.orm.jpa.LocalContainerEntityManagerFactoryBean,jakarta.persistence.EntityManagerFactory; SearchStrategy: all) did not find any beans (OnBeanCondition)

   JpaBaseConfiguration.PersistenceManagedTypesConfiguration#persistenceManagedTypes matched:
      - @ConditionalOnMissingBean (types: org.springframework.orm.jpa.persistenceunit.PersistenceManagedTypes; SearchStrategy: all) did not find any beans (OnBeanCondition)

   JpaRepositoriesAutoConfiguration matched:
      - @ConditionalOnClass found required class 'org.springframework.data.jpa.repository.JpaRepository' (OnClassCondition)
      - @ConditionalOnBooleanProperty (spring.data.jpa.repositories.enabled=true) matched (OnPropertyCondition)
      - @ConditionalOnBean (types: javax.sql.DataSource; SearchStrategy: all) found bean 'dataSource'; @ConditionalOnMissingBean (types: org.springframework.data.jpa.repository.support.JpaRepositoryFactoryBean,org.springframework.data.jpa.repository.config.JpaRepositoryConfigExtension; SearchStrategy: all) did not find any beans (OnBeanCondition)

   JtaAutoConfiguration matched:
      - @ConditionalOnClass found required class 'jakarta.transaction.Transaction' (OnClassCondition)
      - @ConditionalOnBooleanProperty (spring.jta.enabled=true) matched (OnPropertyCondition)

   JvmMetricsAutoConfiguration matched:
      - @ConditionalOnClass found required class 'io.micrometer.core.instrument.MeterRegistry' (OnClassCondition)
      - @ConditionalOnBean (types: io.micrometer.core.instrument.MeterRegistry; SearchStrategy: all) found bean 'simpleMeterRegistry' (OnBeanCondition)

   JvmMetricsAutoConfiguration#classLoaderMetrics matched:
      - @ConditionalOnMissingBean (types: io.micrometer.core.instrument.binder.jvm.ClassLoaderMetrics; SearchStrategy: all) did not find any beans (OnBeanCondition)

   JvmMetricsAutoConfiguration#jvmCompilationMetrics matched:
      - @ConditionalOnMissingBean (types: io.micrometer.core.instrument.binder.jvm.JvmCompilationMetrics; SearchStrategy: all) did not find any beans (OnBeanCondition)

   JvmMetricsAutoConfiguration#jvmGcMetrics matched:
      - @ConditionalOnMissingBean (types: io.micrometer.core.instrument.binder.jvm.JvmGcMetrics; SearchStrategy: all) did not find any beans (OnBeanCondition)

   JvmMetricsAutoConfiguration#jvmHeapPressureMetrics matched:
      - @ConditionalOnMissingBean (types: io.micrometer.core.instrument.binder.jvm.JvmHeapPressureMetrics; SearchStrategy: all) did not find any beans (OnBeanCondition)

   JvmMetricsAutoConfiguration#jvmInfoMetrics matched:
      - @ConditionalOnMissingBean (types: io.micrometer.core.instrument.binder.jvm.JvmInfoMetrics; SearchStrategy: all) did not find any beans (OnBeanCondition)

   JvmMetricsAutoConfiguration#jvmMemoryMetrics matched:
      - @ConditionalOnMissingBean (types: io.micrometer.core.instrument.binder.jvm.JvmMemoryMetrics; SearchStrategy: all) did not find any beans (OnBeanCondition)

   JvmMetricsAutoConfiguration#jvmThreadMetrics matched:
      - @ConditionalOnMissingBean (types: io.micrometer.core.instrument.binder.jvm.JvmThreadMetrics; SearchStrategy: all) did not find any beans (OnBeanCondition)

   LifecycleAutoConfiguration#defaultLifecycleProcessor matched:
      - @ConditionalOnMissingBean (names: lifecycleProcessor; SearchStrategy: current) did not find any beans (OnBeanCondition)

   LogFileWebEndpointAutoConfiguration matched:
      - @ConditionalOnAvailableEndpoint marked as exposed by a 'management.endpoints.jmx.exposure' property (OnAvailableEndpointCondition)

   LogbackMetricsAutoConfiguration matched:
      - @ConditionalOnClass found required classes 'io.micrometer.core.instrument.MeterRegistry', 'ch.qos.logback.classic.LoggerContext', 'org.slf4j.LoggerFactory' (OnClassCondition)
      - LogbackLoggingCondition ILoggerFactory is a Logback LoggerContext (LogbackMetricsAutoConfiguration.LogbackLoggingCondition)
      - @ConditionalOnBean (types: io.micrometer.core.instrument.MeterRegistry; SearchStrategy: all) found bean 'simpleMeterRegistry' (OnBeanCondition)

   LogbackMetricsAutoConfiguration#logbackMetrics matched:
      - @ConditionalOnMissingBean (types: io.micrometer.core.instrument.binder.logging.LogbackMetrics; SearchStrategy: all) did not find any beans (OnBeanCondition)

   LoggersEndpointAutoConfiguration matched:
      - @ConditionalOnAvailableEndpoint marked as exposed by a 'management.endpoints.jmx.exposure' property (OnAvailableEndpointCondition)

   LoggersEndpointAutoConfiguration#loggersEndpoint matched:
      - Logging System enabled (LoggersEndpointAutoConfiguration.OnEnabledLoggingSystemCondition)
      - @ConditionalOnBean (types: org.springframework.boot.logging.LoggingSystem; SearchStrategy: all) found bean 'springBootLoggingSystem'; @ConditionalOnMissingBean (types: org.springframework.boot.actuate.logging.LoggersEndpoint; SearchStrategy: all) did not find any beans (OnBeanCondition)

   ManagementContextAutoConfiguration.SameManagementContextConfiguration matched:
      - Management Port actual port type (SAME) matched required type (OnManagementPortCondition)

   MappingsEndpointAutoConfiguration matched:
      - @ConditionalOnAvailableEndpoint marked as exposed by a 'management.endpoints.jmx.exposure' property (OnAvailableEndpointCondition)

   MappingsEndpointAutoConfiguration.ServletWebConfiguration matched:
      - found 'session' scope (OnWebApplicationCondition)

   MappingsEndpointAutoConfiguration.ServletWebConfiguration.SpringMvcConfiguration matched:
      - @ConditionalOnClass found required class 'org.springframework.web.servlet.DispatcherServlet' (OnClassCondition)
      - @ConditionalOnBean (types: org.springframework.web.servlet.DispatcherServlet; SearchStrategy: all) found bean 'dispatcherServlet' (OnBeanCondition)

   MetricsAutoConfiguration matched:
      - @ConditionalOnClass found required class 'io.micrometer.core.annotation.Timed' (OnClassCondition)

   MetricsAutoConfiguration#micrometerClock matched:
      - @ConditionalOnMissingBean (types: io.micrometer.core.instrument.Clock; SearchStrategy: all) did not find any beans (OnBeanCondition)

   MetricsEndpointAutoConfiguration matched:
      - @ConditionalOnClass found required class 'io.micrometer.core.annotation.Timed' (OnClassCondition)
      - @ConditionalOnAvailableEndpoint marked as exposed by a 'management.endpoints.jmx.exposure' property (OnAvailableEndpointCondition)

   MetricsEndpointAutoConfiguration#metricsEndpoint matched:
      - @ConditionalOnBean (types: io.micrometer.core.instrument.MeterRegistry; SearchStrategy: all) found bean 'simpleMeterRegistry'; @ConditionalOnMissingBean (types: org.springframework.boot.actuate.metrics.MetricsEndpoint; SearchStrategy: all) did not find any beans (OnBeanCondition)

   MultipartAutoConfiguration matched:
      - @ConditionalOnClass found required classes 'jakarta.servlet.Servlet', 'org.springframework.web.multipart.support.StandardServletMultipartResolver', 'jakarta.servlet.MultipartConfigElement' (OnClassCondition)
      - found 'session' scope (OnWebApplicationCondition)
      - @ConditionalOnBooleanProperty (spring.servlet.multipart.enabled=true) matched (OnPropertyCondition)

   MultipartAutoConfiguration#multipartConfigElement matched:
      - @ConditionalOnMissingBean (types: jakarta.servlet.MultipartConfigElement; SearchStrategy: all) did not find any beans (OnBeanCondition)

   MultipartAutoConfiguration#multipartResolver matched:
      - @ConditionalOnMissingBean (types: org.springframework.web.multipart.MultipartResolver; SearchStrategy: all) did not find any beans (OnBeanCondition)

   NamedParameterJdbcTemplateConfiguration matched:
      - @ConditionalOnSingleCandidate (types: org.springframework.jdbc.core.JdbcTemplate; SearchStrategy: all) found a single bean 'jdbcTemplate'; @ConditionalOnMissingBean (types: org.springframework.jdbc.core.namedparam.NamedParameterJdbcOperations; SearchStrategy: all) did not find any beans (OnBeanCondition)

   NoOpCacheConfiguration matched:
      - Cache org.springframework.boot.autoconfigure.cache.NoOpCacheConfiguration automatic cache type (CacheCondition)

   ObservationAutoConfiguration matched:
      - @ConditionalOnClass found required class 'io.micrometer.observation.ObservationRegistry' (OnClassCondition)

   ObservationAutoConfiguration#observationRegistry matched:
      - @ConditionalOnMissingBean (types: io.micrometer.observation.ObservationRegistry; SearchStrategy: all) did not find any beans (OnBeanCondition)

   ObservationAutoConfiguration.MeterObservationHandlerConfiguration matched:
      - @ConditionalOnBean (types: io.micrometer.core.instrument.MeterRegistry; SearchStrategy: all) found bean 'simpleMeterRegistry'; @ConditionalOnMissingBean (types: io.micrometer.core.instrument.observation.MeterObservationHandler; SearchStrategy: all) did not find any beans (OnBeanCondition)

   ObservationAutoConfiguration.MeterObservationHandlerConfiguration.OnlyMetricsMeterObservationHandlerConfiguration matched:
      - @ConditionalOnMissingBean (types: ?; SearchStrategy: all) did not find any beans (OnBeanCondition)

   ObservationAutoConfiguration.OnlyMetricsConfiguration matched:
      - @ConditionalOnClass found required class 'io.micrometer.core.instrument.MeterRegistry'; @ConditionalOnMissingClass did not find unwanted class 'io.micrometer.tracing.Tracer' (OnClassCondition)

   PersistenceExceptionTranslationAutoConfiguration matched:
      - @ConditionalOnClass found required class 'org.springframework.dao.annotation.PersistenceExceptionTranslationPostProcessor' (OnClassCondition)

   PersistenceExceptionTranslationAutoConfiguration#persistenceExceptionTranslationPostProcessor matched:
      - @ConditionalOnBooleanProperty (spring.dao.exceptiontranslation.enabled=true) matched (OnPropertyCondition)
      - @ConditionalOnMissingBean (types: org.springframework.dao.annotation.PersistenceExceptionTranslationPostProcessor; SearchStrategy: all) did not find any beans (OnBeanCondition)

   PropertyPlaceholderAutoConfiguration#propertySourcesPlaceholderConfigurer matched:
      - @ConditionalOnMissingBean (types: org.springframework.context.support.PropertySourcesPlaceholderConfigurer; SearchStrategy: current) did not find any beans (OnBeanCondition)

   RepositoryMetricsAutoConfiguration matched:
      - @ConditionalOnClass found required class 'org.springframework.data.repository.Repository' (OnClassCondition)
      - @ConditionalOnBean (types: io.micrometer.core.instrument.MeterRegistry; SearchStrategy: all) found bean 'simpleMeterRegistry' (OnBeanCondition)

   RepositoryMetricsAutoConfiguration#metricsRepositoryMethodInvocationListener matched:
      - @ConditionalOnMissingBean (types: org.springframework.boot.actuate.metrics.data.MetricsRepositoryMethodInvocationListener; SearchStrategy: all) did not find any beans (OnBeanCondition)

   RepositoryMetricsAutoConfiguration#repositoryTagsProvider matched:
      - @ConditionalOnMissingBean (types: org.springframework.boot.actuate.metrics.data.RepositoryTagsProvider; SearchStrategy: all) did not find any beans (OnBeanCondition)

   RestClientAutoConfiguration matched:
      - @ConditionalOnClass found required class 'org.springframework.web.client.RestClient' (OnClassCondition)
      - AnyNestedCondition 1 matched 1 did not; NestedCondition on NotReactiveWebApplicationOrVirtualThreadsExecutorEnabledCondition.VirtualThreadsExecutorEnabled found non-matching nested conditions @ConditionalOnThreading did not find VIRTUAL; NestedCondition on NotReactiveWebApplicationOrVirtualThreadsExecutorEnabledCondition.NotReactiveWebApplication NoneNestedConditions 0 matched 1 did not; NestedCondition on NotReactiveWebApplicationCondition.ReactiveWebApplication did not find reactive web application classes (NotReactiveWebApplicationOrVirtualThreadsExecutorEnabledCondition)

   RestClientAutoConfiguration#httpMessageConvertersRestClientCustomizer matched:
      - @ConditionalOnMissingBean (types: org.springframework.boot.autoconfigure.web.client.HttpMessageConvertersRestClientCustomizer; SearchStrategy: all) did not find any beans (OnBeanCondition)

   RestClientAutoConfiguration#restClientBuilder matched:
      - @ConditionalOnMissingBean (types: org.springframework.web.client.RestClient$Builder; SearchStrategy: all) did not find any beans (OnBeanCondition)

   RestClientAutoConfiguration#restClientBuilderConfigurer matched:
      - @ConditionalOnMissingBean (types: org.springframework.boot.autoconfigure.web.client.RestClientBuilderConfigurer; SearchStrategy: all) did not find any beans (OnBeanCondition)

   RestClientAutoConfiguration#restClientSsl matched:
      - @ConditionalOnBean (types: org.springframework.boot.ssl.SslBundles; SearchStrategy: all) found bean 'sslBundleRegistry'; @ConditionalOnMissingBean (types: org.springframework.boot.autoconfigure.web.client.RestClientSsl; SearchStrategy: all) did not find any beans (OnBeanCondition)

   RestClientObservationConfiguration matched:
      - @ConditionalOnClass found required class 'org.springframework.web.client.RestClient' (OnClassCondition)
      - @ConditionalOnBean (types: org.springframework.web.client.RestClient$Builder; SearchStrategy: all) found bean 'restClientBuilder' (OnBeanCondition)

   RestTemplateAutoConfiguration matched:
      - @ConditionalOnClass found required class 'org.springframework.web.client.RestTemplate' (OnClassCondition)
      - NoneNestedConditions 0 matched 1 did not; NestedCondition on NotReactiveWebApplicationCondition.ReactiveWebApplication did not find reactive web application classes (NotReactiveWebApplicationCondition)

   RestTemplateAutoConfiguration#restTemplateBuilder matched:
      - @ConditionalOnMissingBean (types: org.springframework.boot.web.client.RestTemplateBuilder; SearchStrategy: all) did not find any beans (OnBeanCondition)

   RestTemplateObservationConfiguration matched:
      - @ConditionalOnClass found required class 'org.springframework.web.client.RestTemplate' (OnClassCondition)
      - @ConditionalOnBean (types: org.springframework.boot.web.client.RestTemplateBuilder; SearchStrategy: all) found bean 'restTemplateBuilder' (OnBeanCondition)

   SbomEndpointAutoConfiguration matched:
      - @ConditionalOnAvailableEndpoint marked as exposed by a 'management.endpoints.jmx.exposure' property (OnAvailableEndpointCondition)

   SbomEndpointAutoConfiguration#sbomEndpoint matched:
      - @ConditionalOnMissingBean (types: org.springframework.boot.actuate.sbom.SbomEndpoint; SearchStrategy: all) did not find any beans (OnBeanCondition)

   ScheduledTasksEndpointAutoConfiguration matched:
      - @ConditionalOnAvailableEndpoint marked as exposed by a 'management.endpoints.jmx.exposure' property (OnAvailableEndpointCondition)

   ScheduledTasksEndpointAutoConfiguration#scheduledTasksEndpoint matched:
      - @ConditionalOnMissingBean (types: org.springframework.boot.actuate.scheduling.ScheduledTasksEndpoint; SearchStrategy: all) did not find any beans (OnBeanCondition)

   ScheduledTasksObservabilityAutoConfiguration matched:
      - @ConditionalOnClass found required class 'org.springframework.scheduling.concurrent.ThreadPoolTaskScheduler' (OnClassCondition)
      - @ConditionalOnBean (types: io.micrometer.observation.ObservationRegistry; SearchStrategy: all) found bean 'observationRegistry' (OnBeanCondition)

   ServletEndpointManagementContextConfiguration matched:
      - found 'session' scope (OnWebApplicationCondition)

   ServletEndpointManagementContextConfiguration.WebMvcServletEndpointManagementContextConfiguration matched:
      - @ConditionalOnClass found required class 'org.springframework.web.servlet.DispatcherServlet' (OnClassCondition)

   ServletManagementContextAutoConfiguration matched:
      - @ConditionalOnClass found required class 'jakarta.servlet.Servlet' (OnClassCondition)
      - found 'session' scope (OnWebApplicationCondition)

   ServletWebServerFactoryAutoConfiguration matched:
      - @ConditionalOnClass found required class 'jakarta.servlet.ServletRequest' (OnClassCondition)
      - found 'session' scope (OnWebApplicationCondition)

   ServletWebServerFactoryAutoConfiguration#tomcatServletWebServerFactoryCustomizer matched:
      - @ConditionalOnClass found required class 'org.apache.catalina.startup.Tomcat' (OnClassCondition)

   ServletWebServerFactoryConfiguration.EmbeddedTomcat matched:
      - @ConditionalOnClass found required classes 'jakarta.servlet.Servlet', 'org.apache.catalina.startup.Tomcat', 'org.apache.coyote.UpgradeProtocol' (OnClassCondition)
      - @ConditionalOnMissingBean (types: org.springframework.boot.web.servlet.server.ServletWebServerFactory; SearchStrategy: current) did not find any beans (OnBeanCondition)

   SimpleCacheConfiguration matched:
      - Cache org.springframework.boot.autoconfigure.cache.SimpleCacheConfiguration automatic cache type (CacheCondition)

   SimpleMetricsExportAutoConfiguration matched:
      - @ConditionalOnEnabledMetricsExport management.defaults.metrics.export.enabled is considered true (OnMetricsExportEnabledCondition)
      - @ConditionalOnBean (types: io.micrometer.core.instrument.Clock; SearchStrategy: all) found bean 'micrometerClock'; @ConditionalOnMissingBean (types: io.micrometer.core.instrument.MeterRegistry; SearchStrategy: all) did not find any beans (OnBeanCondition)

   SimpleMetricsExportAutoConfiguration#simpleConfig matched:
      - @ConditionalOnMissingBean (types: io.micrometer.core.instrument.simple.SimpleConfig; SearchStrategy: all) did not find any beans (OnBeanCondition)

   SpringApplicationAdminJmxAutoConfiguration matched:
      - @ConditionalOnBooleanProperty (spring.application.admin.enabled=true) matched (OnPropertyCondition)

   SpringApplicationAdminJmxAutoConfiguration#springApplicationAdminRegistrar matched:
      - @ConditionalOnMissingBean (types: org.springframework.boot.admin.SpringApplicationAdminMXBeanRegistrar; SearchStrategy: all) did not find any beans (OnBeanCondition)

   SpringDataWebAutoConfiguration matched:
      - @ConditionalOnClass found required classes 'org.springframework.data.web.PageableHandlerMethodArgumentResolver', 'org.springframework.web.servlet.config.annotation.WebMvcConfigurer' (OnClassCondition)
      - found 'session' scope (OnWebApplicationCondition)
      - @ConditionalOnMissingBean (types: org.springframework.data.web.PageableHandlerMethodArgumentResolver; SearchStrategy: all) did not find any beans (OnBeanCondition)

   SpringDataWebAutoConfiguration#pageableCustomizer matched:
      - @ConditionalOnMissingBean (types: org.springframework.data.web.config.PageableHandlerMethodArgumentResolverCustomizer; SearchStrategy: all) did not find any beans (OnBeanCondition)

   SpringDataWebAutoConfiguration#sortCustomizer matched:
      - @ConditionalOnMissingBean (types: org.springframework.data.web.config.SortHandlerMethodArgumentResolverCustomizer; SearchStrategy: all) did not find any beans (OnBeanCondition)

   SpringDataWebAutoConfiguration#springDataWebSettings matched:
      - @ConditionalOnMissingBean (types: org.springframework.data.web.config.SpringDataWebSettings; SearchStrategy: all) did not find any beans (OnBeanCondition)

   SpringDocConfigProperties matched:
      - @ConditionalOnProperty (springdoc.api-docs.enabled) matched (OnPropertyCondition)
      - @ConditionalOnBean (types: org.springdoc.core.configuration.SpringDocConfiguration; SearchStrategy: all) found bean 'org.springdoc.core.configuration.SpringDocConfiguration' (OnBeanCondition)

   SpringDocConfiguration matched:
      - @ConditionalOnWebApplication (required) found 'session' scope (OnWebApplicationCondition)
      - @ConditionalOnProperty (springdoc.api-docs.enabled) matched (OnPropertyCondition)

   SpringDocConfiguration#fileSupportConverter matched:
      - @ConditionalOnMissingBean (types: org.springdoc.core.converters.FileSupportConverter; SearchStrategy: all) did not find any beans (OnBeanCondition)

   SpringDocConfiguration#globalOpenApiCustomizer matched:
      - @ConditionalOnMissingBean (names: globalOpenApiCustomizer; SearchStrategy: all) did not find any beans (OnBeanCondition)

   SpringDocConfiguration#initExtraSchemas matched:
      - @ConditionalOnProperty (springdoc.enable-extra-schemas) matched (OnPropertyCondition)

   SpringDocConfiguration#openAPIBuilder matched:
      - @ConditionalOnMissingBean (types: org.springdoc.core.service.OpenAPIService; SearchStrategy: all) did not find any beans (OnBeanCondition)

   SpringDocConfiguration#operationBuilder matched:
      - @ConditionalOnMissingBean (types: org.springdoc.core.service.OperationService; SearchStrategy: all) did not find any beans (OnBeanCondition)

   SpringDocConfiguration#parameterBuilder matched:
      - @ConditionalOnMissingBean (types: org.springdoc.core.service.GenericParameterService; SearchStrategy: all) did not find any beans (OnBeanCondition)

   SpringDocConfiguration#parameterObjectNamingStrategyCustomizer matched:
      - @ConditionalOnMissingBean (types: org.springdoc.core.customizers.ParameterObjectNamingStrategyCustomizer; SearchStrategy: all) did not find any beans (OnBeanCondition)

   SpringDocConfiguration#polymorphicModelConverter matched:
      - @ConditionalOnProperty (springdoc.model-converters.polymorphic-converter.enabled) matched (OnPropertyCondition)
      - @ConditionalOnMissingBean (types: org.springdoc.core.converters.PolymorphicModelConverter; SearchStrategy: all) did not find any beans (OnBeanCondition)

   SpringDocConfiguration#requestBodyBuilder matched:
      - @ConditionalOnMissingBean (types: org.springdoc.core.service.RequestBodyService; SearchStrategy: all) did not find any beans (OnBeanCondition)

   SpringDocConfiguration#responseSupportConverter matched:
      - @ConditionalOnMissingBean (types: org.springdoc.core.converters.ResponseSupportConverter; SearchStrategy: all) did not find any beans (OnBeanCondition)

   SpringDocConfiguration#schemaPropertyDeprecatingConverter matched:
      - @ConditionalOnProperty (springdoc.model-converters.deprecating-converter.enabled) matched (OnPropertyCondition)
      - @ConditionalOnMissingBean (types: org.springdoc.core.converters.SchemaPropertyDeprecatingConverter; SearchStrategy: all) did not find any beans (OnBeanCondition)

   SpringDocConfiguration#securityParser matched:
      - @ConditionalOnMissingBean (types: org.springdoc.core.service.SecurityService; SearchStrategy: all) did not find any beans (OnBeanCondition)

   SpringDocConfiguration#springDocCustomizers matched:
      - @ConditionalOnMissingBean (types: org.springdoc.core.customizers.SpringDocCustomizers; SearchStrategy: all) did not find any beans (OnBeanCondition)

   SpringDocConfiguration#springDocProviders matched:
      - @ConditionalOnMissingBean (types: org.springdoc.core.providers.SpringDocProviders; SearchStrategy: all) did not find any beans (OnBeanCondition)

   SpringDocConfiguration#springdocObjectMapperProvider matched:
      - @ConditionalOnMissingBean (types: org.springdoc.core.providers.ObjectMapperProvider; SearchStrategy: all) did not find any beans (OnBeanCondition)

   SpringDocConfiguration.QuerydslProvider matched:
      - @ConditionalOnClass found required class 'org.springframework.data.querydsl.binding.QuerydslBindingsFactory' (OnClassCondition)

   SpringDocConfiguration.QuerydslProvider#queryDslQuerydslPredicateOperationCustomizer matched:
      - @ConditionalOnMissingBean (types: org.springdoc.core.customizers.QuerydslPredicateOperationCustomizer; SearchStrategy: all) did not find any beans (OnBeanCondition)

   SpringDocConfiguration.SpringDocSpringDataWebPropertiesProvider matched:
      - @ConditionalOnClass found required class 'org.springframework.boot.autoconfigure.data.web.SpringDataWebProperties' (OnClassCondition)

   SpringDocConfiguration.SpringDocSpringDataWebPropertiesProvider#springDataWebPropertiesProvider matched:
      - @ConditionalOnMissingBean (types: org.springdoc.core.providers.SpringDataWebPropertiesProvider; SearchStrategy: all) did not find any beans (OnBeanCondition)

   SpringDocConfiguration.WebConversionServiceConfiguration matched:
      - @ConditionalOnClass found required class 'org.springframework.boot.autoconfigure.web.format.WebConversionService' (OnClassCondition)

   SpringDocPageableConfiguration matched:
      - @ConditionalOnClass found required class 'org.springframework.data.domain.Pageable' (OnClassCondition)
      - @ConditionalOnWebApplication (required) found 'session' scope (OnWebApplicationCondition)
      - @ConditionalOnProperty (springdoc.api-docs.enabled) matched (OnPropertyCondition)
      - @ConditionalOnBean (types: org.springdoc.core.configuration.SpringDocConfiguration; SearchStrategy: all) found bean 'org.springdoc.core.configuration.SpringDocConfiguration' (OnBeanCondition)

   SpringDocPageableConfiguration#dataRestDelegatingMethodParameterCustomizer matched:
      - @ConditionalOnMissingBean (types: org.springdoc.core.customizers.DataRestDelegatingMethodParameterCustomizer; SearchStrategy: all) did not find any beans (OnBeanCondition)

   SpringDocPageableConfiguration#pageOpenAPIConverter matched:
      - @ConditionalOnClass found required classes 'org.springframework.data.web.PagedModel', 'org.springframework.data.web.config.SpringDataWebSettings' (OnClassCondition)
      - @ConditionalOnMissingBean (types: org.springdoc.core.converters.PageOpenAPIConverter; SearchStrategy: all) did not find any beans (OnBeanCondition)

   SpringDocPageableConfiguration#pageableOpenAPIConverter matched:
      - @ConditionalOnProperty (springdoc.model-converters.pageable-converter.enabled) matched (OnPropertyCondition)
      - @ConditionalOnMissingBean (types: org.springdoc.core.converters.PageableOpenAPIConverter; SearchStrategy: all) did not find any beans (OnBeanCondition)

   SpringDocSortConfiguration matched:
      - @ConditionalOnClass found required class 'org.springframework.data.domain.Sort' (OnClassCondition)
      - @ConditionalOnWebApplication (required) found 'session' scope (OnWebApplicationCondition)
      - @ConditionalOnProperty (springdoc.api-docs.enabled) matched (OnPropertyCondition)
      - @ConditionalOnBean (types: org.springdoc.core.configuration.SpringDocConfiguration; SearchStrategy: all) found bean 'org.springdoc.core.configuration.SpringDocConfiguration' (OnBeanCondition)

   SpringDocSortConfiguration#sortOpenAPIConverter matched:
      - @ConditionalOnProperty (springdoc.sort-converter.enabled) matched (OnPropertyCondition)
      - @ConditionalOnMissingBean (types: org.springdoc.core.converters.SortOpenAPIConverter; SearchStrategy: all) did not find any beans (OnBeanCondition)

   SpringDocWebMvcConfiguration matched:
      - found 'session' scope (OnWebApplicationCondition)
      - @ConditionalOnProperty (springdoc.api-docs.enabled) matched (OnPropertyCondition)
      - @ConditionalOnBean (types: org.springdoc.core.configuration.SpringDocConfiguration; SearchStrategy: all) found bean 'org.springdoc.core.configuration.SpringDocConfiguration' (OnBeanCondition)

   SpringDocWebMvcConfiguration#openApiResource matched:
      - @ConditionalOnExpression (#{(${springdoc.use-management-port:false} == false ) and ${springdoc.enable-default-api-docs:true}}) resulted in true (OnExpressionCondition)
      - @ConditionalOnMissingBean (types: org.springdoc.webmvc.api.OpenApiWebMvcResource; SearchStrategy: all) did not find any beans (OnBeanCondition)

   SpringDocWebMvcConfiguration#requestBuilder matched:
      - @ConditionalOnMissingBean (types: org.springdoc.webmvc.core.service.RequestService; SearchStrategy: all) did not find any beans (OnBeanCondition)

   SpringDocWebMvcConfiguration#responseBuilder matched:
      - @ConditionalOnMissingBean (types: org.springdoc.core.service.GenericResponseService; SearchStrategy: all) did not find any beans (OnBeanCondition)

   SpringDocWebMvcConfiguration#springWebProvider matched:
      - @ConditionalOnMissingBean (types: org.springdoc.core.providers.SpringWebProvider; SearchStrategy: all) did not find any beans (OnBeanCondition)

   SpringDocWebMvcConfiguration.SpringDocWebMvcActuatorConfiguration matched:
      - @ConditionalOnClass found required class 'org.springframework.boot.actuate.endpoint.web.servlet.WebMvcEndpointHandlerMapping' (OnClassCondition)

   SpringDocWebMvcConfiguration.SpringDocWebMvcRouterConfiguration matched:
      - @ConditionalOnClass found required class 'org.springframework.web.servlet.function.RouterFunction' (OnClassCondition)

   SpringDocWebMvcConfiguration.SpringDocWebMvcRouterConfiguration#routerFunctionProvider matched:
      - @ConditionalOnMissingBean (types: org.springdoc.webmvc.core.providers.RouterFunctionWebMvcProvider; SearchStrategy: all) did not find any beans (OnBeanCondition)

   SqlInitializationAutoConfiguration matched:
      - @ConditionalOnBooleanProperty (spring.sql.init.enabled=true) matched (OnPropertyCondition)
      - NoneNestedConditions 0 matched 1 did not; NestedCondition on SqlInitializationAutoConfiguration.SqlInitializationModeCondition.ModeIsNever @ConditionalOnProperty (spring.sql.init.mode=never) did not find property 'spring.sql.init.mode' (SqlInitializationAutoConfiguration.SqlInitializationModeCondition)

   SslAutoConfiguration#sslBundleRegistry matched:
      - @ConditionalOnMissingBean (types: org.springframework.boot.ssl.SslBundleRegistry,org.springframework.boot.ssl.SslBundles; SearchStrategy: all) did not find any beans (OnBeanCondition)

   SslHealthContributorAutoConfiguration matched:
      - @ConditionalOnEnabledHealthIndicator management.health.defaults.enabled is considered true (OnEnabledHealthIndicatorCondition)

   SslHealthContributorAutoConfiguration#sslHealthIndicator matched:
      - @ConditionalOnMissingBean (names: sslHealthIndicator; SearchStrategy: all) did not find any beans (OnBeanCondition)

   SslHealthContributorAutoConfiguration#sslInfo matched:
      - @ConditionalOnMissingBean (types: org.springframework.boot.info.SslInfo; SearchStrategy: all) did not find any beans (OnBeanCondition)

   SslObservabilityAutoConfiguration matched:
      - @ConditionalOnClass found required class 'io.micrometer.core.instrument.MeterRegistry' (OnClassCondition)
      - @ConditionalOnBean (types: io.micrometer.core.instrument.MeterRegistry,org.springframework.boot.ssl.SslBundles; SearchStrategy: all) found beans 'sslBundleRegistry', 'simpleMeterRegistry' (OnBeanCondition)

   StartupTimeMetricsListenerAutoConfiguration matched:
      - @ConditionalOnClass found required class 'io.micrometer.core.instrument.MeterRegistry' (OnClassCondition)
      - @ConditionalOnBean (types: io.micrometer.core.instrument.MeterRegistry; SearchStrategy: all) found bean 'simpleMeterRegistry' (OnBeanCondition)

   StartupTimeMetricsListenerAutoConfiguration#startupTimeMetrics matched:
      - @ConditionalOnMissingBean (types: org.springframework.boot.actuate.metrics.startup.StartupTimeMetricsListener; SearchStrategy: all) did not find any beans (OnBeanCondition)

   SwaggerConfig matched:
      - found 'session' scope (OnWebApplicationCondition)
      - @ConditionalOnProperty (springdoc.swagger-ui.enabled) matched (OnPropertyCondition)
      - @ConditionalOnBean (types: org.springdoc.core.configuration.SpringDocConfiguration; SearchStrategy: all) found bean 'org.springdoc.core.configuration.SpringDocConfiguration' (OnBeanCondition)

   SwaggerConfig#indexPageTransformer matched:
      - @ConditionalOnMissingBean (types: org.springdoc.webmvc.ui.SwaggerIndexTransformer; SearchStrategy: all) did not find any beans (OnBeanCondition)

   SwaggerConfig#swaggerConfigResource matched:
      - @ConditionalOnProperty (springdoc.use-management-port=false) matched (OnPropertyCondition)
      - @ConditionalOnMissingBean (types: org.springdoc.webmvc.ui.SwaggerConfigResource; SearchStrategy: all) did not find any beans (OnBeanCondition)

   SwaggerConfig#swaggerResourceResolver matched:
      - @ConditionalOnMissingBean (types: org.springdoc.webmvc.ui.SwaggerResourceResolver; SearchStrategy: all) did not find any beans (OnBeanCondition)

   SwaggerConfig#swaggerWebMvcConfigurer matched:
      - @ConditionalOnMissingBean (types: org.springdoc.webmvc.ui.SwaggerWebMvcConfigurer; SearchStrategy: all) did not find any beans (OnBeanCondition)

   SwaggerConfig#swaggerWelcome matched:
      - @ConditionalOnProperty (springdoc.use-management-port=false) matched (OnPropertyCondition)
      - @ConditionalOnMissingBean (types: org.springdoc.webmvc.ui.SwaggerWelcomeWebMvc; SearchStrategy: all) did not find any beans (OnBeanCondition)

   SwaggerUiConfigProperties matched:
      - @ConditionalOnProperty (springdoc.swagger-ui.enabled) matched (OnPropertyCondition)
      - @ConditionalOnBean (types: org.springdoc.core.configuration.SpringDocConfiguration; SearchStrategy: all) found bean 'org.springdoc.core.configuration.SpringDocConfiguration' (OnBeanCondition)

   SwaggerUiOAuthProperties matched:
      - @ConditionalOnProperty (springdoc.swagger-ui.enabled) matched (OnPropertyCondition)
      - @ConditionalOnBean (types: org.springdoc.core.configuration.SpringDocConfiguration; SearchStrategy: all) found bean 'org.springdoc.core.configuration.SpringDocConfiguration' (OnBeanCondition)

   SystemMetricsAutoConfiguration matched:
      - @ConditionalOnClass found required class 'io.micrometer.core.instrument.MeterRegistry' (OnClassCondition)
      - @ConditionalOnBean (types: io.micrometer.core.instrument.MeterRegistry; SearchStrategy: all) found bean 'simpleMeterRegistry' (OnBeanCondition)

   SystemMetricsAutoConfiguration#diskSpaceMetrics matched:
      - @ConditionalOnMissingBean (types: org.springframework.boot.actuate.metrics.system.DiskSpaceMetricsBinder; SearchStrategy: all) did not find any beans (OnBeanCondition)

   SystemMetricsAutoConfiguration#fileDescriptorMetrics matched:
      - @ConditionalOnMissingBean (types: io.micrometer.core.instrument.binder.system.FileDescriptorMetrics; SearchStrategy: all) did not find any beans (OnBeanCondition)

   SystemMetricsAutoConfiguration#processorMetrics matched:
      - @ConditionalOnMissingBean (types: io.micrometer.core.instrument.binder.system.ProcessorMetrics; SearchStrategy: all) did not find any beans (OnBeanCondition)

   SystemMetricsAutoConfiguration#uptimeMetrics matched:
      - @ConditionalOnMissingBean (types: io.micrometer.core.instrument.binder.system.UptimeMetrics; SearchStrategy: all) did not find any beans (OnBeanCondition)

   TaskExecutionAutoConfiguration matched:
      - @ConditionalOnClass found required class 'org.springframework.scheduling.concurrent.ThreadPoolTaskExecutor' (OnClassCondition)

   TaskExecutorConfigurations.AsyncConfigurerConfiguration matched:
      - @ConditionalOnMissingBean (types: org.springframework.scheduling.annotation.AsyncConfigurer; SearchStrategy: all) did not find any beans (OnBeanCondition)

   TaskExecutorConfigurations.AsyncConfigurerConfiguration#applicationTaskExecutorAsyncConfigurer matched:
      - @ConditionalOnMissingBean (types: org.springframework.scheduling.annotation.AsyncConfigurer; SearchStrategy: all) did not find any beans (OnBeanCondition)

   TaskExecutorConfigurations.SimpleAsyncTaskExecutorBuilderConfiguration#simpleAsyncTaskExecutorBuilder matched:
      - @ConditionalOnMissingBean (types: org.springframework.boot.task.SimpleAsyncTaskExecutorBuilder; SearchStrategy: all) did not find any beans (OnBeanCondition)
      - @ConditionalOnThreading found PLATFORM (OnThreadingCondition)

   TaskExecutorConfigurations.TaskExecutorConfiguration matched:
      - AnyNestedCondition 1 matched 1 did not; NestedCondition on TaskExecutorConfigurations.OnExecutorCondition.ModelCondition @ConditionalOnProperty (spring.task.execution.mode=force) did not find property 'spring.task.execution.mode'; NestedCondition on TaskExecutorConfigurations.OnExecutorCondition.ExecutorBeanCondition @ConditionalOnMissingBean (types: java.util.concurrent.Executor; SearchStrategy: all) did not find any beans (TaskExecutorConfigurations.OnExecutorCondition)

   TaskExecutorConfigurations.TaskExecutorConfiguration#applicationTaskExecutor matched:
      - @ConditionalOnThreading found PLATFORM (OnThreadingCondition)

   TaskExecutorConfigurations.ThreadPoolTaskExecutorBuilderConfiguration#threadPoolTaskExecutorBuilder matched:
      - @ConditionalOnMissingBean (types: org.springframework.boot.task.ThreadPoolTaskExecutorBuilder; SearchStrategy: all) did not find any beans (OnBeanCondition)

   TaskExecutorMetricsAutoConfiguration matched:
      - @ConditionalOnClass found required class 'io.micrometer.core.instrument.binder.jvm.ExecutorServiceMetrics' (OnClassCondition)
      - @ConditionalOnBean (types: java.util.concurrent.Executor,io.micrometer.core.instrument.MeterRegistry; SearchStrategy: all) found beans 'applicationTaskExecutor', 'simpleMeterRegistry' (OnBeanCondition)

   TaskSchedulingAutoConfiguration matched:
      - @ConditionalOnClass found required class 'org.springframework.scheduling.concurrent.ThreadPoolTaskScheduler' (OnClassCondition)

   TaskSchedulingConfigurations.SimpleAsyncTaskSchedulerBuilderConfiguration#simpleAsyncTaskSchedulerBuilder matched:
      - @ConditionalOnMissingBean (types: org.springframework.boot.task.SimpleAsyncTaskSchedulerBuilder; SearchStrategy: all) did not find any beans (OnBeanCondition)
      - @ConditionalOnThreading found PLATFORM (OnThreadingCondition)

   TaskSchedulingConfigurations.ThreadPoolTaskSchedulerBuilderConfiguration#threadPoolTaskSchedulerBuilder matched:
      - @ConditionalOnMissingBean (types: org.springframework.boot.task.ThreadPoolTaskSchedulerBuilder; SearchStrategy: all) did not find any beans (OnBeanCondition)

   TemplateEngineConfigurations.DefaultTemplateEngineConfiguration#templateEngine matched:
      - @ConditionalOnMissingBean (types: org.thymeleaf.spring6.ISpringTemplateEngine; SearchStrategy: all) did not find any beans (OnBeanCondition)

   ThreadDumpEndpointAutoConfiguration matched:
      - @ConditionalOnAvailableEndpoint marked as exposed by a 'management.endpoints.jmx.exposure' property (OnAvailableEndpointCondition)

   ThreadDumpEndpointAutoConfiguration#dumpEndpoint matched:
      - @ConditionalOnMissingBean (types: org.springframework.boot.actuate.management.ThreadDumpEndpoint; SearchStrategy: all) did not find any beans (OnBeanCondition)

   ThymeleafAutoConfiguration matched:
      - @ConditionalOnClass found required classes 'org.thymeleaf.templatemode.TemplateMode', 'org.thymeleaf.spring6.SpringTemplateEngine' (OnClassCondition)

   ThymeleafAutoConfiguration.DefaultTemplateResolverConfiguration matched:
      - @ConditionalOnMissingBean (names: defaultTemplateResolver; SearchStrategy: all) did not find any beans (OnBeanCondition)

   ThymeleafAutoConfiguration.ThymeleafWebMvcConfiguration matched:
      - found 'session' scope (OnWebApplicationCondition)
      - @ConditionalOnBooleanProperty (spring.thymeleaf.enabled=true) matched (OnPropertyCondition)

   ThymeleafAutoConfiguration.ThymeleafWebMvcConfiguration#resourceUrlEncodingFilter matched:
      - @ConditionalOnEnabledResourceChain found class org.webjars.WebJarVersionLocator (OnEnabledResourceChainCondition)
      - @ConditionalOnMissingBean (types: org.springframework.web.servlet.resource.ResourceUrlEncodingFilter; SearchStrategy: all) did not find any beans (OnBeanCondition)

   ThymeleafAutoConfiguration.ThymeleafWebMvcConfiguration.ThymeleafViewResolverConfiguration matched:
      - @ConditionalOnClass found required class 'org.springframework.web.servlet.view.AbstractCachingViewResolver' (OnClassCondition)

   ThymeleafAutoConfiguration.ThymeleafWebMvcConfiguration.ThymeleafViewResolverConfiguration#thymeleafViewResolver matched:
      - @ConditionalOnMissingBean (names: thymeleafViewResolver; SearchStrategy: all) did not find any beans (OnBeanCondition)

   TomcatMetricsAutoConfiguration matched:
      - @ConditionalOnClass found required classes 'io.micrometer.core.instrument.binder.tomcat.TomcatMetrics', 'org.apache.catalina.Manager' (OnClassCondition)
      - @ConditionalOnWebApplication (required) found 'session' scope (OnWebApplicationCondition)

   TomcatMetricsAutoConfiguration#tomcatMetricsBinder matched:
      - @ConditionalOnBean (types: io.micrometer.core.instrument.MeterRegistry; SearchStrategy: all) found bean 'simpleMeterRegistry'; @ConditionalOnMissingBean (types: io.micrometer.core.instrument.binder.tomcat.TomcatMetrics,org.springframework.boot.actuate.metrics.web.tomcat.TomcatMetricsBinder; SearchStrategy: all) did not find any beans (OnBeanCondition)

   TransactionAutoConfiguration matched:
      - @ConditionalOnClass found required class 'org.springframework.transaction.PlatformTransactionManager' (OnClassCondition)

   TransactionAutoConfiguration.EnableTransactionManagementConfiguration matched:
      - @ConditionalOnBean (types: org.springframework.transaction.TransactionManager; SearchStrategy: all) found bean 'transactionManager'; @ConditionalOnMissingBean (types: org.springframework.transaction.annotation.AbstractTransactionManagementConfiguration; SearchStrategy: all) did not find any beans (OnBeanCondition)

   TransactionAutoConfiguration.EnableTransactionManagementConfiguration.CglibAutoProxyConfiguration matched:
      - @ConditionalOnBooleanProperty (spring.aop.proxy-target-class=true) matched (OnPropertyCondition)

   TransactionAutoConfiguration.TransactionTemplateConfiguration matched:
      - @ConditionalOnSingleCandidate (types: org.springframework.transaction.PlatformTransactionManager; SearchStrategy: all) found a single bean 'transactionManager' (OnBeanCondition)

   TransactionAutoConfiguration.TransactionTemplateConfiguration#transactionTemplate matched:
      - @ConditionalOnMissingBean (types: org.springframework.transaction.support.TransactionOperations; SearchStrategy: all) did not find any beans (OnBeanCondition)

   TransactionManagerCustomizationAutoConfiguration matched:
      - @ConditionalOnClass found required class 'org.springframework.transaction.PlatformTransactionManager' (OnClassCondition)

   TransactionManagerCustomizationAutoConfiguration#platformTransactionManagerCustomizers matched:
      - @ConditionalOnMissingBean (types: org.springframework.boot.autoconfigure.transaction.TransactionManagerCustomizers; SearchStrategy: all) did not find any beans (OnBeanCondition)

   ValidationAutoConfiguration matched:
      - @ConditionalOnClass found required class 'jakarta.validation.executable.ExecutableValidator' (OnClassCondition)
      - @ConditionalOnResource found location classpath:META-INF/services/jakarta.validation.spi.ValidationProvider (OnResourceCondition)

   ValidationAutoConfiguration#defaultValidator matched:
      - @ConditionalOnMissingBean (types: jakarta.validation.Validator; SearchStrategy: all) did not find any beans (OnBeanCondition)

   ValidationAutoConfiguration#methodValidationPostProcessor matched:
      - @ConditionalOnMissingBean (types: org.springframework.validation.beanvalidation.MethodValidationPostProcessor; SearchStrategy: current) did not find any beans (OnBeanCondition)

   WebEndpointAutoConfiguration matched:
      - @ConditionalOnWebApplication (required) found 'session' scope (OnWebApplicationCondition)

   WebEndpointAutoConfiguration#controllerEndpointDiscoverer matched:
      - @ConditionalOnMissingBean (types: org.springframework.boot.actuate.endpoint.web.annotation.ControllerEndpointsSupplier; SearchStrategy: all) did not find any beans (OnBeanCondition)

   WebEndpointAutoConfiguration#endpointMediaTypes matched:
      - @ConditionalOnMissingBean (types: org.springframework.boot.actuate.endpoint.web.EndpointMediaTypes; SearchStrategy: all) did not find any beans (OnBeanCondition)

   WebEndpointAutoConfiguration#pathMappedEndpoints matched:
      - @ConditionalOnMissingBean (types: org.springframework.boot.actuate.endpoint.web.PathMappedEndpoints; SearchStrategy: all) did not find any beans (OnBeanCondition)

   WebEndpointAutoConfiguration#webEndpointDiscoverer matched:
      - @ConditionalOnMissingBean (types: org.springframework.boot.actuate.endpoint.web.WebEndpointsSupplier; SearchStrategy: all) did not find any beans (OnBeanCondition)

   WebEndpointAutoConfiguration.WebEndpointServletConfiguration matched:
      - found 'session' scope (OnWebApplicationCondition)

   WebEndpointAutoConfiguration.WebEndpointServletConfiguration#servletEndpointDiscoverer matched:
      - @ConditionalOnMissingBean (types: org.springframework.boot.actuate.endpoint.web.annotation.ServletEndpointsSupplier; SearchStrategy: all) did not find any beans (OnBeanCondition)

   WebMvcAutoConfiguration matched:
      - @ConditionalOnClass found required classes 'jakarta.servlet.Servlet', 'org.springframework.web.servlet.DispatcherServlet', 'org.springframework.web.servlet.config.annotation.WebMvcConfigurer' (OnClassCondition)
      - found 'session' scope (OnWebApplicationCondition)
      - @ConditionalOnMissingBean (types: org.springframework.web.servlet.config.annotation.WebMvcConfigurationSupport; SearchStrategy: all) did not find any beans (OnBeanCondition)

   WebMvcAutoConfiguration#formContentFilter matched:
      - @ConditionalOnBooleanProperty (spring.mvc.formcontent.filter.enabled=true) matched (OnPropertyCondition)
      - @ConditionalOnMissingBean (types: org.springframework.web.filter.FormContentFilter; SearchStrategy: all) did not find any beans (OnBeanCondition)

   WebMvcAutoConfiguration.EnableWebMvcConfiguration#flashMapManager matched:
      - @ConditionalOnMissingBean (names: flashMapManager; SearchStrategy: all) did not find any beans (OnBeanCondition)

   WebMvcAutoConfiguration.EnableWebMvcConfiguration#localeResolver matched:
      - @ConditionalOnMissingBean (names: localeResolver; SearchStrategy: all) did not find any beans (OnBeanCondition)

   WebMvcAutoConfiguration.EnableWebMvcConfiguration#themeResolver matched:
      - @ConditionalOnMissingBean (names: themeResolver; SearchStrategy: all) did not find any beans (OnBeanCondition)

   WebMvcAutoConfiguration.EnableWebMvcConfiguration#viewNameTranslator matched:
      - @ConditionalOnMissingBean (names: viewNameTranslator; SearchStrategy: all) did not find any beans (OnBeanCondition)

   WebMvcAutoConfiguration.ResourceChainCustomizerConfiguration matched:
      - @ConditionalOnEnabledResourceChain found class org.webjars.WebJarVersionLocator (OnEnabledResourceChainCondition)

   WebMvcAutoConfiguration.WebMvcAutoConfigurationAdapter#defaultViewResolver matched:
      - @ConditionalOnMissingBean (types: org.springframework.web.servlet.view.InternalResourceViewResolver; SearchStrategy: all) did not find any beans (OnBeanCondition)

   WebMvcAutoConfiguration.WebMvcAutoConfigurationAdapter#requestContextFilter matched:
      - @ConditionalOnMissingBean (types: org.springframework.web.context.request.RequestContextListener,org.springframework.web.filter.RequestContextFilter; SearchStrategy: all) did not find any beans (OnBeanCondition)

   WebMvcAutoConfiguration.WebMvcAutoConfigurationAdapter#viewResolver matched:
      - @ConditionalOnBean (types: org.springframework.web.servlet.ViewResolver; SearchStrategy: all) found beans 'defaultViewResolver', 'beanNameViewResolver', 'mvcViewResolver'; @ConditionalOnMissingBean (names: viewResolver types: org.springframework.web.servlet.view.ContentNegotiatingViewResolver; SearchStrategy: all) did not find any beans (OnBeanCondition)

   WebMvcEndpointManagementContextConfiguration matched:
      - @ConditionalOnClass found required class 'org.springframework.web.servlet.DispatcherServlet' (OnClassCondition)
      - found 'session' scope (OnWebApplicationCondition)
      - @ConditionalOnBean (types: org.springframework.web.servlet.DispatcherServlet,org.springframework.boot.actuate.endpoint.web.WebEndpointsSupplier; SearchStrategy: all) found beans 'webEndpointDiscoverer', 'dispatcherServlet' (OnBeanCondition)

   WebMvcEndpointManagementContextConfiguration#controllerEndpointHandlerMapping matched:
      - @ConditionalOnMissingBean (types: org.springframework.boot.actuate.endpoint.web.servlet.ControllerEndpointHandlerMapping; SearchStrategy: all) did not find any beans (OnBeanCondition)

   WebMvcEndpointManagementContextConfiguration#endpointObjectMapperWebMvcConfigurer matched:
      - @ConditionalOnBean (types: org.springframework.boot.actuate.endpoint.jackson.EndpointObjectMapper; SearchStrategy: all) found bean 'endpointObjectMapper' (OnBeanCondition)

   WebMvcEndpointManagementContextConfiguration#webEndpointServletHandlerMapping matched:
      - @ConditionalOnMissingBean (types: org.springframework.boot.actuate.endpoint.web.servlet.WebMvcEndpointHandlerMapping; SearchStrategy: all) did not find any beans (OnBeanCondition)

   WebMvcObservationAutoConfiguration matched:
      - @ConditionalOnClass found required classes 'org.springframework.web.servlet.DispatcherServlet', 'io.micrometer.observation.Observation' (OnClassCondition)
      - found 'session' scope (OnWebApplicationCondition)
      - @ConditionalOnBean (types: io.micrometer.observation.ObservationRegistry; SearchStrategy: all) found bean 'observationRegistry' (OnBeanCondition)

   WebMvcObservationAutoConfiguration#webMvcObservationFilter matched:
      - @ConditionalOnMissingBean (types: org.springframework.web.filter.ServerHttpObservationFilter; SearchStrategy: all) did not find any beans (OnBeanCondition)

   WebMvcObservationAutoConfiguration.MeterFilterConfiguration matched:
      - @ConditionalOnClass found required class 'io.micrometer.core.instrument.MeterRegistry' (OnClassCondition)
      - @ConditionalOnBean (types: io.micrometer.core.instrument.MeterRegistry; SearchStrategy: all) found bean 'simpleMeterRegistry' (OnBeanCondition)

   WebSocketServletAutoConfiguration matched:
      - @ConditionalOnClass found required classes 'jakarta.servlet.Servlet', 'jakarta.websocket.server.ServerContainer' (OnClassCondition)
      - found 'session' scope (OnWebApplicationCondition)

   WebSocketServletAutoConfiguration.TomcatWebSocketConfiguration matched:
      - @ConditionalOnClass found required classes 'org.apache.catalina.startup.Tomcat', 'org.apache.tomcat.websocket.server.WsSci' (OnClassCondition)

   WebSocketServletAutoConfiguration.TomcatWebSocketConfiguration#websocketServletWebServerCustomizer matched:
      - @ConditionalOnMissingBean (names: websocketServletWebServerCustomizer; SearchStrategy: all) did not find any beans (OnBeanCondition)


Negative matches:
-----------------

   ActiveMQAutoConfiguration:
      Did not match:
         - @ConditionalOnClass did not find required class 'jakarta.jms.ConnectionFactory' (OnClassCondition)

   AopAutoConfiguration.AspectJAutoProxyingConfiguration.JdkDynamicAutoProxyConfiguration:
      Did not match:
         - @ConditionalOnBooleanProperty (spring.aop.proxy-target-class=false) did not find property 'spring.aop.proxy-target-class' (OnPropertyCondition)

   AopAutoConfiguration.ClassProxyingConfiguration:
      Did not match:
         - @ConditionalOnMissingClass found unwanted class 'org.aspectj.weaver.Advice' (OnClassCondition)

   AppOpticsMetricsExportAutoConfiguration:
      Did not match:
         - @ConditionalOnClass did not find required class 'io.micrometer.appoptics.AppOpticsMeterRegistry' (OnClassCondition)

   ArtemisAutoConfiguration:
      Did not match:
         - @ConditionalOnClass did not find required class 'jakarta.jms.ConnectionFactory' (OnClassCondition)

   AtlasMetricsExportAutoConfiguration:
      Did not match:
         - @ConditionalOnClass did not find required class 'io.micrometer.atlas.AtlasMeterRegistry' (OnClassCondition)

   AuditAutoConfiguration:
      Did not match:
         - @ConditionalOnBean (types: org.springframework.boot.actuate.audit.AuditEventRepository; SearchStrategy: all) did not find any beans of type org.springframework.boot.actuate.audit.AuditEventRepository (OnBeanCondition)
      Matched:
         - @ConditionalOnBooleanProperty (management.auditevents.enabled=true) matched (OnPropertyCondition)

   AuditEventsEndpointAutoConfiguration#auditEventsEndpoint:
      Did not match:
         - @ConditionalOnBean (types: org.springframework.boot.actuate.audit.AuditEventRepository; SearchStrategy: all) did not find any beans of type org.springframework.boot.actuate.audit.AuditEventRepository (OnBeanCondition)

   AvailabilityHealthContributorAutoConfiguration#livenessStateHealthIndicator:
      Did not match:
         - @ConditionalOnBooleanProperty (management.health.livenessstate.enabled=true) did not find property 'management.health.livenessstate.enabled' (OnPropertyCondition)

   AvailabilityHealthContributorAutoConfiguration#readinessStateHealthIndicator:
      Did not match:
         - @ConditionalOnBooleanProperty (management.health.readinessstate.enabled=true) did not find property 'management.health.readinessstate.enabled' (OnPropertyCondition)

   AvailabilityProbesAutoConfiguration:
      Did not match:
         - Probes availability not running on a supported cloud platform (AvailabilityProbesAutoConfiguration.ProbesCondition)

   BatchAutoConfiguration:
      Did not match:
         - @ConditionalOnClass did not find required class 'org.springframework.batch.core.launch.JobLauncher' (OnClassCondition)

   BatchObservationAutoConfiguration:
      Did not match:
         - @ConditionalOnClass did not find required class 'org.springframework.batch.core.configuration.annotation.BatchObservabilityBeanPostProcessor' (OnClassCondition)

   BraveAutoConfiguration:
      Did not match:
         - @ConditionalOnClass did not find required class 'brave.Tracer' (OnClassCondition)

   Cache2kCacheConfiguration:
      Did not match:
         - @ConditionalOnClass did not find required class 'org.cache2k.Cache2kBuilder' (OnClassCondition)

   CacheAutoConfiguration:
      Did not match:
         - @ConditionalOnBean (types: org.springframework.cache.interceptor.CacheAspectSupport; SearchStrategy: all) did not find any beans of type org.springframework.cache.interceptor.CacheAspectSupport (OnBeanCondition)
      Matched:
         - @ConditionalOnClass found required class 'org.springframework.cache.CacheManager' (OnClassCondition)

   CacheAutoConfiguration.CacheManagerEntityManagerFactoryDependsOnPostProcessor:
      Did not match:
         - Ancestor org.springframework.boot.autoconfigure.cache.CacheAutoConfiguration did not match (ConditionEvaluationReport.AncestorsMatchedCondition)
      Matched:
         - @ConditionalOnClass found required class 'org.springframework.orm.jpa.LocalContainerEntityManagerFactoryBean' (OnClassCondition)

   CacheMeterBinderProvidersConfiguration.Cache2kCacheMeterBinderProviderConfiguration:
      Did not match:
         - @ConditionalOnClass did not find required classes 'org.cache2k.Cache2kBuilder', 'org.cache2k.extra.spring.SpringCache2kCache', 'org.cache2k.extra.micrometer.Cache2kCacheMetrics' (OnClassCondition)

   CacheMeterBinderProvidersConfiguration.CaffeineCacheMeterBinderProviderConfiguration:
      Did not match:
         - @ConditionalOnClass did not find required classes 'org.springframework.cache.caffeine.CaffeineCache', 'com.github.benmanes.caffeine.cache.Cache' (OnClassCondition)

   CacheMeterBinderProvidersConfiguration.HazelcastCacheMeterBinderProviderConfiguration:
      Did not match:
         - @ConditionalOnClass did not find required classes 'com.hazelcast.spring.cache.HazelcastCache', 'com.hazelcast.core.Hazelcast' (OnClassCondition)

   CacheMeterBinderProvidersConfiguration.JCacheCacheMeterBinderProviderConfiguration:
      Did not match:
         - @ConditionalOnClass did not find required classes 'org.springframework.cache.jcache.JCacheCache', 'javax.cache.CacheManager' (OnClassCondition)

   CacheMeterBinderProvidersConfiguration.RedisCacheMeterBinderProviderConfiguration:
      Did not match:
         - @ConditionalOnClass did not find required class 'org.springframework.data.redis.cache.RedisCache' (OnClassCondition)

   CacheMetricsAutoConfiguration:
      Did not match:
         - @ConditionalOnBean (types: org.springframework.cache.CacheManager; SearchStrategy: all) did not find any beans of type org.springframework.cache.CacheManager (OnBeanCondition)

   CachesEndpointAutoConfiguration#cachesEndpointWebExtension:
      Did not match:
         - @ConditionalOnAvailableEndpoint not exposed (OnAvailableEndpointCondition)
      Matched:
         - @ConditionalOnBean (types: org.springframework.boot.actuate.cache.CachesEndpoint; SearchStrategy: all) found bean 'cachesEndpoint'; @ConditionalOnMissingBean (types: org.springframework.boot.actuate.cache.CachesEndpointWebExtension; SearchStrategy: all) did not find any beans (OnBeanCondition)

   CaffeineCacheConfiguration:
      Did not match:
         - @ConditionalOnClass did not find required class 'com.github.benmanes.caffeine.cache.Caffeine' (OnClassCondition)

   CassandraAutoConfiguration:
      Did not match:
         - @ConditionalOnClass did not find required class 'com.datastax.oss.driver.api.core.CqlSession' (OnClassCondition)

   CassandraDataAutoConfiguration:
      Did not match:
         - @ConditionalOnClass did not find required class 'com.datastax.oss.driver.api.core.CqlSession' (OnClassCondition)

   CassandraHealthContributorAutoConfiguration:
      Did not match:
         - @ConditionalOnClass did not find required class 'com.datastax.oss.driver.api.core.CqlSession' (OnClassCondition)

   CassandraReactiveDataAutoConfiguration:
      Did not match:
         - @ConditionalOnClass did not find required class 'com.datastax.oss.driver.api.core.CqlSession' (OnClassCondition)

   CassandraReactiveHealthContributorAutoConfiguration:
      Did not match:
         - @ConditionalOnClass did not find required class 'com.datastax.oss.driver.api.core.CqlSession' (OnClassCondition)

   CassandraReactiveRepositoriesAutoConfiguration:
      Did not match:
         - @ConditionalOnClass did not find required class 'org.springframework.data.cassandra.ReactiveSession' (OnClassCondition)

   CassandraRepositoriesAutoConfiguration:
      Did not match:
         - @ConditionalOnClass did not find required class 'com.datastax.oss.driver.api.core.CqlSession' (OnClassCondition)

   org.springframework.boot.autoconfigure.http.client.reactive.ClientHttpConnectorAutoConfiguration:
      Did not match:
         - @ConditionalOnClass did not find required class 'reactor.core.publisher.Mono' (OnClassCondition)

   org.springframework.boot.autoconfigure.web.reactive.function.client.ClientHttpConnectorAutoConfiguration:
      Did not match:
         - @ConditionalOnClass did not find required class 'org.springframework.web.reactive.function.client.WebClient' (OnClassCondition)

   CloudFoundryActuatorAutoConfiguration:
      Did not match:
         - @ConditionalOnCloudPlatform did not find CLOUD_FOUNDRY (OnCloudPlatformCondition)
      Matched:
         - @ConditionalOnClass found required class 'org.springframework.web.servlet.DispatcherServlet' (OnClassCondition)
         - found 'session' scope (OnWebApplicationCondition)
         - @ConditionalOnBooleanProperty (management.cloudfoundry.enabled=true) matched (OnPropertyCondition)

   CodecsAutoConfiguration:
      Did not match:
         - @ConditionalOnClass did not find required class 'org.springframework.web.reactive.function.client.WebClient' (OnClassCondition)

   CompositeMeterRegistryConfiguration:
      Did not match:
         - NoneNestedConditions 1 matched 1 did not; NestedCondition on CompositeMeterRegistryConfiguration.MultipleNonPrimaryMeterRegistriesCondition.SingleInjectableMeterRegistry @ConditionalOnSingleCandidate (types: io.micrometer.core.instrument.MeterRegistry; SearchStrategy: all) found a single bean 'simpleMeterRegistry'; NestedCondition on CompositeMeterRegistryConfiguration.MultipleNonPrimaryMeterRegistriesCondition.NoMeterRegistryCondition @ConditionalOnMissingBean (types: io.micrometer.core.instrument.MeterRegistry; SearchStrategy: all) found beans of type 'io.micrometer.core.instrument.MeterRegistry' simpleMeterRegistry (CompositeMeterRegistryConfiguration.MultipleNonPrimaryMeterRegistriesCondition)

   ConfigurationPropertiesReportEndpointAutoConfiguration#configurationPropertiesReportEndpointWebExtension:
      Did not match:
         - @ConditionalOnAvailableEndpoint not exposed (OnAvailableEndpointCondition)
      Matched:
         - @ConditionalOnBean (types: org.springframework.boot.actuate.context.properties.ConfigurationPropertiesReportEndpoint; SearchStrategy: all) found bean 'configurationPropertiesReportEndpoint'; @ConditionalOnMissingBean (types: org.springframework.boot.actuate.context.properties.ConfigurationPropertiesReportEndpointWebExtension; SearchStrategy: all) did not find any beans (OnBeanCondition)

   ConnectionFactoryHealthContributorAutoConfiguration:
      Did not match:
         - @ConditionalOnClass did not find required class 'io.r2dbc.spi.ConnectionFactory' (OnClassCondition)

   ConnectionPoolMetricsAutoConfiguration:
      Did not match:
         - @ConditionalOnClass did not find required class 'io.r2dbc.pool.ConnectionPool' (OnClassCondition)

   CouchbaseAutoConfiguration:
      Did not match:
         - @ConditionalOnClass did not find required class 'com.couchbase.client.java.Cluster' (OnClassCondition)

   CouchbaseCacheConfiguration:
      Did not match:
         - @ConditionalOnClass did not find required class 'com.couchbase.client.java.Cluster' (OnClassCondition)

   CouchbaseDataAutoConfiguration:
      Did not match:
         - @ConditionalOnClass did not find required class 'com.couchbase.client.java.Bucket' (OnClassCondition)

   CouchbaseHealthContributorAutoConfiguration:
      Did not match:
         - @ConditionalOnClass did not find required class 'com.couchbase.client.java.Cluster' (OnClassCondition)

   CouchbaseReactiveDataAutoConfiguration:
      Did not match:
         - @ConditionalOnClass did not find required class 'com.couchbase.client.java.Cluster' (OnClassCondition)

   CouchbaseReactiveHealthContributorAutoConfiguration:
      Did not match:
         - @ConditionalOnClass did not find required class 'com.couchbase.client.java.Cluster' (OnClassCondition)

   CouchbaseReactiveRepositoriesAutoConfiguration:
      Did not match:
         - @ConditionalOnClass did not find required class 'com.couchbase.client.java.Cluster' (OnClassCondition)

   CouchbaseRepositoriesAutoConfiguration:
      Did not match:
         - @ConditionalOnClass did not find required class 'com.couchbase.client.java.Bucket' (OnClassCondition)

   DataSourceAutoConfiguration.EmbeddedDatabaseConfiguration:
      Did not match:
         - EmbeddedDataSource spring.datasource.url is set (DataSourceAutoConfiguration.EmbeddedDatabaseCondition)

   DataSourceCheckpointRestoreConfiguration:
      Did not match:
         - @ConditionalOnClass did not find required class 'org.crac.Resource' (OnClassCondition)

   DataSourceConfiguration.Dbcp2:
      Did not match:
         - @ConditionalOnClass did not find required class 'org.apache.commons.dbcp2.BasicDataSource' (OnClassCondition)

   DataSourceConfiguration.Generic:
      Did not match:
         - @ConditionalOnProperty (spring.datasource.type) did not find property 'spring.datasource.type' (OnPropertyCondition)

   DataSourceConfiguration.OracleUcp:
      Did not match:
         - @ConditionalOnClass did not find required classes 'oracle.ucp.jdbc.PoolDataSourceImpl', 'oracle.jdbc.OracleConnection' (OnClassCondition)

   DataSourceConfiguration.Tomcat:
      Did not match:
         - @ConditionalOnClass did not find required class 'org.apache.tomcat.jdbc.pool.DataSource' (OnClassCondition)

   DataSourceJmxConfiguration.TomcatDataSourceJmxConfiguration:
      Did not match:
         - @ConditionalOnClass did not find required class 'org.apache.tomcat.jdbc.pool.DataSourceProxy' (OnClassCondition)

   DataSourcePoolMetadataProvidersConfiguration.CommonsDbcp2PoolDataSourceMetadataProviderConfiguration:
      Did not match:
         - @ConditionalOnClass did not find required class 'org.apache.commons.dbcp2.BasicDataSource' (OnClassCondition)

   DataSourcePoolMetadataProvidersConfiguration.OracleUcpPoolDataSourceMetadataProviderConfiguration:
      Did not match:
         - @ConditionalOnClass did not find required classes 'oracle.ucp.jdbc.PoolDataSource', 'oracle.jdbc.OracleConnection' (OnClassCondition)

   DataSourcePoolMetadataProvidersConfiguration.TomcatDataSourcePoolMetadataProviderConfiguration:
      Did not match:
         - @ConditionalOnClass did not find required class 'org.apache.tomcat.jdbc.pool.DataSource' (OnClassCondition)

   DataSourceTransactionManagerAutoConfiguration.JdbcTransactionManagerConfiguration#transactionManager:
      Did not match:
         - @ConditionalOnMissingBean (types: org.springframework.transaction.TransactionManager; SearchStrategy: all) found beans of type 'org.springframework.transaction.TransactionManager' transactionManager (OnBeanCondition)

   DatadogMetricsExportAutoConfiguration:
      Did not match:
         - @ConditionalOnClass did not find required class 'io.micrometer.datadog.DatadogMeterRegistry' (OnClassCondition)

   DispatcherServletAutoConfiguration.DispatcherServletConfiguration#multipartResolver:
      Did not match:
         - @ConditionalOnBean (types: org.springframework.web.multipart.MultipartResolver; SearchStrategy: all) did not find any beans of type org.springframework.web.multipart.MultipartResolver (OnBeanCondition)

   DynatraceMetricsExportAutoConfiguration:
      Did not match:
         - @ConditionalOnClass did not find required class 'io.micrometer.dynatrace.DynatraceMeterRegistry' (OnClassCondition)

   ElasticMetricsExportAutoConfiguration:
      Did not match:
         - @ConditionalOnClass did not find required class 'io.micrometer.elastic.ElasticMeterRegistry' (OnClassCondition)

   ElasticsearchClientAutoConfiguration:
      Did not match:
         - @ConditionalOnClass did not find required class 'co.elastic.clients.elasticsearch.ElasticsearchClient' (OnClassCondition)

   ElasticsearchDataAutoConfiguration:
      Did not match:
         - @ConditionalOnClass did not find required class 'org.springframework.data.elasticsearch.client.elc.ElasticsearchTemplate' (OnClassCondition)

   ElasticsearchReactiveHealthContributorAutoConfiguration:
      Did not match:
         - @ConditionalOnClass did not find required class 'reactor.core.publisher.Flux' (OnClassCondition)

   ElasticsearchRepositoriesAutoConfiguration:
      Did not match:
         - @ConditionalOnClass did not find required class 'org.springframework.data.elasticsearch.repository.ElasticsearchRepository' (OnClassCondition)

   ElasticsearchRestClientAutoConfiguration:
      Did not match:
         - @ConditionalOnClass did not find required class 'org.elasticsearch.client.RestClientBuilder' (OnClassCondition)

   ElasticsearchRestHealthContributorAutoConfiguration:
      Did not match:
         - @ConditionalOnClass did not find required class 'org.elasticsearch.client.RestClient' (OnClassCondition)

   EmbeddedLdapAutoConfiguration:
      Did not match:
         - @ConditionalOnClass did not find required class 'com.unboundid.ldap.listener.InMemoryDirectoryServer' (OnClassCondition)

   EmbeddedWebServerFactoryCustomizerAutoConfiguration.JettyWebServerFactoryCustomizerConfiguration:
      Did not match:
         - @ConditionalOnClass did not find required classes 'org.eclipse.jetty.server.Server', 'org.eclipse.jetty.util.Loader', 'org.eclipse.jetty.ee10.webapp.WebAppContext' (OnClassCondition)

   EmbeddedWebServerFactoryCustomizerAutoConfiguration.NettyWebServerFactoryCustomizerConfiguration:
      Did not match:
         - @ConditionalOnClass did not find required class 'reactor.netty.http.server.HttpServer' (OnClassCondition)

   EmbeddedWebServerFactoryCustomizerAutoConfiguration.TomcatWebServerFactoryCustomizerConfiguration#tomcatVirtualThreadsProtocolHandlerCustomizer:
      Did not match:
         - @ConditionalOnThreading did not find VIRTUAL (OnThreadingCondition)

   EmbeddedWebServerFactoryCustomizerAutoConfiguration.UndertowWebServerFactoryCustomizerConfiguration:
      Did not match:
         - @ConditionalOnClass did not find required classes 'io.undertow.Undertow', 'org.xnio.SslClientAuthMode' (OnClassCondition)

   EnvironmentEndpointAutoConfiguration#environmentEndpointWebExtension:
      Did not match:
         - @ConditionalOnAvailableEndpoint not exposed (OnAvailableEndpointCondition)
      Matched:
         - @ConditionalOnBean (types: org.springframework.boot.actuate.env.EnvironmentEndpoint; SearchStrategy: all) found bean 'environmentEndpoint'; @ConditionalOnMissingBean (types: org.springframework.boot.actuate.env.EnvironmentEndpointWebExtension; SearchStrategy: all) did not find any beans (OnBeanCondition)

   ErrorWebFluxAutoConfiguration:
      Did not match:
         - @ConditionalOnClass did not find required class 'org.springframework.web.reactive.config.WebFluxConfigurer' (OnClassCondition)

   FlywayAutoConfiguration:
      Did not match:
         - @ConditionalOnClass did not find required class 'org.flywaydb.core.Flyway' (OnClassCondition)

   FlywayEndpointAutoConfiguration:
      Did not match:
         - @ConditionalOnClass did not find required class 'org.flywaydb.core.Flyway' (OnClassCondition)

   FreeMarkerAutoConfiguration:
      Did not match:
         - @ConditionalOnClass did not find required class 'freemarker.template.Configuration' (OnClassCondition)

   GangliaMetricsExportAutoConfiguration:
      Did not match:
         - @ConditionalOnClass did not find required class 'io.micrometer.ganglia.GangliaMeterRegistry' (OnClassCondition)

   GraphQlAutoConfiguration:
      Did not match:
         - @ConditionalOnClass did not find required class 'graphql.GraphQL' (OnClassCondition)

   GraphQlObservationAutoConfiguration:
      Did not match:
         - @ConditionalOnClass did not find required class 'graphql.GraphQL' (OnClassCondition)

   GraphQlQueryByExampleAutoConfiguration:
      Did not match:
         - @ConditionalOnClass did not find required class 'graphql.GraphQL' (OnClassCondition)

   GraphQlQuerydslAutoConfiguration:
      Did not match:
         - @ConditionalOnClass did not find required class 'com.querydsl.core.Query' (OnClassCondition)

   GraphQlRSocketAutoConfiguration:
      Did not match:
         - @ConditionalOnClass did not find required class 'graphql.GraphQL' (OnClassCondition)

   GraphQlReactiveQueryByExampleAutoConfiguration:
      Did not match:
         - @ConditionalOnClass did not find required class 'graphql.GraphQL' (OnClassCondition)

   GraphQlReactiveQuerydslAutoConfiguration:
      Did not match:
         - @ConditionalOnClass did not find required class 'com.querydsl.core.Query' (OnClassCondition)

   GraphQlWebFluxAutoConfiguration:
      Did not match:
         - @ConditionalOnClass did not find required class 'graphql.GraphQL' (OnClassCondition)

   GraphQlWebFluxSecurityAutoConfiguration:
      Did not match:
         - @ConditionalOnClass did not find required class 'graphql.GraphQL' (OnClassCondition)

   GraphQlWebMvcAutoConfiguration:
      Did not match:
         - @ConditionalOnClass did not find required class 'graphql.GraphQL' (OnClassCondition)

   GraphQlWebMvcSecurityAutoConfiguration:
      Did not match:
         - @ConditionalOnClass did not find required class 'graphql.GraphQL' (OnClassCondition)

   GraphiteMetricsExportAutoConfiguration:
      Did not match:
         - @ConditionalOnClass did not find required class 'io.micrometer.graphite.GraphiteMeterRegistry' (OnClassCondition)

   GroovyTemplateAutoConfiguration:
      Did not match:
         - @ConditionalOnClass did not find required class 'groovy.text.markup.MarkupTemplateEngine' (OnClassCondition)

   GsonAutoConfiguration:
      Did not match:
         - @ConditionalOnClass did not find required class 'com.google.gson.Gson' (OnClassCondition)

   GsonHttpMessageConvertersConfiguration:
      Did not match:
         - @ConditionalOnClass did not find required class 'com.google.gson.Gson' (OnClassCondition)

   H2ConsoleAutoConfiguration:
      Did not match:
         - @ConditionalOnBooleanProperty (spring.h2.console.enabled=true) did not find property 'spring.h2.console.enabled' (OnPropertyCondition)
      Matched:
         - @ConditionalOnClass found required class 'org.h2.server.web.JakartaWebServlet' (OnClassCondition)
         - found 'session' scope (OnWebApplicationCondition)

   HazelcastAutoConfiguration:
      Did not match:
         - @ConditionalOnClass did not find required class 'com.hazelcast.core.HazelcastInstance' (OnClassCondition)

   HazelcastCacheConfiguration:
      Did not match:
         - @ConditionalOnClass did not find required class 'com.hazelcast.core.HazelcastInstance' (OnClassCondition)

   HazelcastHealthContributorAutoConfiguration:
      Did not match:
         - @ConditionalOnClass did not find required class 'com.hazelcast.core.HazelcastInstance' (OnClassCondition)

   HazelcastJpaDependencyAutoConfiguration:
      Did not match:
         - @ConditionalOnClass did not find required class 'com.hazelcast.core.HazelcastInstance' (OnClassCondition)

   HealthEndpointReactiveWebExtensionConfiguration:
      Did not match:
         - did not find reactive web application classes (OnWebApplicationCondition)

   HealthEndpointWebExtensionConfiguration.JerseyAdditionalHealthEndpointPathsConfiguration:
      Did not match:
         - @ConditionalOnClass did not find required class 'org.glassfish.jersey.server.ResourceConfig' (OnClassCondition)

   HeapDumpWebEndpointAutoConfiguration:
      Did not match:
         - @ConditionalOnAvailableEndpoint the configured access for endpoint 'heapdump' is NONE (OnAvailableEndpointCondition)

   HibernateMetricsAutoConfiguration:
      Did not match:
         - @ConditionalOnClass did not find required class 'org.hibernate.stat.HibernateMetrics' (OnClassCondition)

   HttpExchangesAutoConfiguration:
      Did not match:
         - @ConditionalOnBean (types: org.springframework.boot.actuate.web.exchanges.HttpExchangeRepository; SearchStrategy: all) did not find any beans of type org.springframework.boot.actuate.web.exchanges.HttpExchangeRepository (OnBeanCondition)
      Matched:
         - @ConditionalOnWebApplication (required) found 'session' scope (OnWebApplicationCondition)
         - @ConditionalOnBooleanProperty (management.httpexchanges.recording.enabled=true) matched (OnPropertyCondition)

   HttpExchangesAutoConfiguration.ReactiveHttpExchangesConfiguration:
      Did not match:
         - did not find reactive web application classes (OnWebApplicationCondition)
         - Ancestor org.springframework.boot.actuate.autoconfigure.web.exchanges.HttpExchangesAutoConfiguration did not match (ConditionEvaluationReport.AncestorsMatchedCondition)

   HttpExchangesAutoConfiguration.ServletHttpExchangesConfiguration:
      Did not match:
         - Ancestor org.springframework.boot.actuate.autoconfigure.web.exchanges.HttpExchangesAutoConfiguration did not match (ConditionEvaluationReport.AncestorsMatchedCondition)
      Matched:
         - found 'session' scope (OnWebApplicationCondition)

   HttpExchangesEndpointAutoConfiguration#httpExchangesEndpoint:
      Did not match:
         - @ConditionalOnBean (types: org.springframework.boot.actuate.web.exchanges.HttpExchangeRepository; SearchStrategy: all) did not find any beans of type org.springframework.boot.actuate.web.exchanges.HttpExchangeRepository (OnBeanCondition)

   HttpHandlerAutoConfiguration:
      Did not match:
         - @ConditionalOnClass did not find required class 'org.springframework.web.reactive.DispatcherHandler' (OnClassCondition)

   HumioMetricsExportAutoConfiguration:
      Did not match:
         - @ConditionalOnClass did not find required class 'io.micrometer.humio.HumioMeterRegistry' (OnClassCondition)

   HypermediaAutoConfiguration:
      Did not match:
         - @ConditionalOnClass did not find required class 'org.springframework.hateoas.EntityModel' (OnClassCondition)

   InfinispanCacheConfiguration:
      Did not match:
         - @ConditionalOnClass did not find required class 'org.infinispan.spring.embedded.provider.SpringEmbeddedCacheManager' (OnClassCondition)

   InfluxMetricsExportAutoConfiguration:
      Did not match:
         - @ConditionalOnClass did not find required class 'io.micrometer.influx.InfluxMeterRegistry' (OnClassCondition)

   InfoContributorAutoConfiguration#buildInfoContributor:
      Did not match:
         - @ConditionalOnSingleCandidate (types: org.springframework.boot.info.BuildProperties; SearchStrategy: all) did not find any beans (OnBeanCondition)
      Matched:
         - @ConditionalOnEnabledInfoContributor management.info.defaults.enabled is considered true (OnEnabledInfoContributorCondition)

   InfoContributorAutoConfiguration#envInfoContributor:
      Did not match:
         - @ConditionalOnEnabledInfoContributor management.info.env.enabled is not true (OnEnabledInfoContributorCondition)

   InfoContributorAutoConfiguration#gitInfoContributor:
      Did not match:
         - @ConditionalOnSingleCandidate (types: org.springframework.boot.info.GitProperties; SearchStrategy: all) did not find any beans (OnBeanCondition)
      Matched:
         - @ConditionalOnEnabledInfoContributor management.info.defaults.enabled is considered true (OnEnabledInfoContributorCondition)

   InfoContributorAutoConfiguration#javaInfoContributor:
      Did not match:
         - @ConditionalOnEnabledInfoContributor management.info.java.enabled is not true (OnEnabledInfoContributorCondition)

   InfoContributorAutoConfiguration#osInfoContributor:
      Did not match:
         - @ConditionalOnEnabledInfoContributor management.info.os.enabled is not true (OnEnabledInfoContributorCondition)

   InfoContributorAutoConfiguration#processInfoContributor:
      Did not match:
         - @ConditionalOnEnabledInfoContributor management.info.process.enabled is not true (OnEnabledInfoContributorCondition)

   InfoContributorAutoConfiguration#sslInfo:
      Did not match:
         - @ConditionalOnEnabledInfoContributor management.info.ssl.enabled is not true (OnEnabledInfoContributorCondition)
      Matched:
         - @ConditionalOnMissingBean (types: org.springframework.boot.info.SslInfo; SearchStrategy: all) did not find any beans (OnBeanCondition)

   InfoContributorAutoConfiguration#sslInfoContributor:
      Did not match:
         - @ConditionalOnEnabledInfoContributor management.info.ssl.enabled is not true (OnEnabledInfoContributorCondition)

   IntegrationAutoConfiguration:
      Did not match:
         - @ConditionalOnClass did not find required class 'org.springframework.integration.config.EnableIntegration' (OnClassCondition)

   IntegrationGraphEndpointAutoConfiguration:
      Did not match:
         - @ConditionalOnClass did not find required class 'org.springframework.integration.graph.IntegrationGraphServer' (OnClassCondition)

   JCacheCacheConfiguration:
      Did not match:
         - @ConditionalOnClass did not find required class 'javax.cache.Caching' (OnClassCondition)

   JacksonAutoConfiguration.JacksonObjectMapperConfiguration#jacksonObjectMapper:
      Did not match:
         - @ConditionalOnMissingBean (types: com.fasterxml.jackson.databind.ObjectMapper; SearchStrategy: all) found beans of type 'com.fasterxml.jackson.databind.ObjectMapper' objectMapper (OnBeanCondition)

   JacksonHttpMessageConvertersConfiguration.MappingJackson2XmlHttpMessageConverterConfiguration:
      Did not match:
         - @ConditionalOnClass did not find required class 'com.fasterxml.jackson.dataformat.xml.XmlMapper' (OnClassCondition)

   JdbcRepositoriesAutoConfiguration:
      Did not match:
         - @ConditionalOnClass did not find required class 'org.springframework.data.jdbc.repository.config.AbstractJdbcConfiguration' (OnClassCondition)

   JerseyAutoConfiguration:
      Did not match:
         - @ConditionalOnClass did not find required class 'org.glassfish.jersey.server.spring.SpringComponentProvider' (OnClassCondition)

   JerseySameManagementContextConfiguration:
      Did not match:
         - @ConditionalOnClass did not find required class 'org.glassfish.jersey.server.ResourceConfig' (OnClassCondition)

   JerseyServerMetricsAutoConfiguration:
      Did not match:
         - @ConditionalOnClass did not find required class 'org.glassfish.jersey.micrometer.server.ObservationApplicationEventListener' (OnClassCondition)

   JerseyWebEndpointManagementContextConfiguration:
      Did not match:
         - @ConditionalOnClass did not find required class 'org.glassfish.jersey.server.ResourceConfig' (OnClassCondition)

   JettyMetricsAutoConfiguration:
      Did not match:
         - @ConditionalOnClass did not find required class 'org.eclipse.jetty.server.Server' (OnClassCondition)

   JmsAutoConfiguration:
      Did not match:
         - @ConditionalOnClass did not find required class 'jakarta.jms.Message' (OnClassCondition)

   JmsHealthContributorAutoConfiguration:
      Did not match:
         - @ConditionalOnClass did not find required class 'jakarta.jms.ConnectionFactory' (OnClassCondition)

   JmxMetricsExportAutoConfiguration:
      Did not match:
         - @ConditionalOnClass did not find required class 'io.micrometer.jmx.JmxMeterRegistry' (OnClassCondition)

   JndiConnectionFactoryAutoConfiguration:
      Did not match:
         - @ConditionalOnClass did not find required class 'org.springframework.jms.core.JmsTemplate' (OnClassCondition)

   JndiDataSourceAutoConfiguration:
      Did not match:
         - @ConditionalOnProperty (spring.datasource.jndi-name) did not find property 'spring.datasource.jndi-name' (OnPropertyCondition)
      Matched:
         - @ConditionalOnClass found required classes 'javax.sql.DataSource', 'org.springframework.jdbc.datasource.embedded.EmbeddedDatabaseType' (OnClassCondition)

   JndiJtaConfiguration:
      Did not match:
         - @ConditionalOnJndi JNDI environment is not available (OnJndiCondition)
      Matched:
         - @ConditionalOnClass found required class 'org.springframework.transaction.jta.JtaTransactionManager' (OnClassCondition)

   JooqAutoConfiguration:
      Did not match:
         - @ConditionalOnClass did not find required class 'org.jooq.DSLContext' (OnClassCondition)

   JpaBaseConfiguration.JpaWebConfiguration:
      Did not match:
         - @ConditionalOnBooleanProperty (spring.jpa.open-in-view=true) found different value in property 'spring.jpa.open-in-view' (OnPropertyCondition)
      Matched:
         - @ConditionalOnClass found required class 'org.springframework.web.servlet.config.annotation.WebMvcConfigurer' (OnClassCondition)
         - found 'session' scope (OnWebApplicationCondition)

   JpaRepositoriesAutoConfiguration#entityManagerFactoryBootstrapExecutorCustomizer:
      Did not match:
         - AnyNestedCondition 0 matched 2 did not; NestedCondition on JpaRepositoriesAutoConfiguration.BootstrapExecutorCondition.LazyBootstrapMode @ConditionalOnProperty (spring.data.jpa.repositories.bootstrap-mode=lazy) did not find property 'spring.data.jpa.repositories.bootstrap-mode'; NestedCondition on JpaRepositoriesAutoConfiguration.BootstrapExecutorCondition.DeferredBootstrapMode @ConditionalOnProperty (spring.data.jpa.repositories.bootstrap-mode=deferred) did not find property 'spring.data.jpa.repositories.bootstrap-mode' (JpaRepositoriesAutoConfiguration.BootstrapExecutorCondition)

   JsonbAutoConfiguration:
      Did not match:
         - @ConditionalOnClass did not find required class 'jakarta.json.bind.Jsonb' (OnClassCondition)

   JsonbHttpMessageConvertersConfiguration:
      Did not match:
         - @ConditionalOnClass did not find required class 'jakarta.json.bind.Jsonb' (OnClassCondition)

   JvmMetricsAutoConfiguration#virtualThreadMetrics:
      Did not match:
         - @ConditionalOnClass did not find required class 'io.micrometer.java21.instrument.binder.jdk.VirtualThreadMetrics' (OnClassCondition)

   KafkaAutoConfiguration:
      Did not match:
         - @ConditionalOnClass did not find required class 'org.springframework.kafka.core.KafkaTemplate' (OnClassCondition)

   KafkaMetricsAutoConfiguration:
      Did not match:
         - @ConditionalOnClass did not find required class 'org.springframework.kafka.core.ProducerFactory' (OnClassCondition)

   KairosMetricsExportAutoConfiguration:
      Did not match:
         - @ConditionalOnClass did not find required class 'io.micrometer.kairos.KairosMeterRegistry' (OnClassCondition)

   LdapAutoConfiguration:
      Did not match:
         - @ConditionalOnClass did not find required class 'org.springframework.ldap.core.ContextSource' (OnClassCondition)

   LdapHealthContributorAutoConfiguration:
      Did not match:
         - @ConditionalOnClass did not find required class 'org.springframework.ldap.core.LdapOperations' (OnClassCondition)

   LdapRepositoriesAutoConfiguration:
      Did not match:
         - @ConditionalOnClass did not find required class 'org.springframework.data.ldap.repository.LdapRepository' (OnClassCondition)

   LettuceMetricsAutoConfiguration:
      Did not match:
         - @ConditionalOnClass did not find required class 'io.lettuce.core.metrics.MicrometerCommandLatencyRecorder' (OnClassCondition)

   LiquibaseAutoConfiguration:
      Did not match:
         - @ConditionalOnClass did not find required class 'liquibase.change.DatabaseChange' (OnClassCondition)

   LiquibaseEndpointAutoConfiguration:
      Did not match:
         - @ConditionalOnClass did not find required class 'liquibase.integration.spring.SpringLiquibase' (OnClassCondition)

   LocalBinaryContentStorage:
      Did not match:
         - @ConditionalOnProperty (discodeit.storage.type=local) did not find property 'discodeit.storage.type' (OnPropertyCondition)

   Log4J2MetricsAutoConfiguration:
      Did not match:
         - @ConditionalOnClass did not find required class 'org.apache.logging.log4j.core.LoggerContext' (OnClassCondition)

   LogFileWebEndpointAutoConfiguration#logFileWebEndpoint:
      Did not match:
         - Log File did not find logging file (LogFileWebEndpointAutoConfiguration.LogFileCondition)

   MailHealthContributorAutoConfiguration:
      Did not match:
         - @ConditionalOnClass did not find required class 'org.springframework.mail.javamail.JavaMailSenderImpl' (OnClassCondition)

   MailSenderAutoConfiguration:
      Did not match:
         - @ConditionalOnClass did not find required class 'jakarta.mail.internet.MimeMessage' (OnClassCondition)

   MailSenderValidatorAutoConfiguration:
      Did not match:
         - @ConditionalOnSingleCandidate did not find required type 'org.springframework.mail.javamail.JavaMailSenderImpl' (OnBeanCondition)

   ManagementContextAutoConfiguration.DifferentManagementContextConfiguration:
      Did not match:
         - Management Port actual port type (SAME) did not match required type (DIFFERENT) (OnManagementPortCondition)

   ManagementWebSecurityAutoConfiguration:
      Did not match:
         - AllNestedConditions 1 matched 1 did not; NestedCondition on DefaultWebSecurityCondition.Beans @ConditionalOnMissingBean (types: ?; SearchStrategy: all) did not find any beans; NestedCondition on DefaultWebSecurityCondition.Classes @ConditionalOnClass did not find required classes 'org.springframework.security.web.SecurityFilterChain', 'org.springframework.security.config.annotation.web.builders.HttpSecurity' (DefaultWebSecurityCondition)
      Matched:
         - found 'session' scope (OnWebApplicationCondition)

   MappingsEndpointAutoConfiguration.ReactiveWebConfiguration:
      Did not match:
         - @ConditionalOnClass did not find required class 'org.springframework.web.reactive.DispatcherHandler' (OnClassCondition)

   MessageSourceAutoConfiguration:
      Did not match:
         - ResourceBundle did not find bundle with basename messages (MessageSourceAutoConfiguration.ResourceBundleCondition)

   MetricsAspectsAutoConfiguration:
      Did not match:
         - @ConditionalOnBooleanProperty (management.observations.annotations.enabled=true) did not find property 'management.observations.annotations.enabled' (OnPropertyCondition)
      Matched:
         - @ConditionalOnClass found required classes 'io.micrometer.core.instrument.MeterRegistry', 'org.aspectj.weaver.Advice' (OnClassCondition)

   MicrometerTracingAutoConfiguration:
      Did not match:
         - @ConditionalOnClass did not find required class 'io.micrometer.tracing.Tracer' (OnClassCondition)

   MongoAutoConfiguration:
      Did not match:
         - @ConditionalOnClass did not find required class 'com.mongodb.client.MongoClient' (OnClassCondition)

   MongoDataAutoConfiguration:
      Did not match:
         - @ConditionalOnClass did not find required class 'com.mongodb.client.MongoClient' (OnClassCondition)

   MongoHealthContributorAutoConfiguration:
      Did not match:
         - @ConditionalOnClass did not find required class 'org.springframework.data.mongodb.core.MongoTemplate' (OnClassCondition)

   MongoMetricsAutoConfiguration:
      Did not match:
         - @ConditionalOnClass did not find required class 'com.mongodb.MongoClientSettings' (OnClassCondition)

   MongoReactiveAutoConfiguration:
      Did not match:
         - @ConditionalOnClass did not find required class 'com.mongodb.reactivestreams.client.MongoClient' (OnClassCondition)

   MongoReactiveDataAutoConfiguration:
      Did not match:
         - @ConditionalOnClass did not find required class 'com.mongodb.reactivestreams.client.MongoClient' (OnClassCondition)

   MongoReactiveHealthContributorAutoConfiguration:
      Did not match:
         - @ConditionalOnClass did not find required class 'reactor.core.publisher.Flux' (OnClassCondition)

   MongoReactiveRepositoriesAutoConfiguration:
      Did not match:
         - @ConditionalOnClass did not find required class 'com.mongodb.reactivestreams.client.MongoClient' (OnClassCondition)

   MongoRepositoriesAutoConfiguration:
      Did not match:
         - @ConditionalOnClass did not find required class 'com.mongodb.client.MongoClient' (OnClassCondition)

   MultipleOpenApiSupportConfiguration:
      Did not match:
         - AnyNestedCondition 0 matched 2 did not; NestedCondition on MultipleOpenApiSupportCondition.OnActuatorDifferentPort found non-matching nested conditions Management Port actual port type (SAME) did not match required type (DIFFERENT), @ConditionalOnProperty (springdoc.show-actuator) did not find property 'springdoc.show-actuator'; NestedCondition on MultipleOpenApiSupportCondition.OnMultipleOpenApiSupportCondition AnyNestedCondition 0 matched 3 did not; NestedCondition on MultipleOpenApiGroupsCondition.OnListGroupedOpenApiBean @ConditionalOnBean (types: org.springdoc.core.models.GroupedOpenApi; SearchStrategy: all) did not find any beans of type org.springdoc.core.models.GroupedOpenApi; NestedCondition on MultipleOpenApiGroupsCondition.OnGroupConfigProperty @ConditionalOnProperty (springdoc.group-configs[0].group) did not find property 'springdoc.group-configs[0].group'; NestedCondition on MultipleOpenApiGroupsCondition.OnGroupedOpenApiBean @ConditionalOnBean (types: org.springdoc.core.models.GroupedOpenApi; SearchStrategy: all) did not find any beans of type org.springdoc.core.models.GroupedOpenApi (MultipleOpenApiSupportCondition)
      Matched:
         - found 'session' scope (OnWebApplicationCondition)
         - @ConditionalOnProperty (springdoc.api-docs.enabled) matched (OnPropertyCondition)

   MultipleOpenApiSupportConfiguration.SpringDocWebMvcActuatorDifferentConfiguration:
      Did not match:
         - Management Port actual port type (SAME) did not match required type (DIFFERENT) (OnManagementPortCondition)
         - Ancestor org.springdoc.webmvc.core.configuration.MultipleOpenApiSupportConfiguration did not match (ConditionEvaluationReport.AncestorsMatchedCondition)
      Matched:
         - @ConditionalOnClass found required class 'org.springframework.boot.actuate.endpoint.web.servlet.WebMvcEndpointHandlerMapping' (OnClassCondition)

   MustacheAutoConfiguration:
      Did not match:
         - @ConditionalOnClass did not find required class 'com.samskivert.mustache.Mustache' (OnClassCondition)

   Neo4jAutoConfiguration:
      Did not match:
         - @ConditionalOnClass did not find required class 'org.neo4j.driver.Driver' (OnClassCondition)

   Neo4jDataAutoConfiguration:
      Did not match:
         - @ConditionalOnClass did not find required class 'org.neo4j.driver.Driver' (OnClassCondition)

   Neo4jHealthContributorAutoConfiguration:
      Did not match:
         - @ConditionalOnClass did not find required class 'org.neo4j.driver.Driver' (OnClassCondition)

   Neo4jReactiveDataAutoConfiguration:
      Did not match:
         - @ConditionalOnClass did not find required class 'org.neo4j.driver.Driver' (OnClassCondition)

   Neo4jReactiveRepositoriesAutoConfiguration:
      Did not match:
         - @ConditionalOnClass did not find required class 'org.neo4j.driver.Driver' (OnClassCondition)

   Neo4jRepositoriesAutoConfiguration:
      Did not match:
         - @ConditionalOnClass did not find required class 'org.neo4j.driver.Driver' (OnClassCondition)

   NettyAutoConfiguration:
      Did not match:
         - @ConditionalOnClass did not find required class 'io.netty.util.NettyRuntime' (OnClassCondition)

   NewRelicMetricsExportAutoConfiguration:
      Did not match:
         - @ConditionalOnClass did not find required class 'io.micrometer.newrelic.NewRelicMeterRegistry' (OnClassCondition)

   NoOpMeterRegistryConfiguration:
      Did not match:
         - @ConditionalOnMissingBean (types: io.micrometer.core.instrument.MeterRegistry; SearchStrategy: all) found beans of type 'io.micrometer.core.instrument.MeterRegistry' simpleMeterRegistry (OnBeanCondition)

   NoopTracerAutoConfiguration:
      Did not match:
         - @ConditionalOnClass did not find required class 'io.micrometer.tracing.Tracer' (OnClassCondition)

   OAuth2AuthorizationServerAutoConfiguration:
      Did not match:
         - @ConditionalOnClass did not find required class 'org.springframework.security.oauth2.server.authorization.OAuth2Authorization' (OnClassCondition)

   OAuth2AuthorizationServerJwtAutoConfiguration:
      Did not match:
         - @ConditionalOnClass did not find required class 'com.nimbusds.jose.jwk.source.JWKSource' (OnClassCondition)

   OAuth2ClientAutoConfiguration:
      Did not match:
         - @ConditionalOnClass did not find required class 'org.springframework.security.oauth2.client.registration.ClientRegistration' (OnClassCondition)

   OAuth2ClientWebSecurityAutoConfiguration:
      Did not match:
         - @ConditionalOnClass did not find required class 'org.springframework.security.config.annotation.web.configuration.EnableWebSecurity' (OnClassCondition)

   OAuth2ResourceServerAutoConfiguration:
      Did not match:
         - @ConditionalOnClass did not find required class 'org.springframework.security.oauth2.server.resource.authentication.BearerTokenAuthenticationToken' (OnClassCondition)

   ObservationAutoConfiguration.MeterObservationHandlerConfiguration.TracingAndMetricsObservationHandlerConfiguration:
      Did not match:
         - @ConditionalOnBean did not find required type 'io.micrometer.tracing.Tracer' (OnBeanCondition)
         - @ConditionalOnBean (types: ?; SearchStrategy: all) did not find any beans of type ? (OnBeanCondition)

   ObservationAutoConfiguration.MetricsWithTracingConfiguration:
      Did not match:
         - @ConditionalOnClass did not find required class 'io.micrometer.tracing.Tracer' (OnClassCondition)

   ObservationAutoConfiguration.ObservedAspectConfiguration:
      Did not match:
         - @ConditionalOnBooleanProperty (management.observations.annotations.enabled=true) did not find property 'management.observations.annotations.enabled' (OnPropertyCondition)
      Matched:
         - @ConditionalOnClass found required class 'org.aspectj.weaver.Advice' (OnClassCondition)

   ObservationAutoConfiguration.OnlyTracingConfiguration:
      Did not match:
         - @ConditionalOnClass did not find required class 'io.micrometer.tracing.Tracer' (OnClassCondition)

   OpenTelemetryAutoConfiguration:
      Did not match:
         - @ConditionalOnClass did not find required class 'io.opentelemetry.sdk.OpenTelemetrySdk' (OnClassCondition)

   OpenTelemetryLoggingAutoConfiguration:
      Did not match:
         - @ConditionalOnClass did not find required class 'io.opentelemetry.api.OpenTelemetry' (OnClassCondition)

   OpenTelemetryTracingAutoConfiguration:
      Did not match:
         - @ConditionalOnClass did not find required class 'io.micrometer.tracing.otel.bridge.OtelTracer' (OnClassCondition)

   OtlpLoggingAutoConfiguration:
      Did not match:
         - @ConditionalOnClass did not find required class 'io.opentelemetry.api.OpenTelemetry' (OnClassCondition)

   OtlpMetricsExportAutoConfiguration:
      Did not match:
         - @ConditionalOnClass did not find required class 'io.micrometer.registry.otlp.OtlpMeterRegistry' (OnClassCondition)

   OtlpTracingAutoConfiguration:
      Did not match:
         - @ConditionalOnClass did not find required class 'io.micrometer.tracing.otel.bridge.OtelTracer' (OnClassCondition)

   ProjectInfoAutoConfiguration#buildProperties:
      Did not match:
         - @ConditionalOnResource did not find resource '${spring.info.build.location:classpath:META-INF/build-info.properties}' (OnResourceCondition)

   ProjectInfoAutoConfiguration#gitProperties:
      Did not match:
         - GitResource did not find git info at classpath:git.properties (ProjectInfoAutoConfiguration.GitResourceAvailableCondition)

   PrometheusExemplarsAutoConfiguration:
      Did not match:
         - @ConditionalOnClass did not find required class 'io.micrometer.tracing.Tracer' (OnClassCondition)

   PrometheusMetricsExportAutoConfiguration:
      Did not match:
         - @ConditionalOnClass did not find required class 'io.micrometer.prometheusmetrics.PrometheusMeterRegistry' (OnClassCondition)

   PulsarAutoConfiguration:
      Did not match:
         - @ConditionalOnClass did not find required class 'org.apache.pulsar.client.api.PulsarClient' (OnClassCondition)

   PulsarReactiveAutoConfiguration:
      Did not match:
         - @ConditionalOnClass did not find required class 'org.apache.pulsar.client.api.PulsarClient' (OnClassCondition)

   QuartzAutoConfiguration:
      Did not match:
         - @ConditionalOnClass did not find required class 'org.quartz.Scheduler' (OnClassCondition)

   QuartzEndpointAutoConfiguration:
      Did not match:
         - @ConditionalOnClass did not find required class 'org.quartz.Scheduler' (OnClassCondition)

   R2dbcAutoConfiguration:
      Did not match:
         - @ConditionalOnClass did not find required class 'io.r2dbc.spi.ConnectionFactory' (OnClassCondition)

   R2dbcDataAutoConfiguration:
      Did not match:
         - @ConditionalOnClass did not find required class 'org.springframework.data.r2dbc.core.R2dbcEntityTemplate' (OnClassCondition)

   R2dbcInitializationConfiguration:
      Did not match:
         - @ConditionalOnClass did not find required classes 'io.r2dbc.spi.ConnectionFactory', 'org.springframework.r2dbc.connection.init.DatabasePopulator' (OnClassCondition)

   R2dbcObservationAutoConfiguration:
      Did not match:
         - @ConditionalOnClass did not find required class 'io.r2dbc.proxy.ProxyConnectionFactory' (OnClassCondition)

   R2dbcProxyAutoConfiguration:
      Did not match:
         - @ConditionalOnClass did not find required class 'io.r2dbc.proxy.ProxyConnectionFactory' (OnClassCondition)

   R2dbcRepositoriesAutoConfiguration:
      Did not match:
         - @ConditionalOnClass did not find required class 'io.r2dbc.spi.ConnectionFactory' (OnClassCondition)

   R2dbcTransactionManagerAutoConfiguration:
      Did not match:
         - @ConditionalOnClass did not find required class 'org.springframework.r2dbc.connection.R2dbcTransactionManager' (OnClassCondition)

   RSocketGraphQlClientAutoConfiguration:
      Did not match:
         - @ConditionalOnClass did not find required class 'graphql.GraphQL' (OnClassCondition)

   RSocketMessagingAutoConfiguration:
      Did not match:
         - @ConditionalOnClass did not find required class 'io.rsocket.RSocket' (OnClassCondition)

   RSocketRequesterAutoConfiguration:
      Did not match:
         - @ConditionalOnClass did not find required class 'io.rsocket.RSocket' (OnClassCondition)

   RSocketSecurityAutoConfiguration:
      Did not match:
         - @ConditionalOnClass did not find required class 'org.springframework.security.rsocket.core.SecuritySocketAcceptorInterceptor' (OnClassCondition)

   RSocketServerAutoConfiguration:
      Did not match:
         - @ConditionalOnClass did not find required class 'io.rsocket.core.RSocketServer' (OnClassCondition)

   RSocketStrategiesAutoConfiguration:
      Did not match:
         - @ConditionalOnClass did not find required class 'io.netty.buffer.PooledByteBufAllocator' (OnClassCondition)

   RabbitAutoConfiguration:
      Did not match:
         - @ConditionalOnClass did not find required class 'com.rabbitmq.client.Channel' (OnClassCondition)

   RabbitHealthContributorAutoConfiguration:
      Did not match:
         - @ConditionalOnClass did not find required class 'org.springframework.amqp.rabbit.core.RabbitTemplate' (OnClassCondition)

   RabbitMetricsAutoConfiguration:
      Did not match:
         - @ConditionalOnClass did not find required class 'com.rabbitmq.client.ConnectionFactory' (OnClassCondition)

   ReactiveCloudFoundryActuatorAutoConfiguration:
      Did not match:
         - @ConditionalOnWebApplication did not find reactive web application classes (OnWebApplicationCondition)

   ReactiveElasticsearchClientAutoConfiguration:
      Did not match:
         - @ConditionalOnClass did not find required class 'co.elastic.clients.transport.ElasticsearchTransport' (OnClassCondition)

   ReactiveElasticsearchRepositoriesAutoConfiguration:
      Did not match:
         - @ConditionalOnClass did not find required class 'reactor.core.publisher.Mono' (OnClassCondition)

   ReactiveHealthEndpointConfiguration:
      Did not match:
         - @ConditionalOnClass did not find required class 'reactor.core.publisher.Flux' (OnClassCondition)

   ReactiveManagementContextAutoConfiguration:
      Did not match:
         - @ConditionalOnClass did not find required class 'reactor.core.publisher.Flux' (OnClassCondition)

   ReactiveManagementWebSecurityAutoConfiguration:
      Did not match:
         - @ConditionalOnClass did not find required class 'org.springframework.security.config.annotation.web.reactive.EnableWebFluxSecurity' (OnClassCondition)

   ReactiveMultipartAutoConfiguration:
      Did not match:
         - @ConditionalOnClass did not find required class 'org.springframework.web.reactive.config.WebFluxConfigurer' (OnClassCondition)

   ReactiveOAuth2ClientAutoConfiguration:
      Did not match:
         - @ConditionalOnClass did not find required class 'reactor.core.publisher.Flux' (OnClassCondition)

   ReactiveOAuth2ClientWebSecurityAutoConfiguration:
      Did not match:
         - @ConditionalOnClass did not find required class 'reactor.core.publisher.Flux' (OnClassCondition)

   ReactiveOAuth2ResourceServerAutoConfiguration:
      Did not match:
         - @ConditionalOnClass did not find required class 'org.springframework.security.config.annotation.web.reactive.EnableWebFluxSecurity' (OnClassCondition)

   ReactiveSecurityAutoConfiguration:
      Did not match:
         - @ConditionalOnClass did not find required class 'reactor.core.publisher.Flux' (OnClassCondition)

   ReactiveUserDetailsServiceAutoConfiguration:
      Did not match:
         - @ConditionalOnClass did not find required class 'org.springframework.security.authentication.ReactiveAuthenticationManager' (OnClassCondition)

   ReactiveWebServerFactoryAutoConfiguration:
      Did not match:
         - @ConditionalOnWebApplication did not find reactive web application classes (OnWebApplicationCondition)

   ReactorAutoConfiguration:
      Did not match:
         - @ConditionalOnClass did not find required class 'reactor.core.publisher.Hooks' (OnClassCondition)

   RedisAutoConfiguration:
      Did not match:
         - @ConditionalOnClass did not find required class 'org.springframework.data.redis.core.RedisOperations' (OnClassCondition)

   RedisCacheConfiguration:
      Did not match:
         - @ConditionalOnClass did not find required class 'org.springframework.data.redis.connection.RedisConnectionFactory' (OnClassCondition)

   RedisHealthContributorAutoConfiguration:
      Did not match:
         - @ConditionalOnClass did not find required class 'org.springframework.data.redis.connection.RedisConnectionFactory' (OnClassCondition)

   RedisReactiveAutoConfiguration:
      Did not match:
         - @ConditionalOnClass did not find required class 'reactor.core.publisher.Flux' (OnClassCondition)

   RedisReactiveHealthContributorAutoConfiguration:
      Did not match:
         - @ConditionalOnClass did not find required class 'reactor.core.publisher.Flux' (OnClassCondition)

   RedisRepositoriesAutoConfiguration:
      Did not match:
         - @ConditionalOnClass did not find required class 'org.springframework.data.redis.repository.configuration.EnableRedisRepositories' (OnClassCondition)

   RepositoryRestMvcAutoConfiguration:
      Did not match:
         - @ConditionalOnClass did not find required class 'org.springframework.data.rest.webmvc.config.RepositoryRestMvcConfiguration' (OnClassCondition)

   Saml2RelyingPartyAutoConfiguration:
      Did not match:
         - @ConditionalOnClass did not find required class 'org.springframework.security.saml2.provider.service.registration.RelyingPartyRegistrationRepository' (OnClassCondition)

   SbomEndpointAutoConfiguration#sbomEndpointWebExtension:
      Did not match:
         - @ConditionalOnAvailableEndpoint not exposed (OnAvailableEndpointCondition)
      Matched:
         - @ConditionalOnBean (types: org.springframework.boot.actuate.sbom.SbomEndpoint; SearchStrategy: all) found bean 'sbomEndpoint'; @ConditionalOnMissingBean (types: org.springframework.boot.actuate.sbom.SbomEndpointWebExtension; SearchStrategy: all) did not find any beans (OnBeanCondition)

   SecurityAutoConfiguration:
      Did not match:
         - @ConditionalOnClass did not find required class 'org.springframework.security.authentication.DefaultAuthenticationEventPublisher' (OnClassCondition)

   SecurityFilterAutoConfiguration:
      Did not match:
         - @ConditionalOnClass did not find required class 'org.springframework.security.config.http.SessionCreationPolicy' (OnClassCondition)

   SecurityRequestMatchersManagementContextConfiguration:
      Did not match:
         - @ConditionalOnClass did not find required class 'org.springframework.security.web.util.matcher.RequestMatcher' (OnClassCondition)

   SendGridAutoConfiguration:
      Did not match:
         - @ConditionalOnClass did not find required class 'com.sendgrid.SendGrid' (OnClassCondition)

   ServletEndpointManagementContextConfiguration.JerseyServletEndpointManagementContextConfiguration:
      Did not match:
         - @ConditionalOnClass did not find required class 'org.glassfish.jersey.server.ResourceConfig' (OnClassCondition)

   ServletManagementContextAutoConfiguration.ApplicationContextFilterConfiguration:
      Did not match:
         - @ConditionalOnBooleanProperty (management.server.add-application-context-header=true) did not find property 'management.server.add-application-context-header' (OnPropertyCondition)

   ServletWebServerFactoryAutoConfiguration.ForwardedHeaderFilterConfiguration:
      Did not match:
         - @ConditionalOnProperty (server.forward-headers-strategy=framework) did not find property 'server.forward-headers-strategy' (OnPropertyCondition)

   ServletWebServerFactoryConfiguration.EmbeddedJetty:
      Did not match:
         - @ConditionalOnClass did not find required classes 'org.eclipse.jetty.server.Server', 'org.eclipse.jetty.util.Loader', 'org.eclipse.jetty.ee10.webapp.WebAppContext' (OnClassCondition)

   ServletWebServerFactoryConfiguration.EmbeddedUndertow:
      Did not match:
         - @ConditionalOnClass did not find required classes 'io.undertow.Undertow', 'org.xnio.SslClientAuthMode' (OnClassCondition)

   SessionAutoConfiguration:
      Did not match:
         - @ConditionalOnClass did not find required class 'org.springframework.session.Session' (OnClassCondition)

   SessionsEndpointAutoConfiguration:
      Did not match:
         - @ConditionalOnClass did not find required class 'org.springframework.session.Session' (OnClassCondition)

   ShutdownEndpointAutoConfiguration:
      Did not match:
         - @ConditionalOnAvailableEndpoint the configured access for endpoint 'shutdown' is NONE (OnAvailableEndpointCondition)

   SignalFxMetricsExportAutoConfiguration:
      Did not match:
         - @ConditionalOnClass did not find required class 'io.micrometer.signalfx.SignalFxMeterRegistry' (OnClassCondition)

   SpringDocConfiguration#oas31ModelConverter:
      Did not match:
         - @ConditionalOnProperty (springdoc.explicit-object-schema=true) did not find property 'springdoc.explicit-object-schema' (OnPropertyCondition)

   SpringDocConfiguration#propertiesResolverForSchema:
      Did not match:
         - @ConditionalOnProperty (springdoc.api-docs.resolve-schema-properties) did not find property 'springdoc.api-docs.resolve-schema-properties' (OnPropertyCondition)

   SpringDocConfiguration#propertyCustomizingConverter:
      Did not match:
         - @ConditionalOnBean (types: org.springdoc.core.customizers.PropertyCustomizer; SearchStrategy: all) did not find any beans of type org.springdoc.core.customizers.PropertyCustomizer (OnBeanCondition)

   SpringDocConfiguration#springdocBeanFactoryPostProcessor:
      Did not match:
         - AnyNestedCondition 0 matched 2 did not; NestedCondition on CacheOrGroupedOpenApiCondition.OnCacheDisabled found non-matching nested conditions @ConditionalOnProperty (springdoc.cache.disabled) did not find property 'springdoc.cache.disabled'; NestedCondition on CacheOrGroupedOpenApiCondition.OnMultipleOpenApiSupportCondition AnyNestedCondition 0 matched 2 did not; NestedCondition on MultipleOpenApiSupportCondition.OnActuatorDifferentPort found non-matching nested conditions Management Port actual port type (SAME) did not match required type (DIFFERENT), @ConditionalOnProperty (springdoc.show-actuator) did not find property 'springdoc.show-actuator'; NestedCondition on MultipleOpenApiSupportCondition.OnMultipleOpenApiSupportCondition AnyNestedCondition 0 matched 3 did not; NestedCondition on MultipleOpenApiGroupsCondition.OnListGroupedOpenApiBean @ConditionalOnBean (types: org.springdoc.core.models.GroupedOpenApi; SearchStrategy: all) did not find any beans of type org.springdoc.core.models.GroupedOpenApi; NestedCondition on MultipleOpenApiGroupsCondition.OnGroupConfigProperty @ConditionalOnProperty (springdoc.group-configs[0].group) did not find property 'springdoc.group-configs[0].group'; NestedCondition on MultipleOpenApiGroupsCondition.OnGroupedOpenApiBean @ConditionalOnBean (types: org.springdoc.core.models.GroupedOpenApi; SearchStrategy: all) did not find any beans of type org.springdoc.core.models.GroupedOpenApi (CacheOrGroupedOpenApiCondition)
      Matched:
         - @ConditionalOnClass found required class 'org.springframework.boot.context.properties.bind.BindResult' (OnClassCondition)

   SpringDocConfiguration#springdocBeanFactoryPostProcessor2:
      Did not match:
         - @ConditionalOnMissingClass found unwanted class 'org.springframework.boot.context.properties.bind.BindResult' (OnClassCondition)

   SpringDocConfiguration.SpringDocActuatorConfiguration:
      Did not match:
         - @ConditionalOnProperty (springdoc.show-actuator) did not find property 'springdoc.show-actuator' (OnPropertyCondition)
      Matched:
         - @ConditionalOnClass found required class 'org.springframework.boot.actuate.autoconfigure.endpoint.web.WebEndpointProperties' (OnClassCondition)

   SpringDocConfiguration.SpringDocRepositoryRestConfiguration:
      Did not match:
         - @ConditionalOnClass did not find required class 'org.springframework.data.rest.core.config.RepositoryRestConfiguration' (OnClassCondition)

   SpringDocConfiguration.SpringDocWebFluxSupportConfiguration:
      Did not match:
         - @ConditionalOnClass did not find required class 'reactor.core.publisher.Flux' (OnClassCondition)

   SpringDocDataRestConfiguration:
      Did not match:
         - @ConditionalOnClass did not find required class 'org.springframework.data.rest.core.config.RepositoryRestConfiguration' (OnClassCondition)

   SpringDocFunctionCatalogConfiguration:
      Did not match:
         - @ConditionalOnClass did not find required class 'org.springframework.cloud.function.web.function.FunctionEndpointInitializer' (OnClassCondition)

   SpringDocGroovyConfiguration:
      Did not match:
         - @ConditionalOnClass did not find required class 'groovy.lang.MetaClass' (OnClassCondition)

   SpringDocHateoasConfiguration:
      Did not match:
         - @ConditionalOnClass did not find required class 'org.springframework.hateoas.server.LinkRelationProvider' (OnClassCondition)

   SpringDocJacksonKotlinModuleConfiguration:
      Did not match:
         - @ConditionalOnClass did not find required class 'com.fasterxml.jackson.module.kotlin.KotlinModule' (OnClassCondition)

   SpringDocJavadocConfiguration:
      Did not match:
         - @ConditionalOnClass did not find required class 'com.github.therapi.runtimejavadoc.CommentFormatter' (OnClassCondition)

   SpringDocKotlinConfiguration:
      Did not match:
         - @ConditionalOnClass did not find required class 'kotlin.coroutines.Continuation' (OnClassCondition)

   SpringDocKotlinxConfiguration:
      Did not match:
         - @ConditionalOnClass did not find required class 'kotlinx.coroutines.flow.Flow' (OnClassCondition)

   SpringDocSecurityConfiguration:
      Did not match:
         - @ConditionalOnClass did not find required class 'org.springframework.security.web.SecurityFilterChain' (OnClassCondition)

   SpringDocSortConfiguration#dataRestDelegatingMethodParameterCustomizer:
      Did not match:
         - @ConditionalOnMissingBean (types: org.springdoc.core.customizers.DataRestDelegatingMethodParameterCustomizer; SearchStrategy: all) found beans of type 'org.springdoc.core.customizers.DataRestDelegatingMethodParameterCustomizer' dataRestDelegatingMethodParameterCustomizer (OnBeanCondition)

   SpringDocWebMvcConfiguration.SpringDocWebMvcActuatorConfiguration#actuatorProvider:
      Did not match:
         - @ConditionalOnExpression (#{${springdoc.show-actuator:false} or ${springdoc.use-management-port:false}}) resulted in false (OnExpressionCondition)

   SpringDocWebMvcConfiguration.SpringDocWebMvcActuatorConfiguration#openApiActuatorResource:
      Did not match:
         - @ConditionalOnExpression (#{${springdoc.use-management-port:false} and ${springdoc.enable-default-api-docs:true}}) resulted in false (OnExpressionCondition)

   SslObservabilityAutoConfiguration#sslInfoProvider:
      Did not match:
         - @ConditionalOnMissingBean (types: org.springframework.boot.info.SslInfo; SearchStrategy: all) found beans of type 'org.springframework.boot.info.SslInfo' sslInfo (OnBeanCondition)

   StackdriverMetricsExportAutoConfiguration:
      Did not match:
         - @ConditionalOnClass did not find required class 'io.micrometer.stackdriver.StackdriverMeterRegistry' (OnClassCondition)

   StartupEndpointAutoConfiguration:
      Did not match:
         - ApplicationStartup configured applicationStartup is of type class org.springframework.core.metrics.DefaultApplicationStartup, expected BufferingApplicationStartup. (StartupEndpointAutoConfiguration.ApplicationStartupCondition)

   StatsdMetricsExportAutoConfiguration:
      Did not match:
         - @ConditionalOnClass did not find required class 'io.micrometer.statsd.StatsdMeterRegistry' (OnClassCondition)

   SwaggerConfig#springWebProvider:
      Did not match:
         - @ConditionalOnMissingBean (types: org.springdoc.core.providers.SpringWebProvider; SearchStrategy: all) found beans of type 'org.springdoc.core.providers.SpringWebProvider' springWebProvider (OnBeanCondition)

   SwaggerConfig#swaggerUiHome:
      Did not match:
         - @ConditionalOnProperty (springdoc.swagger-ui.use-root-path=true) did not find property 'springdoc.swagger-ui.use-root-path' (OnPropertyCondition)

   SwaggerConfig.SwaggerActuatorWelcomeConfiguration:
      Did not match:
         - @ConditionalOnProperty (springdoc.use-management-port) did not find property 'springdoc.use-management-port' (OnPropertyCondition)
      Matched:
         - @ConditionalOnClass found required class 'org.springframework.boot.actuate.endpoint.web.servlet.WebMvcEndpointHandlerMapping' (OnClassCondition)

   TaskExecutorConfigurations.SimpleAsyncTaskExecutorBuilderConfiguration#simpleAsyncTaskExecutorBuilderVirtualThreads:
      Did not match:
         - @ConditionalOnMissingBean (types: org.springframework.boot.task.SimpleAsyncTaskExecutorBuilder; SearchStrategy: all) found beans of type 'org.springframework.boot.task.SimpleAsyncTaskExecutorBuilder' simpleAsyncTaskExecutorBuilder (OnBeanCondition)

   TaskExecutorConfigurations.TaskExecutorConfiguration#applicationTaskExecutorVirtualThreads:
      Did not match:
         - @ConditionalOnThreading did not find VIRTUAL (OnThreadingCondition)

   TaskSchedulingAutoConfiguration#scheduledBeanLazyInitializationExcludeFilter:
      Did not match:
         - @ConditionalOnBean (names: org.springframework.context.annotation.internalScheduledAnnotationProcessor; SearchStrategy: all) did not find any beans named org.springframework.context.annotation.internalScheduledAnnotationProcessor (OnBeanCondition)

   TaskSchedulingConfigurations.SimpleAsyncTaskSchedulerBuilderConfiguration#simpleAsyncTaskSchedulerBuilderVirtualThreads:
      Did not match:
         - @ConditionalOnMissingBean (types: org.springframework.boot.task.SimpleAsyncTaskSchedulerBuilder; SearchStrategy: all) found beans of type 'org.springframework.boot.task.SimpleAsyncTaskSchedulerBuilder' simpleAsyncTaskSchedulerBuilder (OnBeanCondition)

   TaskSchedulingConfigurations.TaskSchedulerConfiguration:
      Did not match:
         - @ConditionalOnBean (names: org.springframework.context.annotation.internalScheduledAnnotationProcessor; SearchStrategy: all) did not find any beans named org.springframework.context.annotation.internalScheduledAnnotationProcessor (OnBeanCondition)

   TemplateEngineConfigurations.ReactiveTemplateEngineConfiguration:
      Did not match:
         - did not find reactive web application classes (OnWebApplicationCondition)

   ThymeleafAutoConfiguration.DataAttributeDialectConfiguration:
      Did not match:
         - @ConditionalOnClass did not find required class 'com.github.mxab.thymeleaf.extras.dataattribute.dialect.DataAttributeDialect' (OnClassCondition)

   ThymeleafAutoConfiguration.ThymeleafSecurityDialectConfiguration:
      Did not match:
         - @ConditionalOnClass did not find required classes 'org.thymeleaf.extras.springsecurity6.dialect.SpringSecurityDialect', 'org.springframework.security.web.server.csrf.CsrfToken' (OnClassCondition)

   ThymeleafAutoConfiguration.ThymeleafWebFluxConfiguration:
      Did not match:
         - did not find reactive web application classes (OnWebApplicationCondition)

   ThymeleafAutoConfiguration.ThymeleafWebLayoutConfiguration:
      Did not match:
         - @ConditionalOnClass did not find required class 'nz.net.ultraq.thymeleaf.layoutdialect.LayoutDialect' (OnClassCondition)

   TransactionAutoConfiguration#transactionalOperator:
      Did not match:
         - @ConditionalOnSingleCandidate (types: org.springframework.transaction.ReactiveTransactionManager; SearchStrategy: all) did not find any beans (OnBeanCondition)

   TransactionAutoConfiguration.AspectJTransactionManagementConfiguration:
      Did not match:
         - @ConditionalOnBean (types: org.springframework.transaction.aspectj.AbstractTransactionAspect; SearchStrategy: all) did not find any beans of type org.springframework.transaction.aspectj.AbstractTransactionAspect (OnBeanCondition)

   TransactionAutoConfiguration.EnableTransactionManagementConfiguration.JdkDynamicAutoProxyConfiguration:
      Did not match:
         - @ConditionalOnBooleanProperty (spring.aop.proxy-target-class=false) did not find property 'spring.aop.proxy-target-class' (OnPropertyCondition)

   UserDetailsServiceAutoConfiguration:
      Did not match:
         - @ConditionalOnClass did not find required class 'org.springframework.security.authentication.AuthenticationManager' (OnClassCondition)

   WavefrontAutoConfiguration:
      Did not match:
         - @ConditionalOnClass did not find required class 'com.wavefront.sdk.common.application.ApplicationTags' (OnClassCondition)

   WavefrontMetricsExportAutoConfiguration:
      Did not match:
         - @ConditionalOnClass did not find required class 'com.wavefront.sdk.common.WavefrontSender' (OnClassCondition)

   WavefrontTracingAutoConfiguration:
      Did not match:
         - @ConditionalOnClass did not find required class 'com.wavefront.sdk.common.WavefrontSender' (OnClassCondition)

   WebClientAutoConfiguration:
      Did not match:
         - @ConditionalOnClass did not find required class 'org.springframework.web.reactive.function.client.WebClient' (OnClassCondition)

   WebClientObservationConfiguration:
      Did not match:
         - @ConditionalOnClass did not find required class 'org.springframework.web.reactive.function.client.WebClient' (OnClassCondition)

   WebFluxAutoConfiguration:
      Did not match:
         - @ConditionalOnClass did not find required class 'org.springframework.web.reactive.config.WebFluxConfigurer' (OnClassCondition)

   WebFluxEndpointManagementContextConfiguration:
      Did not match:
         - @ConditionalOnClass did not find required class 'org.springframework.web.reactive.DispatcherHandler' (OnClassCondition)

   WebFluxObservationAutoConfiguration:
      Did not match:
         - @ConditionalOnWebApplication did not find reactive web application classes (OnWebApplicationCondition)

   WebMvcAutoConfiguration#hiddenHttpMethodFilter:
      Did not match:
         - @ConditionalOnBooleanProperty (spring.mvc.hiddenmethod.filter.enabled=true) did not find property 'spring.mvc.hiddenmethod.filter.enabled' (OnPropertyCondition)

   WebMvcAutoConfiguration.ProblemDetailsErrorHandlingConfiguration:
      Did not match:
         - @ConditionalOnBooleanProperty (spring.mvc.problemdetails.enabled=true) did not find property 'spring.mvc.problemdetails.enabled' (OnPropertyCondition)

   WebMvcAutoConfiguration.WebMvcAutoConfigurationAdapter#beanNameViewResolver:
      Did not match:
         - @ConditionalOnMissingBean (types: org.springframework.web.servlet.view.BeanNameViewResolver; SearchStrategy: all) found beans of type 'org.springframework.web.servlet.view.BeanNameViewResolver' beanNameViewResolver (OnBeanCondition)

   WebMvcEndpointManagementContextConfiguration#managementHealthEndpointWebMvcHandlerMapping:
      Did not match:
         - Management Port actual port type (SAME) did not match required type (DIFFERENT) (OnManagementPortCondition)

   WebServiceTemplateAutoConfiguration:
      Did not match:
         - @ConditionalOnClass did not find required class 'org.springframework.oxm.Marshaller' (OnClassCondition)

   WebServicesAutoConfiguration:
      Did not match:
         - @ConditionalOnClass did not find required class 'org.springframework.ws.transport.http.MessageDispatcherServlet' (OnClassCondition)

   WebSessionIdResolverAutoConfiguration:
      Did not match:
         - @ConditionalOnClass did not find required class 'reactor.core.publisher.Mono' (OnClassCondition)

   WebSocketMessagingAutoConfiguration:
      Did not match:
         - @ConditionalOnClass did not find required class 'org.springframework.web.socket.config.annotation.WebSocketMessageBrokerConfigurer' (OnClassCondition)

   WebSocketReactiveAutoConfiguration:
      Did not match:
         - @ConditionalOnWebApplication did not find reactive web application classes (OnWebApplicationCondition)

   WebSocketServletAutoConfiguration.JettyWebSocketConfiguration:
      Did not match:
         - @ConditionalOnClass did not find required class 'org.eclipse.jetty.ee10.websocket.jakarta.server.config.JakartaWebSocketServletContainerInitializer' (OnClassCondition)

   WebSocketServletAutoConfiguration.UndertowWebSocketConfiguration:
      Did not match:
         - @ConditionalOnClass did not find required class 'io.undertow.websockets.jsr.Bootstrap' (OnClassCondition)

   XADataSourceAutoConfiguration:
      Did not match:
         - @ConditionalOnBean (types: org.springframework.boot.jdbc.XADataSourceWrapper; SearchStrategy: all) did not find any beans of type org.springframework.boot.jdbc.XADataSourceWrapper (OnBeanCondition)
      Matched:
         - @ConditionalOnClass found required classes 'javax.sql.DataSource', 'jakarta.transaction.TransactionManager', 'org.springframework.jdbc.datasource.embedded.EmbeddedDatabaseType' (OnClassCondition)

   ZipkinAutoConfiguration:
      Did not match:
         - @ConditionalOnClass did not find required class 'zipkin2.reporter.Encoding' (OnClassCondition)


Exclusions:
-----------

    None


Unconditional classes:
----------------------

    org.springframework.boot.autoconfigure.context.ConfigurationPropertiesAutoConfiguration

    org.springframework.boot.actuate.autoconfigure.availability.AvailabilityHealthContributorAutoConfiguration

    org.springframework.boot.autoconfigure.ssl.SslAutoConfiguration

    org.springframework.boot.actuate.autoconfigure.info.InfoContributorAutoConfiguration

    org.springframework.boot.autoconfigure.context.PropertyPlaceholderAutoConfiguration

    org.springframework.boot.autoconfigure.context.LifecycleAutoConfiguration

    org.springframework.boot.actuate.autoconfigure.metrics.integration.IntegrationMetricsAutoConfiguration

    org.springframework.boot.actuate.autoconfigure.endpoint.EndpointAutoConfiguration

    org.springframework.boot.actuate.autoconfigure.web.server.ManagementContextAutoConfiguration

    org.springframework.boot.actuate.autoconfigure.health.HealthContributorAutoConfiguration

    org.springframework.boot.actuate.autoconfigure.endpoint.jackson.JacksonEndpointAutoConfiguration

    org.springdoc.core.configuration.SpringDocSpecPropertiesConfiguration

    org.springframework.boot.autoconfigure.availability.ApplicationAvailabilityAutoConfiguration

    org.springframework.boot.autoconfigure.info.ProjectInfoAutoConfiguration



25-08-15 12:43:45.672 [main] DEBUG o.s.b.f.s.DefaultListableBeanFactory - Creating shared instance of singleton bean 'org.springframework.transaction.config.internalTransactionAdvisor'
25-08-15 12:43:45.673 [main] DEBUG o.s.b.f.s.DefaultListableBeanFactory - Creating shared instance of singleton bean 'org.springframework.transaction.annotation.ProxyTransactionManagementConfiguration'
25-08-15 12:43:45.677 [main] DEBUG o.s.b.f.s.DefaultListableBeanFactory - Bean creation exception on singleton FactoryBean type check: org.springframework.beans.factory.BeanCreationException: Error creating bean with name 'org.springframework.transaction.annotation.ProxyTransactionManagementConfiguration': No bean named 'org.springframework.context.annotation.ConfigurationClassPostProcessor.importRegistry' available
25-08-15 12:43:45.679 [main] DEBUG o.s.b.d.LoggingFailureAnalysisReport - Application failed to start due to an exception
org.springframework.beans.factory.NoSuchBeanDefinitionException: No qualifying bean of type 'com.codeit.discodeit.storage.BinaryContentStorage' available: expected at least 1 bean which qualifies as autowire candidate. Dependency annotations: {}
	at org.springframework.beans.factory.support.DefaultListableBeanFactory.raiseNoMatchingBeanFound(DefaultListableBeanFactory.java:2284)
	at org.springframework.beans.factory.support.DefaultListableBeanFactory.doResolveDependency(DefaultListableBeanFactory.java:1708)
	at org.springframework.beans.factory.support.DefaultListableBeanFactory.resolveDependency(DefaultListableBeanFactory.java:1628)
	at org.springframework.beans.factory.support.ConstructorResolver.resolveAutowiredArgument(ConstructorResolver.java:913)
	at org.springframework.beans.factory.support.ConstructorResolver.createArgumentArray(ConstructorResolver.java:791)
	at org.springframework.beans.factory.support.ConstructorResolver.autowireConstructor(ConstructorResolver.java:240)
	at org.springframework.beans.factory.support.AbstractAutowireCapableBeanFactory.autowireConstructor(AbstractAutowireCapableBeanFactory.java:1395)
	at org.springframework.beans.factory.support.AbstractAutowireCapableBeanFactory.createBeanInstance(AbstractAutowireCapableBeanFactory.java:1232)
	at org.springframework.beans.factory.support.AbstractAutowireCapableBeanFactory.doCreateBean(AbstractAutowireCapableBeanFactory.java:569)
	at org.springframework.beans.factory.support.AbstractAutowireCapableBeanFactory.createBean(AbstractAutowireCapableBeanFactory.java:529)
	at org.springframework.beans.factory.support.AbstractBeanFactory.lambda$doGetBean$0(AbstractBeanFactory.java:339)
	at org.springframework.beans.factory.support.DefaultSingletonBeanRegistry.getSingleton(DefaultSingletonBeanRegistry.java:373)
	at org.springframework.beans.factory.support.AbstractBeanFactory.doGetBean(AbstractBeanFactory.java:337)
	at org.springframework.beans.factory.support.AbstractBeanFactory.getBean(AbstractBeanFactory.java:202)
	at org.springframework.beans.factory.config.DependencyDescriptor.resolveCandidate(DependencyDescriptor.java:254)
	at org.springframework.beans.factory.support.DefaultListableBeanFactory.doResolveDependency(DefaultListableBeanFactory.java:1745)
	at org.springframework.beans.factory.support.DefaultListableBeanFactory.resolveDependency(DefaultListableBeanFactory.java:1628)
	at org.springframework.beans.factory.support.ConstructorResolver.resolveAutowiredArgument(ConstructorResolver.java:913)
	at org.springframework.beans.factory.support.ConstructorResolver.createArgumentArray(ConstructorResolver.java:791)
	at org.springframework.beans.factory.support.ConstructorResolver.autowireConstructor(ConstructorResolver.java:240)
	at org.springframework.beans.factory.support.AbstractAutowireCapableBeanFactory.autowireConstructor(AbstractAutowireCapableBeanFactory.java:1395)
	at org.springframework.beans.factory.support.AbstractAutowireCapableBeanFactory.createBeanInstance(AbstractAutowireCapableBeanFactory.java:1232)
	at org.springframework.beans.factory.support.AbstractAutowireCapableBeanFactory.doCreateBean(AbstractAutowireCapableBeanFactory.java:569)
	at org.springframework.beans.factory.support.AbstractAutowireCapableBeanFactory.createBean(AbstractAutowireCapableBeanFactory.java:529)
	at org.springframework.beans.factory.support.AbstractBeanFactory.lambda$doGetBean$0(AbstractBeanFactory.java:339)
	at org.springframework.beans.factory.support.DefaultSingletonBeanRegistry.getSingleton(DefaultSingletonBeanRegistry.java:373)
	at org.springframework.beans.factory.support.AbstractBeanFactory.doGetBean(AbstractBeanFactory.java:337)
	at org.springframework.beans.factory.support.AbstractBeanFactory.getBean(AbstractBeanFactory.java:202)
	at org.springframework.beans.factory.support.DefaultListableBeanFactory.instantiateSingleton(DefaultListableBeanFactory.java:1222)
	at org.springframework.beans.factory.support.DefaultListableBeanFactory.preInstantiateSingleton(DefaultListableBeanFactory.java:1188)
	at org.springframework.beans.factory.support.DefaultListableBeanFactory.preInstantiateSingletons(DefaultListableBeanFactory.java:1123)
	at org.springframework.context.support.AbstractApplicationContext.finishBeanFactoryInitialization(AbstractApplicationContext.java:987)
	at org.springframework.context.support.AbstractApplicationContext.refresh(AbstractApplicationContext.java:627)
	at org.springframework.boot.web.servlet.context.ServletWebServerApplicationContext.refresh(ServletWebServerApplicationContext.java:146)
	at org.springframework.boot.SpringApplication.refresh(SpringApplication.java:752)
	at org.springframework.boot.SpringApplication.refreshContext(SpringApplication.java:439)
	at org.springframework.boot.SpringApplication.run(SpringApplication.java:318)
	at org.springframework.boot.SpringApplication.run(SpringApplication.java:1361)
	at org.springframework.boot.SpringApplication.run(SpringApplication.java:1350)
	at com.codeit.discodeit.DiscodeitApplication.main(DiscodeitApplication.java:11)
25-08-15 12:43:45.679 [main] ERROR o.s.b.d.LoggingFailureAnalysisReport - 

***************************
APPLICATION FAILED TO START
***************************

Description:

Parameter 1 of constructor in com.codeit.discodeit.service.basic.BasicBinaryContentService required a bean of type 'com.codeit.discodeit.storage.BinaryContentStorage' that could not be found.


Action:

Consider defining a bean of type 'com.codeit.discodeit.storage.BinaryContentStorage' in your configuration.

25-08-15 12:44:14.475 [background-preinit] INFO  o.h.validator.internal.util.Version - HV000001: Hibernate Validator 8.0.2.Final
25-08-15 12:44:14.531 [Test worker] INFO  c.c.d.s.UserControllerTest - Starting UserControllerTest using Java 17.0.15 with PID 36984 (started by chaos in C:\Users\chaos\SpringProject\Discodeit)
25-08-15 12:44:14.532 [Test worker] DEBUG c.c.d.s.UserControllerTest - Running with Spring Boot v3.5.3, Spring v6.2.8
25-08-15 12:44:14.533 [Test worker] INFO  c.c.d.s.UserControllerTest - The following 1 profile is active: "testcontroller"
25-08-15 12:44:16.468 [Test worker] INFO  o.s.b.a.w.s.WelcomePageHandlerMappin - Adding welcome page: class path resource [static/index.html]
25-08-15 12:44:16.870 [Test worker] WARN  o.s.b.a.t.ThymeleafAutoConfiguration - Cannot find template location: classpath:/templates/ (please add some templates, check your Thymeleaf configuration, or set spring.thymeleaf.check-template-location=false)
25-08-15 12:44:16.951 [Test worker] INFO  o.s.b.t.m.w.SpringBootMockServletCon - Initializing Spring TestDispatcherServlet ''
25-08-15 12:44:16.951 [Test worker] INFO  o.s.t.w.s.TestDispatcherServlet - Initializing Servlet ''
25-08-15 12:44:16.954 [Test worker] INFO  o.s.t.w.s.TestDispatcherServlet - Completed initialization in 2 ms
25-08-15 12:44:16.994 [Test worker] INFO  c.c.d.s.UserControllerTest - Started UserControllerTest in 2.999 seconds (process running for 4.21)
25-08-15 12:54:54.604 [background-preinit] INFO  o.h.validator.internal.util.Version - HV000001: Hibernate Validator 8.0.2.Final
25-08-15 12:54:54.665 [Test worker] INFO  c.c.d.s.UserControllerTest - Starting UserControllerTest using Java 17.0.15 with PID 30880 (started by chaos in C:\Users\chaos\SpringProject\Discodeit)
25-08-15 12:54:54.666 [Test worker] DEBUG c.c.d.s.UserControllerTest - Running with Spring Boot v3.5.3, Spring v6.2.8
25-08-15 12:54:54.667 [Test worker] INFO  c.c.d.s.UserControllerTest - The following 1 profile is active: "testcontroller"
25-08-15 12:54:56.850 [Test worker] INFO  o.s.b.a.w.s.WelcomePageHandlerMappin - Adding welcome page: class path resource [static/index.html]
25-08-15 12:54:57.310 [Test worker] WARN  o.s.b.a.t.ThymeleafAutoConfiguration - Cannot find template location: classpath:/templates/ (please add some templates, check your Thymeleaf configuration, or set spring.thymeleaf.check-template-location=false)
25-08-15 12:54:57.408 [Test worker] INFO  o.s.b.t.m.w.SpringBootMockServletCon - Initializing Spring TestDispatcherServlet ''
25-08-15 12:54:57.408 [Test worker] INFO  o.s.t.w.s.TestDispatcherServlet - Initializing Servlet ''
25-08-15 12:54:57.411 [Test worker] INFO  o.s.t.w.s.TestDispatcherServlet - Completed initialization in 2 ms
25-08-15 12:54:57.456 [Test worker] INFO  c.c.d.s.UserControllerTest - Started UserControllerTest in 3.342 seconds (process running for 4.627)
25-08-15 12:54:57.802 [Test worker] WARN  c.c.d.e.g.GlobalExceptionHandler - 필드 검증 오류: ErrorResponse[timestamp=2025-08-15T03:54:57.801098300Z, code=FILED_VALIDATION_ERROR, message=검증이 필요한 필드가 검증에 실패했습니다., details={fieldErrors={password=size must be between 4 and 14}}, exceptionType=MethodArgumentNotValidException, status=400]
25-08-15 12:55:23.955 [background-preinit] INFO  o.h.validator.internal.util.Version - HV000001: Hibernate Validator 8.0.2.Final
25-08-15 12:55:24.013 [Test worker] INFO  c.c.d.s.UserControllerTest - Starting UserControllerTest using Java 17.0.15 with PID 24452 (started by chaos in C:\Users\chaos\SpringProject\Discodeit)
25-08-15 12:55:24.014 [Test worker] DEBUG c.c.d.s.UserControllerTest - Running with Spring Boot v3.5.3, Spring v6.2.8
25-08-15 12:55:24.015 [Test worker] INFO  c.c.d.s.UserControllerTest - The following 1 profile is active: "testcontroller"
25-08-15 12:55:25.885 [Test worker] INFO  o.s.b.a.w.s.WelcomePageHandlerMappin - Adding welcome page: class path resource [static/index.html]
25-08-15 12:55:26.274 [Test worker] WARN  o.s.b.a.t.ThymeleafAutoConfiguration - Cannot find template location: classpath:/templates/ (please add some templates, check your Thymeleaf configuration, or set spring.thymeleaf.check-template-location=false)
25-08-15 12:55:26.350 [Test worker] INFO  o.s.b.t.m.w.SpringBootMockServletCon - Initializing Spring TestDispatcherServlet ''
25-08-15 12:55:26.350 [Test worker] INFO  o.s.t.w.s.TestDispatcherServlet - Initializing Servlet ''
25-08-15 12:55:26.352 [Test worker] INFO  o.s.t.w.s.TestDispatcherServlet - Completed initialization in 2 ms
25-08-15 12:55:26.392 [Test worker] INFO  c.c.d.s.UserControllerTest - Started UserControllerTest in 2.935 seconds (process running for 4.199)
25-08-15 12:55:26.716 [Test worker] INFO  c.c.d.controller.UserController - [POST /api/users] 요청 수신 - userCreateRequest=com.codeit.discodeit.dto.user_service_dto.UserCreateRequest@41bbb219, profileFileName=profile.jpg, profileSize=17
25-08-15 12:55:26.722 [Test worker] INFO  c.c.d.controller.UserController - [POST /api/users] 생성 완료 - createdUserId=56c0c48c-ba7d-4394-a2aa-2ae2ac7cb657
25-08-15 12:56:43.896 [background-preinit] INFO  o.h.validator.internal.util.Version - HV000001: Hibernate Validator 8.0.2.Final
25-08-15 12:56:43.947 [Test worker] INFO  c.c.d.s.UserControllerTest - Starting UserControllerTest using Java 17.0.15 with PID 11520 (started by chaos in C:\Users\chaos\SpringProject\Discodeit)
25-08-15 12:56:43.948 [Test worker] DEBUG c.c.d.s.UserControllerTest - Running with Spring Boot v3.5.3, Spring v6.2.8
25-08-15 12:56:43.949 [Test worker] INFO  c.c.d.s.UserControllerTest - The following 1 profile is active: "testcontroller"
25-08-15 12:56:45.958 [Test worker] INFO  o.s.b.a.w.s.WelcomePageHandlerMappin - Adding welcome page: class path resource [static/index.html]
25-08-15 12:56:46.325 [Test worker] WARN  o.s.b.a.t.ThymeleafAutoConfiguration - Cannot find template location: classpath:/templates/ (please add some templates, check your Thymeleaf configuration, or set spring.thymeleaf.check-template-location=false)
25-08-15 12:56:46.451 [Test worker] INFO  o.s.b.t.m.w.SpringBootMockServletCon - Initializing Spring TestDispatcherServlet ''
25-08-15 12:56:46.451 [Test worker] INFO  o.s.t.w.s.TestDispatcherServlet - Initializing Servlet ''
25-08-15 12:56:46.453 [Test worker] INFO  o.s.t.w.s.TestDispatcherServlet - Completed initialization in 2 ms
25-08-15 12:56:46.507 [Test worker] INFO  c.c.d.s.UserControllerTest - Started UserControllerTest in 3.102 seconds (process running for 4.392)
25-08-15 12:56:46.831 [Test worker] WARN  c.c.d.e.g.GlobalExceptionHandler - 필드 검증 오류: ErrorResponse[timestamp=2025-08-15T03:56:46.831719700Z, code=FILED_VALIDATION_ERROR, message=검증이 필요한 필드가 검증에 실패했습니다., details={fieldErrors={password=size must be between 4 and 14}}, exceptionType=MethodArgumentNotValidException, status=400]
25-08-15 12:56:46.905 [Test worker] INFO  c.c.d.controller.UserController - [POST /api/users] 요청 수신 - userCreateRequest=com.codeit.discodeit.dto.user_service_dto.UserCreateRequest@c2f7c63, profileFileName=profile.jpg, profileSize=17
25-08-15 12:56:46.909 [Test worker] INFO  c.c.d.controller.UserController - [POST /api/users] 생성 완료 - createdUserId=53000107-5c9c-42df-8b44-968932de8084
25-08-15 12:57:29.067 [background-preinit] INFO  o.h.validator.internal.util.Version - HV000001: Hibernate Validator 8.0.2.Final
25-08-15 12:57:29.129 [Test worker] INFO  c.c.d.s.UserControllerTest - Starting UserControllerTest using Java 17.0.15 with PID 21212 (started by chaos in C:\Users\chaos\SpringProject\Discodeit)
25-08-15 12:57:29.130 [Test worker] DEBUG c.c.d.s.UserControllerTest - Running with Spring Boot v3.5.3, Spring v6.2.8
25-08-15 12:57:29.131 [Test worker] INFO  c.c.d.s.UserControllerTest - The following 1 profile is active: "testcontroller"
25-08-15 12:57:31.011 [Test worker] INFO  o.s.b.a.w.s.WelcomePageHandlerMappin - Adding welcome page: class path resource [static/index.html]
25-08-15 12:57:31.389 [Test worker] WARN  o.s.b.a.t.ThymeleafAutoConfiguration - Cannot find template location: classpath:/templates/ (please add some templates, check your Thymeleaf configuration, or set spring.thymeleaf.check-template-location=false)
25-08-15 12:57:31.459 [Test worker] INFO  o.s.b.t.m.w.SpringBootMockServletCon - Initializing Spring TestDispatcherServlet ''
25-08-15 12:57:31.460 [Test worker] INFO  o.s.t.w.s.TestDispatcherServlet - Initializing Servlet ''
25-08-15 12:57:31.462 [Test worker] INFO  o.s.t.w.s.TestDispatcherServlet - Completed initialization in 1 ms
25-08-15 12:57:31.505 [Test worker] INFO  c.c.d.s.UserControllerTest - Started UserControllerTest in 2.919 seconds (process running for 4.212)
25-08-15 12:57:31.822 [Test worker] WARN  c.c.d.e.g.GlobalExceptionHandler - 필드 검증 오류: ErrorResponse[timestamp=2025-08-15T03:57:31.821870100Z, code=FILED_VALIDATION_ERROR, message=검증이 필요한 필드가 검증에 실패했습니다., details={fieldErrors={password=size must be between 4 and 14, email=size must be between 10 and 30, username=size must be between 4 and 14}}, exceptionType=MethodArgumentNotValidException, status=400]
25-08-15 12:57:31.902 [Test worker] INFO  c.c.d.controller.UserController - [POST /api/users] 요청 수신 - userCreateRequest=com.codeit.discodeit.dto.user_service_dto.UserCreateRequest@4790b897, profileFileName=profile.jpg, profileSize=17
25-08-15 12:57:31.907 [Test worker] INFO  c.c.d.controller.UserController - [POST /api/users] 생성 완료 - createdUserId=7ea09b90-f553-49e8-ae33-25a8b9edeb4f
25-08-15 13:03:55.309 [background-preinit] INFO  o.h.validator.internal.util.Version - HV000001: Hibernate Validator 8.0.2.Final
25-08-15 13:03:55.375 [Test worker] INFO  c.c.d.s.UserControllerTest - Starting UserControllerTest using Java 17.0.15 with PID 16308 (started by chaos in C:\Users\chaos\SpringProject\Discodeit)
25-08-15 13:03:55.376 [Test worker] DEBUG c.c.d.s.UserControllerTest - Running with Spring Boot v3.5.3, Spring v6.2.8
25-08-15 13:03:55.377 [Test worker] INFO  c.c.d.s.UserControllerTest - The following 1 profile is active: "testcontroller"
25-08-15 13:03:57.071 [Test worker] INFO  o.s.b.a.w.s.WelcomePageHandlerMappin - Adding welcome page: class path resource [static/index.html]
25-08-15 13:03:57.457 [Test worker] WARN  o.s.b.a.t.ThymeleafAutoConfiguration - Cannot find template location: classpath:/templates/ (please add some templates, check your Thymeleaf configuration, or set spring.thymeleaf.check-template-location=false)
25-08-15 13:03:57.528 [Test worker] INFO  o.s.b.t.m.w.SpringBootMockServletCon - Initializing Spring TestDispatcherServlet ''
25-08-15 13:03:57.529 [Test worker] INFO  o.s.t.w.s.TestDispatcherServlet - Initializing Servlet ''
25-08-15 13:03:57.531 [Test worker] INFO  o.s.t.w.s.TestDispatcherServlet - Completed initialization in 2 ms
25-08-15 13:03:57.571 [Test worker] INFO  c.c.d.s.UserControllerTest - Started UserControllerTest in 2.736 seconds (process running for 3.897)
25-08-15 13:03:57.825 [Test worker] WARN  c.c.d.e.g.GlobalExceptionHandler - 필드 검증 오류: ErrorResponse[timestamp=2025-08-15T04:03:57.825793100Z, code=FILED_VALIDATION_ERROR, message=검증이 필요한 필드가 검증에 실패했습니다., details={fieldErrors={password=size must be between 4 and 14, email=size must be between 10 and 30, username=size must be between 4 and 14}}, exceptionType=MethodArgumentNotValidException, status=400]
25-08-15 13:03:57.927 [Test worker] INFO  c.c.d.controller.UserController - [POST /api/users] 요청 수신 - userCreateRequest=com.codeit.discodeit.dto.user_service_dto.UserCreateRequest@25c8c71e, profileFileName=profile.jpg, profileSize=17
25-08-15 13:03:57.932 [Test worker] INFO  c.c.d.controller.UserController - [POST /api/users] 생성 완료 - createdUserId=c0904986-ddb1-4ce3-9f67-9725793a65db
25-08-15 13:04:18.942 [background-preinit] INFO  o.h.validator.internal.util.Version - HV000001: Hibernate Validator 8.0.2.Final
25-08-15 13:04:18.993 [Test worker] INFO  c.c.d.s.UserControllerTest - Starting UserControllerTest using Java 17.0.15 with PID 19824 (started by chaos in C:\Users\chaos\SpringProject\Discodeit)
25-08-15 13:04:18.994 [Test worker] DEBUG c.c.d.s.UserControllerTest - Running with Spring Boot v3.5.3, Spring v6.2.8
25-08-15 13:04:18.995 [Test worker] INFO  c.c.d.s.UserControllerTest - The following 1 profile is active: "testcontroller"
25-08-15 13:04:20.728 [Test worker] INFO  o.s.b.a.w.s.WelcomePageHandlerMappin - Adding welcome page: class path resource [static/index.html]
25-08-15 13:04:21.106 [Test worker] WARN  o.s.b.a.t.ThymeleafAutoConfiguration - Cannot find template location: classpath:/templates/ (please add some templates, check your Thymeleaf configuration, or set spring.thymeleaf.check-template-location=false)
25-08-15 13:04:21.183 [Test worker] INFO  o.s.b.t.m.w.SpringBootMockServletCon - Initializing Spring TestDispatcherServlet ''
25-08-15 13:04:21.184 [Test worker] INFO  o.s.t.w.s.TestDispatcherServlet - Initializing Servlet ''
25-08-15 13:04:21.187 [Test worker] INFO  o.s.t.w.s.TestDispatcherServlet - Completed initialization in 3 ms
25-08-15 13:04:21.227 [Test worker] INFO  c.c.d.s.UserControllerTest - Started UserControllerTest in 2.719 seconds (process running for 3.841)
25-08-15 13:04:21.530 [Test worker] INFO  c.c.d.controller.UserController - [POST /api/users] 요청 수신 - userCreateRequest=com.codeit.discodeit.dto.user_service_dto.UserCreateRequest@7178d811, profileFileName=profile.jpg, profileSize=17
25-08-15 13:04:21.536 [Test worker] INFO  c.c.d.controller.UserController - [POST /api/users] 생성 완료 - createdUserId=5eee9bb2-4ec8-4f94-9cc2-c5b8c71e7ef0
25-08-15 13:04:29.866 [background-preinit] INFO  o.h.validator.internal.util.Version - HV000001: Hibernate Validator 8.0.2.Final
25-08-15 13:04:29.923 [Test worker] INFO  c.c.d.s.UserControllerTest - Starting UserControllerTest using Java 17.0.15 with PID 29920 (started by chaos in C:\Users\chaos\SpringProject\Discodeit)
25-08-15 13:04:29.924 [Test worker] DEBUG c.c.d.s.UserControllerTest - Running with Spring Boot v3.5.3, Spring v6.2.8
25-08-15 13:04:29.925 [Test worker] INFO  c.c.d.s.UserControllerTest - The following 1 profile is active: "testcontroller"
25-08-15 13:04:31.631 [Test worker] INFO  o.s.b.a.w.s.WelcomePageHandlerMappin - Adding welcome page: class path resource [static/index.html]
25-08-15 13:04:32.008 [Test worker] WARN  o.s.b.a.t.ThymeleafAutoConfiguration - Cannot find template location: classpath:/templates/ (please add some templates, check your Thymeleaf configuration, or set spring.thymeleaf.check-template-location=false)
25-08-15 13:04:32.076 [Test worker] INFO  o.s.b.t.m.w.SpringBootMockServletCon - Initializing Spring TestDispatcherServlet ''
25-08-15 13:04:32.076 [Test worker] INFO  o.s.t.w.s.TestDispatcherServlet - Initializing Servlet ''
25-08-15 13:04:32.078 [Test worker] INFO  o.s.t.w.s.TestDispatcherServlet - Completed initialization in 2 ms
25-08-15 13:04:32.114 [Test worker] INFO  c.c.d.s.UserControllerTest - Started UserControllerTest in 2.685 seconds (process running for 3.96)
25-08-15 13:04:32.374 [Test worker] WARN  c.c.d.e.g.GlobalExceptionHandler - 필드 검증 오류: ErrorResponse[timestamp=2025-08-15T04:04:32.374123100Z, code=FILED_VALIDATION_ERROR, message=검증이 필요한 필드가 검증에 실패했습니다., details={fieldErrors={password=size must be between 4 and 14, email=size must be between 10 and 30, username=size must be between 4 and 14}}, exceptionType=MethodArgumentNotValidException, status=400]
25-08-15 13:04:32.474 [Test worker] INFO  c.c.d.controller.UserController - [POST /api/users] 요청 수신 - userCreateRequest=com.codeit.discodeit.dto.user_service_dto.UserCreateRequest@25c8c71e, profileFileName=profile.jpg, profileSize=17
25-08-15 13:04:32.479 [Test worker] INFO  c.c.d.controller.UserController - [POST /api/users] 생성 완료 - createdUserId=9583083f-ff68-45a6-b8fa-03d14453548c
25-08-15 14:00:25.373 [background-preinit] INFO  o.h.validator.internal.util.Version - HV000001: Hibernate Validator 8.0.2.Final
25-08-15 14:00:25.418 [Test worker] INFO  c.c.d.s.UserControllerTest - Starting UserControllerTest using Java 17.0.15 with PID 38596 (started by chaos in C:\Users\chaos\SpringProject\Discodeit)
25-08-15 14:00:25.419 [Test worker] DEBUG c.c.d.s.UserControllerTest - Running with Spring Boot v3.5.3, Spring v6.2.8
25-08-15 14:00:25.419 [Test worker] INFO  c.c.d.s.UserControllerTest - The following 1 profile is active: "testcontroller"
25-08-15 14:00:26.854 [Test worker] INFO  o.s.b.a.w.s.WelcomePageHandlerMappin - Adding welcome page: class path resource [static/index.html]
25-08-15 14:00:27.110 [Test worker] WARN  o.s.b.a.t.ThymeleafAutoConfiguration - Cannot find template location: classpath:/templates/ (please add some templates, check your Thymeleaf configuration, or set spring.thymeleaf.check-template-location=false)
25-08-15 14:00:27.159 [Test worker] INFO  o.s.b.t.m.w.SpringBootMockServletCon - Initializing Spring TestDispatcherServlet ''
25-08-15 14:00:27.160 [Test worker] INFO  o.s.t.w.s.TestDispatcherServlet - Initializing Servlet ''
25-08-15 14:00:27.161 [Test worker] INFO  o.s.t.w.s.TestDispatcherServlet - Completed initialization in 1 ms
25-08-15 14:00:27.188 [Test worker] INFO  c.c.d.s.UserControllerTest - Started UserControllerTest in 2.205 seconds (process running for 3.137)
25-08-15 14:00:27.428 [Test worker] WARN  c.c.d.e.g.GlobalExceptionHandler - 필드 검증 오류: ErrorResponse[timestamp=2025-08-15T05:00:27.428773400Z, code=FILED_VALIDATION_ERROR, message=검증이 필요한 필드가 검증에 실패했습니다., details={fieldErrors={password=size must be between 4 and 14, email=size must be between 10 and 30, username=size must be between 4 and 14}}, exceptionType=MethodArgumentNotValidException, status=400]
25-08-15 14:00:27.472 [Test worker] INFO  c.c.d.controller.UserController - [POST /api/users] 요청 수신 - userCreateRequest=com.codeit.discodeit.dto.user_service_dto.UserCreateRequest@57cff804, profileFileName=profile.jpg, profileSize=17
25-08-15 14:00:27.475 [Test worker] INFO  c.c.d.controller.UserController - [POST /api/users] 생성 완료 - createdUserId=14d0327e-6382-44c1-856d-85b5df639f76
25-08-15 14:00:35.920 [background-preinit] INFO  o.h.validator.internal.util.Version - HV000001: Hibernate Validator 8.0.2.Final
25-08-15 14:00:35.961 [Test worker] INFO  c.c.d.s.UserControllerTest - Starting UserControllerTest using Java 17.0.15 with PID 1112 (started by chaos in C:\Users\chaos\SpringProject\Discodeit)
25-08-15 14:00:35.962 [Test worker] DEBUG c.c.d.s.UserControllerTest - Running with Spring Boot v3.5.3, Spring v6.2.8
25-08-15 14:00:35.963 [Test worker] INFO  c.c.d.s.UserControllerTest - The following 1 profile is active: "testcontroller"
25-08-15 14:00:37.231 [Test worker] INFO  o.s.b.a.w.s.WelcomePageHandlerMappin - Adding welcome page: class path resource [static/index.html]
25-08-15 14:00:37.491 [Test worker] WARN  o.s.b.a.t.ThymeleafAutoConfiguration - Cannot find template location: classpath:/templates/ (please add some templates, check your Thymeleaf configuration, or set spring.thymeleaf.check-template-location=false)
25-08-15 14:00:37.537 [Test worker] INFO  o.s.b.t.m.w.SpringBootMockServletCon - Initializing Spring TestDispatcherServlet ''
25-08-15 14:00:37.538 [Test worker] INFO  o.s.t.w.s.TestDispatcherServlet - Initializing Servlet ''
25-08-15 14:00:37.539 [Test worker] INFO  o.s.t.w.s.TestDispatcherServlet - Completed initialization in 1 ms
25-08-15 14:00:37.565 [Test worker] INFO  c.c.d.s.UserControllerTest - Started UserControllerTest in 1.991 seconds (process running for 2.886)
25-08-15 14:00:37.797 [Test worker] WARN  c.c.d.e.g.GlobalExceptionHandler - 필드 검증 오류: ErrorResponse[timestamp=2025-08-15T05:00:37.797715600Z, code=FILED_VALIDATION_ERROR, message=검증이 필요한 필드가 검증에 실패했습니다., details={fieldErrors={password=size must be between 4 and 14, email=size must be between 10 and 30, username=size must be between 4 and 14}}, exceptionType=MethodArgumentNotValidException, status=400]
25-08-15 14:00:37.843 [Test worker] INFO  c.c.d.controller.UserController - [POST /api/users] 요청 수신 - userCreateRequest=com.codeit.discodeit.dto.user_service_dto.UserCreateRequest@612290d, profileFileName=없음, profileSize=0
25-08-15 14:00:37.846 [Test worker] INFO  c.c.d.controller.UserController - [POST /api/users] 생성 완료 - createdUserId=41a2e73e-0003-4661-9021-e05f360419e2
25-08-15 14:02:06.286 [background-preinit] INFO  o.h.validator.internal.util.Version - HV000001: Hibernate Validator 8.0.2.Final
25-08-15 14:02:06.326 [Test worker] INFO  c.c.d.s.UserControllerTest - Starting UserControllerTest using Java 17.0.15 with PID 23640 (started by chaos in C:\Users\chaos\SpringProject\Discodeit)
25-08-15 14:02:06.327 [Test worker] DEBUG c.c.d.s.UserControllerTest - Running with Spring Boot v3.5.3, Spring v6.2.8
25-08-15 14:02:06.328 [Test worker] INFO  c.c.d.s.UserControllerTest - The following 1 profile is active: "testcontroller"
25-08-15 14:02:07.557 [Test worker] INFO  o.s.b.a.w.s.WelcomePageHandlerMappin - Adding welcome page: class path resource [static/index.html]
25-08-15 14:02:07.805 [Test worker] WARN  o.s.b.a.t.ThymeleafAutoConfiguration - Cannot find template location: classpath:/templates/ (please add some templates, check your Thymeleaf configuration, or set spring.thymeleaf.check-template-location=false)
25-08-15 14:02:07.851 [Test worker] INFO  o.s.b.t.m.w.SpringBootMockServletCon - Initializing Spring TestDispatcherServlet ''
25-08-15 14:02:07.851 [Test worker] INFO  o.s.t.w.s.TestDispatcherServlet - Initializing Servlet ''
25-08-15 14:02:07.852 [Test worker] INFO  o.s.t.w.s.TestDispatcherServlet - Completed initialization in 1 ms
25-08-15 14:02:07.880 [Test worker] INFO  c.c.d.s.UserControllerTest - Started UserControllerTest in 1.944 seconds (process running for 2.819)
25-08-15 14:02:08.110 [Test worker] WARN  c.c.d.e.g.GlobalExceptionHandler - 필드 검증 오류: ErrorResponse[timestamp=2025-08-15T05:02:08.110636300Z, code=FILED_VALIDATION_ERROR, message=검증이 필요한 필드가 검증에 실패했습니다., details={fieldErrors={password=size must be between 4 and 14, email=size must be between 10 and 30, username=size must be between 4 and 14}}, exceptionType=MethodArgumentNotValidException, status=400]
25-08-15 14:02:08.157 [Test worker] INFO  c.c.d.controller.UserController - [POST /api/users] 요청 수신 - userCreateRequest=com.codeit.discodeit.dto.user_service_dto.UserCreateRequest@612290d, profileFileName=없음, profileSize=0
25-08-15 14:02:08.159 [Test worker] INFO  c.c.d.controller.UserController - [POST /api/users] 생성 완료 - createdUserId=2d5f64a8-7fe6-45bd-b881-fc3a96f026ae
25-08-15 14:03:17.505 [background-preinit] INFO  o.h.validator.internal.util.Version - HV000001: Hibernate Validator 8.0.2.Final
25-08-15 14:03:17.545 [Test worker] INFO  c.c.d.s.UserControllerTest - Starting UserControllerTest using Java 17.0.15 with PID 23460 (started by chaos in C:\Users\chaos\SpringProject\Discodeit)
25-08-15 14:03:17.546 [Test worker] DEBUG c.c.d.s.UserControllerTest - Running with Spring Boot v3.5.3, Spring v6.2.8
25-08-15 14:03:17.546 [Test worker] INFO  c.c.d.s.UserControllerTest - The following 1 profile is active: "testcontroller"
25-08-15 14:03:18.794 [Test worker] INFO  o.s.b.a.w.s.WelcomePageHandlerMappin - Adding welcome page: class path resource [static/index.html]
25-08-15 14:03:19.040 [Test worker] WARN  o.s.b.a.t.ThymeleafAutoConfiguration - Cannot find template location: classpath:/templates/ (please add some templates, check your Thymeleaf configuration, or set spring.thymeleaf.check-template-location=false)
25-08-15 14:03:19.088 [Test worker] INFO  o.s.b.t.m.w.SpringBootMockServletCon - Initializing Spring TestDispatcherServlet ''
25-08-15 14:03:19.088 [Test worker] INFO  o.s.t.w.s.TestDispatcherServlet - Initializing Servlet ''
25-08-15 14:03:19.089 [Test worker] INFO  o.s.t.w.s.TestDispatcherServlet - Completed initialization in 1 ms
25-08-15 14:03:19.117 [Test worker] INFO  c.c.d.s.UserControllerTest - Started UserControllerTest in 1.964 seconds (process running for 2.841)
25-08-15 14:03:19.321 [Test worker] INFO  c.c.d.controller.UserController - [POST /api/users] 요청 수신 - userCreateRequest=com.codeit.discodeit.dto.user_service_dto.UserCreateRequest@1a8b22b5, profileFileName=, profileSize=0
25-08-15 14:03:19.324 [Test worker] INFO  c.c.d.controller.UserController - [POST /api/users] 생성 완료 - createdUserId=5a36c604-1567-4681-acfe-f75c00fe875e
25-08-15 14:03:19.382 [Test worker] WARN  c.c.d.e.g.GlobalExceptionHandler - 필드 검증 오류: ErrorResponse[timestamp=2025-08-15T05:03:19.382740700Z, code=FILED_VALIDATION_ERROR, message=검증이 필요한 필드가 검증에 실패했습니다., details={fieldErrors={password=size must be between 4 and 14, email=size must be between 10 and 30, username=size must be between 4 and 14}}, exceptionType=MethodArgumentNotValidException, status=400]
25-08-15 14:03:19.403 [Test worker] INFO  c.c.d.controller.UserController - [POST /api/users] 요청 수신 - userCreateRequest=com.codeit.discodeit.dto.user_service_dto.UserCreateRequest@5f911d24, profileFileName=없음, profileSize=0
25-08-15 14:03:19.403 [Test worker] INFO  c.c.d.controller.UserController - [POST /api/users] 생성 완료 - createdUserId=cc4f9840-fd2b-4e75-9b63-2172e0c6a08b
25-08-15 15:18:04.024 [background-preinit] INFO  o.h.validator.internal.util.Version - HV000001: Hibernate Validator 8.0.2.Final
25-08-15 15:18:04.065 [Test worker] INFO  c.c.d.s.UserControllerTest - Starting UserControllerTest using Java 17.0.15 with PID 11472 (started by chaos in C:\Users\chaos\SpringProject\Discodeit)
25-08-15 15:18:04.065 [Test worker] DEBUG c.c.d.s.UserControllerTest - Running with Spring Boot v3.5.3, Spring v6.2.8
25-08-15 15:18:04.066 [Test worker] INFO  c.c.d.s.UserControllerTest - The following 1 profile is active: "testcontroller"
25-08-15 15:18:05.466 [Test worker] INFO  o.s.b.a.w.s.WelcomePageHandlerMappin - Adding welcome page: class path resource [static/index.html]
25-08-15 15:18:05.732 [Test worker] WARN  o.s.b.a.t.ThymeleafAutoConfiguration - Cannot find template location: classpath:/templates/ (please add some templates, check your Thymeleaf configuration, or set spring.thymeleaf.check-template-location=false)
25-08-15 15:18:05.783 [Test worker] INFO  o.s.b.t.m.w.SpringBootMockServletCon - Initializing Spring TestDispatcherServlet ''
25-08-15 15:18:05.784 [Test worker] INFO  o.s.t.w.s.TestDispatcherServlet - Initializing Servlet ''
25-08-15 15:18:05.785 [Test worker] INFO  o.s.t.w.s.TestDispatcherServlet - Completed initialization in 1 ms
25-08-15 15:18:05.814 [Test worker] INFO  c.c.d.s.UserControllerTest - Started UserControllerTest in 2.196 seconds (process running for 3.096)
25-08-15 15:18:06.023 [Test worker] INFO  c.c.d.controller.UserController - [POST /api/users] 요청 수신 - userCreateRequest=com.codeit.discodeit.dto.user_service_dto.UserCreateRequest@1a8b22b5, profileFileName=, profileSize=0
25-08-15 15:18:06.026 [Test worker] INFO  c.c.d.controller.UserController - [POST /api/users] 생성 완료 - createdUserId=90064820-d28f-4ab5-a3a7-e3765c9d1d67
25-08-15 15:18:06.096 [Test worker] WARN  c.c.d.e.g.GlobalExceptionHandler - 필드 검증 오류: ErrorResponse[timestamp=2025-08-15T06:18:06.095135500Z, code=FILED_VALIDATION_ERROR, message=검증이 필요한 필드가 검증에 실패했습니다., details={fieldErrors={password=size must be between 4 and 14, email=size must be between 10 and 30, username=size must be between 4 and 14}}, exceptionType=MethodArgumentNotValidException, status=400]
25-08-15 15:18:06.168 [Test worker] INFO  c.c.d.controller.UserController - [POST /api/users] 요청 수신 - userCreateRequest=com.codeit.discodeit.dto.user_service_dto.UserCreateRequest@76d0a290, profileFileName=없음, profileSize=0
25-08-15 15:18:06.169 [Test worker] INFO  c.c.d.controller.UserController - [POST /api/users] 생성 완료 - createdUserId=235f37b9-0269-4a1e-b537-f91bb91ee84b
25-08-15 15:19:17.005 [background-preinit] INFO  o.h.validator.internal.util.Version - HV000001: Hibernate Validator 8.0.2.Final
25-08-15 15:19:17.046 [Test worker] INFO  c.c.d.s.UserControllerTest - Starting UserControllerTest using Java 17.0.15 with PID 37604 (started by chaos in C:\Users\chaos\SpringProject\Discodeit)
25-08-15 15:19:17.046 [Test worker] DEBUG c.c.d.s.UserControllerTest - Running with Spring Boot v3.5.3, Spring v6.2.8
25-08-15 15:19:17.046 [Test worker] INFO  c.c.d.s.UserControllerTest - The following 1 profile is active: "testcontroller"
25-08-15 15:19:18.338 [Test worker] INFO  o.s.b.a.w.s.WelcomePageHandlerMappin - Adding welcome page: class path resource [static/index.html]
25-08-15 15:19:18.583 [Test worker] WARN  o.s.b.a.t.ThymeleafAutoConfiguration - Cannot find template location: classpath:/templates/ (please add some templates, check your Thymeleaf configuration, or set spring.thymeleaf.check-template-location=false)
25-08-15 15:19:18.630 [Test worker] INFO  o.s.b.t.m.w.SpringBootMockServletCon - Initializing Spring TestDispatcherServlet ''
25-08-15 15:19:18.630 [Test worker] INFO  o.s.t.w.s.TestDispatcherServlet - Initializing Servlet ''
25-08-15 15:19:18.632 [Test worker] INFO  o.s.t.w.s.TestDispatcherServlet - Completed initialization in 1 ms
25-08-15 15:19:18.657 [Test worker] INFO  c.c.d.s.UserControllerTest - Started UserControllerTest in 1.997 seconds (process running for 2.87)
25-08-15 15:19:18.849 [Test worker] INFO  c.c.d.controller.UserController - [POST /api/users] 요청 수신 - userCreateRequest=com.codeit.discodeit.dto.user_service_dto.UserCreateRequest@1a8b22b5, profileFileName=, profileSize=0
25-08-15 15:19:18.853 [Test worker] INFO  c.c.d.controller.UserController - [POST /api/users] 생성 완료 - createdUserId=fffbe46f-9fb7-4018-a1bd-48972568dcf6
25-08-15 15:19:18.912 [Test worker] WARN  c.c.d.e.g.GlobalExceptionHandler - 필드 검증 오류: ErrorResponse[timestamp=2025-08-15T06:19:18.912631100Z, code=FILED_VALIDATION_ERROR, message=검증이 필요한 필드가 검증에 실패했습니다., details={fieldErrors={password=size must be between 4 and 14, email=size must be between 10 and 30, username=size must be between 4 and 14}}, exceptionType=MethodArgumentNotValidException, status=400]
25-08-15 15:19:18.976 [Test worker] INFO  c.c.d.controller.UserController - [POST /api/users] 요청 수신 - userCreateRequest=com.codeit.discodeit.dto.user_service_dto.UserCreateRequest@76d0a290, profileFileName=없음, profileSize=0
25-08-15 15:19:18.976 [Test worker] INFO  c.c.d.controller.UserController - [POST /api/users] 생성 완료 - createdUserId=4fb6615e-c730-4592-9b2d-1dba6cd2e16d
25-08-15 15:24:28.575 [background-preinit] INFO  o.h.validator.internal.util.Version - HV000001: Hibernate Validator 8.0.2.Final
25-08-15 15:24:28.613 [Test worker] INFO  c.c.d.s.UserControllerTest - Starting UserControllerTest using Java 17.0.15 with PID 28948 (started by chaos in C:\Users\chaos\SpringProject\Discodeit)
25-08-15 15:24:28.613 [Test worker] DEBUG c.c.d.s.UserControllerTest - Running with Spring Boot v3.5.3, Spring v6.2.8
25-08-15 15:24:28.614 [Test worker] INFO  c.c.d.s.UserControllerTest - The following 1 profile is active: "testcontroller"
25-08-15 15:24:29.870 [Test worker] INFO  o.s.b.a.w.s.WelcomePageHandlerMappin - Adding welcome page: class path resource [static/index.html]
25-08-15 15:24:30.113 [Test worker] WARN  o.s.b.a.t.ThymeleafAutoConfiguration - Cannot find template location: classpath:/templates/ (please add some templates, check your Thymeleaf configuration, or set spring.thymeleaf.check-template-location=false)
25-08-15 15:24:30.159 [Test worker] INFO  o.s.b.t.m.w.SpringBootMockServletCon - Initializing Spring TestDispatcherServlet ''
25-08-15 15:24:30.160 [Test worker] INFO  o.s.t.w.s.TestDispatcherServlet - Initializing Servlet ''
25-08-15 15:24:30.161 [Test worker] INFO  o.s.t.w.s.TestDispatcherServlet - Completed initialization in 1 ms
25-08-15 15:24:30.187 [Test worker] INFO  c.c.d.s.UserControllerTest - Started UserControllerTest in 1.975 seconds (process running for 2.872)
25-08-15 15:24:30.384 [Test worker] INFO  c.c.d.controller.UserController - [POST /api/users] 요청 수신 - userCreateRequest=com.codeit.discodeit.dto.user_service_dto.UserCreateRequest@3f2ae973, profileFileName=, profileSize=0
25-08-15 15:24:30.387 [Test worker] INFO  c.c.d.controller.UserController - [POST /api/users] 생성 완료 - createdUserId=9b83a109-8248-4cb5-be1b-8c4f178b47ad
25-08-15 15:24:30.455 [Test worker] WARN  c.c.d.e.g.GlobalExceptionHandler - 필드 검증 오류: ErrorResponse[timestamp=2025-08-15T06:24:30.454276Z, code=FILED_VALIDATION_ERROR, message=검증이 필요한 필드가 검증에 실패했습니다., details={fieldErrors={password=size must be between 4 and 14, email=size must be between 10 and 30, username=size must be between 4 and 14}}, exceptionType=MethodArgumentNotValidException, status=400]
25-08-15 15:24:30.480 [Test worker] INFO  c.c.d.controller.UserController - [POST /api/users] 요청 수신 - userCreateRequest=com.codeit.discodeit.dto.user_service_dto.UserCreateRequest@5ee0cf64, profileFileName=없음, profileSize=0
25-08-15 15:24:30.481 [Test worker] INFO  c.c.d.controller.UserController - [POST /api/users] 생성 완료 - createdUserId=22a1e48b-b9a0-4f2c-a4ea-6c0c917a0886
25-08-15 15:25:19.092 [background-preinit] INFO  o.h.validator.internal.util.Version - HV000001: Hibernate Validator 8.0.2.Final
25-08-15 15:25:19.130 [Test worker] INFO  c.c.d.s.UserControllerTest - Starting UserControllerTest using Java 17.0.15 with PID 38692 (started by chaos in C:\Users\chaos\SpringProject\Discodeit)
25-08-15 15:25:19.130 [Test worker] DEBUG c.c.d.s.UserControllerTest - Running with Spring Boot v3.5.3, Spring v6.2.8
25-08-15 15:25:19.131 [Test worker] INFO  c.c.d.s.UserControllerTest - The following 1 profile is active: "testcontroller"
25-08-15 15:25:20.385 [Test worker] INFO  o.s.b.a.w.s.WelcomePageHandlerMappin - Adding welcome page: class path resource [static/index.html]
25-08-15 15:25:20.641 [Test worker] WARN  o.s.b.a.t.ThymeleafAutoConfiguration - Cannot find template location: classpath:/templates/ (please add some templates, check your Thymeleaf configuration, or set spring.thymeleaf.check-template-location=false)
25-08-15 15:25:20.687 [Test worker] INFO  o.s.b.t.m.w.SpringBootMockServletCon - Initializing Spring TestDispatcherServlet ''
25-08-15 15:25:20.688 [Test worker] INFO  o.s.t.w.s.TestDispatcherServlet - Initializing Servlet ''
25-08-15 15:25:20.689 [Test worker] INFO  o.s.t.w.s.TestDispatcherServlet - Completed initialization in 1 ms
25-08-15 15:25:20.716 [Test worker] INFO  c.c.d.s.UserControllerTest - Started UserControllerTest in 1.977 seconds (process running for 2.865)
25-08-15 15:25:20.912 [Test worker] INFO  c.c.d.controller.UserController - [POST /api/users] 요청 수신 - userCreateRequest=com.codeit.discodeit.dto.user_service_dto.UserCreateRequest@1a8b22b5, profileFileName=, profileSize=0
25-08-15 15:25:20.915 [Test worker] INFO  c.c.d.controller.UserController - [POST /api/users] 생성 완료 - createdUserId=389d4256-f37d-4ec6-90b6-6b7bc3b70d1e
25-08-15 15:25:21.001 [Test worker] WARN  c.c.d.e.g.GlobalExceptionHandler - 필드 검증 오류: ErrorResponse[timestamp=2025-08-15T06:25:21.001997700Z, code=FILED_VALIDATION_ERROR, message=검증이 필요한 필드가 검증에 실패했습니다., details={fieldErrors={password=size must be between 4 and 14, email=size must be between 10 and 30, username=size must be between 4 and 14}}, exceptionType=MethodArgumentNotValidException, status=400]
25-08-15 15:25:21.030 [Test worker] INFO  c.c.d.controller.UserController - [POST /api/users] 요청 수신 - userCreateRequest=com.codeit.discodeit.dto.user_service_dto.UserCreateRequest@116915f1, profileFileName=없음, profileSize=0
25-08-15 15:25:21.031 [Test worker] INFO  c.c.d.controller.UserController - [POST /api/users] 생성 완료 - createdUserId=1b321c30-6a66-4e1a-a3cd-25df84782feb
25-08-15 15:25:45.603 [background-preinit] INFO  o.h.validator.internal.util.Version - HV000001: Hibernate Validator 8.0.2.Final
25-08-15 15:25:45.642 [Test worker] INFO  c.c.d.s.UserControllerTest - Starting UserControllerTest using Java 17.0.15 with PID 2556 (started by chaos in C:\Users\chaos\SpringProject\Discodeit)
25-08-15 15:25:45.642 [Test worker] DEBUG c.c.d.s.UserControllerTest - Running with Spring Boot v3.5.3, Spring v6.2.8
25-08-15 15:25:45.643 [Test worker] INFO  c.c.d.s.UserControllerTest - The following 1 profile is active: "testcontroller"
25-08-15 15:25:46.903 [Test worker] INFO  o.s.b.a.w.s.WelcomePageHandlerMappin - Adding welcome page: class path resource [static/index.html]
25-08-15 15:25:47.159 [Test worker] WARN  o.s.b.a.t.ThymeleafAutoConfiguration - Cannot find template location: classpath:/templates/ (please add some templates, check your Thymeleaf configuration, or set spring.thymeleaf.check-template-location=false)
25-08-15 15:25:47.208 [Test worker] INFO  o.s.b.t.m.w.SpringBootMockServletCon - Initializing Spring TestDispatcherServlet ''
25-08-15 15:25:47.209 [Test worker] INFO  o.s.t.w.s.TestDispatcherServlet - Initializing Servlet ''
25-08-15 15:25:47.210 [Test worker] INFO  o.s.t.w.s.TestDispatcherServlet - Completed initialization in 1 ms
25-08-15 15:25:47.236 [Test worker] INFO  c.c.d.s.UserControllerTest - Started UserControllerTest in 1.987 seconds (process running for 2.844)
25-08-15 15:25:47.426 [Test worker] INFO  c.c.d.controller.UserController - [POST /api/users] 요청 수신 - userCreateRequest=com.codeit.discodeit.dto.user_service_dto.UserCreateRequest@1a8b22b5, profileFileName=, profileSize=0
25-08-15 15:25:47.429 [Test worker] INFO  c.c.d.controller.UserController - [POST /api/users] 생성 완료 - createdUserId=d288bafe-680a-4169-9e77-5209862577d0
25-08-15 15:25:47.518 [Test worker] WARN  c.c.d.e.g.GlobalExceptionHandler - 필드 검증 오류: ErrorResponse[timestamp=2025-08-15T06:25:47.518031800Z, code=FILED_VALIDATION_ERROR, message=검증이 필요한 필드가 검증에 실패했습니다., details={fieldErrors={password=size must be between 4 and 14, email=size must be between 10 and 30, username=size must be between 4 and 14}}, exceptionType=MethodArgumentNotValidException, status=400]
25-08-15 15:26:41.547 [background-preinit] INFO  o.h.validator.internal.util.Version - HV000001: Hibernate Validator 8.0.2.Final
25-08-15 15:26:41.587 [Test worker] INFO  c.c.d.s.UserControllerTest - Starting UserControllerTest using Java 17.0.15 with PID 35560 (started by chaos in C:\Users\chaos\SpringProject\Discodeit)
25-08-15 15:26:41.588 [Test worker] DEBUG c.c.d.s.UserControllerTest - Running with Spring Boot v3.5.3, Spring v6.2.8
25-08-15 15:26:41.588 [Test worker] INFO  c.c.d.s.UserControllerTest - The following 1 profile is active: "testcontroller"
25-08-15 15:26:42.831 [Test worker] INFO  o.s.b.a.w.s.WelcomePageHandlerMappin - Adding welcome page: class path resource [static/index.html]
25-08-15 15:26:43.092 [Test worker] WARN  o.s.b.a.t.ThymeleafAutoConfiguration - Cannot find template location: classpath:/templates/ (please add some templates, check your Thymeleaf configuration, or set spring.thymeleaf.check-template-location=false)
25-08-15 15:26:43.141 [Test worker] INFO  o.s.b.t.m.w.SpringBootMockServletCon - Initializing Spring TestDispatcherServlet ''
25-08-15 15:26:43.142 [Test worker] INFO  o.s.t.w.s.TestDispatcherServlet - Initializing Servlet ''
25-08-15 15:26:43.143 [Test worker] INFO  o.s.t.w.s.TestDispatcherServlet - Completed initialization in 1 ms
25-08-15 15:26:43.169 [Test worker] INFO  c.c.d.s.UserControllerTest - Started UserControllerTest in 1.985 seconds (process running for 2.866)
25-08-15 15:26:43.360 [Test worker] INFO  c.c.d.controller.UserController - [POST /api/users] 요청 수신 - userCreateRequest=com.codeit.discodeit.dto.user_service_dto.UserCreateRequest@41bbb219, profileFileName=없음, profileSize=0
25-08-15 15:26:43.363 [Test worker] INFO  c.c.d.controller.UserController - [POST /api/users] 생성 완료 - createdUserId=9b897ded-73bd-4185-8d01-c3543a1ec77f
25-08-15 15:26:43.454 [Test worker] WARN  c.c.d.e.g.GlobalExceptionHandler - 필드 검증 오류: ErrorResponse[timestamp=2025-08-15T06:26:43.454077Z, code=FILED_VALIDATION_ERROR, message=검증이 필요한 필드가 검증에 실패했습니다., details={fieldErrors={password=size must be between 4 and 14, email=size must be between 10 and 30, username=size must be between 4 and 14}}, exceptionType=MethodArgumentNotValidException, status=400]
25-08-15 15:27:01.849 [background-preinit] INFO  o.h.validator.internal.util.Version - HV000001: Hibernate Validator 8.0.2.Final
25-08-15 15:27:01.887 [Test worker] INFO  c.c.d.s.UserControllerTest - Starting UserControllerTest using Java 17.0.15 with PID 18916 (started by chaos in C:\Users\chaos\SpringProject\Discodeit)
25-08-15 15:27:01.888 [Test worker] DEBUG c.c.d.s.UserControllerTest - Running with Spring Boot v3.5.3, Spring v6.2.8
25-08-15 15:27:01.889 [Test worker] INFO  c.c.d.s.UserControllerTest - The following 1 profile is active: "testcontroller"
25-08-15 15:27:03.167 [Test worker] INFO  o.s.b.a.w.s.WelcomePageHandlerMappin - Adding welcome page: class path resource [static/index.html]
25-08-15 15:27:03.425 [Test worker] WARN  o.s.b.a.t.ThymeleafAutoConfiguration - Cannot find template location: classpath:/templates/ (please add some templates, check your Thymeleaf configuration, or set spring.thymeleaf.check-template-location=false)
25-08-15 15:27:03.473 [Test worker] INFO  o.s.b.t.m.w.SpringBootMockServletCon - Initializing Spring TestDispatcherServlet ''
25-08-15 15:27:03.473 [Test worker] INFO  o.s.t.w.s.TestDispatcherServlet - Initializing Servlet ''
25-08-15 15:27:03.474 [Test worker] INFO  o.s.t.w.s.TestDispatcherServlet - Completed initialization in 1 ms
25-08-15 15:27:03.501 [Test worker] INFO  c.c.d.s.UserControllerTest - Started UserControllerTest in 2.002 seconds (process running for 2.867)
25-08-15 15:27:03.704 [Test worker] INFO  c.c.d.controller.UserController - [POST /api/users] 요청 수신 - userCreateRequest=com.codeit.discodeit.dto.user_service_dto.UserCreateRequest@3f2ae973, profileFileName=없음, profileSize=0
25-08-15 15:27:03.707 [Test worker] INFO  c.c.d.controller.UserController - [POST /api/users] 생성 완료 - createdUserId=22047035-e15c-4e4c-828e-736af7094c2d
25-08-15 15:27:03.800 [Test worker] WARN  c.c.d.e.g.GlobalExceptionHandler - 필드 검증 오류: ErrorResponse[timestamp=2025-08-15T06:27:03.799190200Z, code=FILED_VALIDATION_ERROR, message=검증이 필요한 필드가 검증에 실패했습니다., details={fieldErrors={password=size must be between 4 and 14, email=size must be between 10 and 30, username=size must be between 4 and 14}}, exceptionType=MethodArgumentNotValidException, status=400]
25-08-15 15:27:43.305 [background-preinit] INFO  o.h.validator.internal.util.Version - HV000001: Hibernate Validator 8.0.2.Final
25-08-15 15:27:43.344 [Test worker] INFO  c.c.d.s.UserControllerTest - Starting UserControllerTest using Java 17.0.15 with PID 12476 (started by chaos in C:\Users\chaos\SpringProject\Discodeit)
25-08-15 15:27:43.345 [Test worker] DEBUG c.c.d.s.UserControllerTest - Running with Spring Boot v3.5.3, Spring v6.2.8
25-08-15 15:27:43.345 [Test worker] INFO  c.c.d.s.UserControllerTest - The following 1 profile is active: "testcontroller"
25-08-15 15:27:44.587 [Test worker] INFO  o.s.b.a.w.s.WelcomePageHandlerMappin - Adding welcome page: class path resource [static/index.html]
25-08-15 15:27:44.841 [Test worker] WARN  o.s.b.a.t.ThymeleafAutoConfiguration - Cannot find template location: classpath:/templates/ (please add some templates, check your Thymeleaf configuration, or set spring.thymeleaf.check-template-location=false)
25-08-15 15:27:44.888 [Test worker] INFO  o.s.b.t.m.w.SpringBootMockServletCon - Initializing Spring TestDispatcherServlet ''
25-08-15 15:27:44.888 [Test worker] INFO  o.s.t.w.s.TestDispatcherServlet - Initializing Servlet ''
25-08-15 15:27:44.889 [Test worker] INFO  o.s.t.w.s.TestDispatcherServlet - Completed initialization in 1 ms
25-08-15 15:27:44.919 [Test worker] INFO  c.c.d.s.UserControllerTest - Started UserControllerTest in 1.967 seconds (process running for 2.834)
25-08-15 15:27:45.115 [Test worker] INFO  c.c.d.controller.UserController - [POST /api/users] 요청 수신 - userCreateRequest=com.codeit.discodeit.dto.user_service_dto.UserCreateRequest@3f2ae973, profileFileName=없음, profileSize=0
25-08-15 15:27:45.118 [Test worker] INFO  c.c.d.controller.UserController - [POST /api/users] 생성 완료 - createdUserId=3a0b49ec-f7e5-496c-bc8b-5fd48eacce22
25-08-15 15:27:45.213 [Test worker] WARN  c.c.d.e.g.GlobalExceptionHandler - 필드 검증 오류: ErrorResponse[timestamp=2025-08-15T06:27:45.213934600Z, code=FILED_VALIDATION_ERROR, message=검증이 필요한 필드가 검증에 실패했습니다., details={fieldErrors={password=size must be between 4 and 14, email=size must be between 10 and 30, username=size must be between 4 and 14}}, exceptionType=MethodArgumentNotValidException, status=400]
25-08-15 15:35:07.109 [background-preinit] INFO  o.h.validator.internal.util.Version - HV000001: Hibernate Validator 8.0.2.Final
25-08-15 15:35:07.190 [Test worker] INFO  c.c.d.s.UserControllerTest - Starting UserControllerTest using Java 17.0.15 with PID 24776 (started by chaos in C:\Users\chaos\SpringProject\Discodeit)
25-08-15 15:35:07.191 [Test worker] DEBUG c.c.d.s.UserControllerTest - Running with Spring Boot v3.5.3, Spring v6.2.8
25-08-15 15:35:07.192 [Test worker] INFO  c.c.d.s.UserControllerTest - The following 1 profile is active: "testcontroller"
25-08-15 15:35:08.516 [Test worker] INFO  o.s.b.a.w.s.WelcomePageHandlerMappin - Adding welcome page: class path resource [static/index.html]
25-08-15 15:35:08.773 [Test worker] WARN  o.s.b.a.t.ThymeleafAutoConfiguration - Cannot find template location: classpath:/templates/ (please add some templates, check your Thymeleaf configuration, or set spring.thymeleaf.check-template-location=false)
25-08-15 15:35:08.820 [Test worker] INFO  o.s.b.t.m.w.SpringBootMockServletCon - Initializing Spring TestDispatcherServlet ''
25-08-15 15:35:08.820 [Test worker] INFO  o.s.t.w.s.TestDispatcherServlet - Initializing Servlet ''
25-08-15 15:35:08.822 [Test worker] INFO  o.s.t.w.s.TestDispatcherServlet - Completed initialization in 1 ms
25-08-15 15:35:08.850 [Test worker] INFO  c.c.d.s.UserControllerTest - Started UserControllerTest in 2.093 seconds (process running for 2.99)
25-08-15 15:35:09.049 [Test worker] INFO  c.c.d.controller.UserController - [POST /api/users] 요청 수신 - userCreateRequest=com.codeit.discodeit.dto.user_service_dto.UserCreateRequest@4ede8888, profileFileName=없음, profileSize=0
25-08-15 15:35:09.052 [Test worker] INFO  c.c.d.controller.UserController - [POST /api/users] 생성 완료 - createdUserId=bfaff126-2422-4c35-881e-12234cf68582
25-08-15 15:35:09.146 [Test worker] WARN  c.c.d.e.g.GlobalExceptionHandler - 필드 검증 오류: ErrorResponse[timestamp=2025-08-15T06:35:09.146260Z, code=FILED_VALIDATION_ERROR, message=검증이 필요한 필드가 검증에 실패했습니다., details={fieldErrors={password=size must be between 4 and 14, email=size must be between 10 and 30, username=size must be between 4 and 14}}, exceptionType=MethodArgumentNotValidException, status=400]
25-08-15 15:35:09.168 [Test worker] INFO  c.c.d.controller.UserController - [DELETE /api/users/64a433e3-9946-4ab3-9a91-2ebdd93c9320] 요청 수신
25-08-15 15:35:09.169 [Test worker] INFO  c.c.d.controller.UserController - [DELETE /api/users/64a433e3-9946-4ab3-9a91-2ebdd93c9320] 삭제 완료
25-08-15 15:35:09.182 [Test worker] INFO  c.c.d.controller.UserController - [DELETE /api/users/36c570f5-dfcd-4963-8821-371edd75905e] 요청 수신
25-08-15 15:35:09.184 [Test worker] WARN  c.c.d.e.g.GlobalExceptionHandler - 유저 오류: ErrorResponse[timestamp=2025-08-15T06:35:09.178258400Z, code=USER_NOT_FOUND, message=유저를 찾을 수 없습니다., details=null, exceptionType=UserNotFoundException, status=404]
25-08-15 15:36:46.189 [background-preinit] INFO  o.h.validator.internal.util.Version - HV000001: Hibernate Validator 8.0.2.Final
25-08-15 15:36:46.229 [Test worker] INFO  c.c.d.s.UserControllerTest - Starting UserControllerTest using Java 17.0.15 with PID 9584 (started by chaos in C:\Users\chaos\SpringProject\Discodeit)
25-08-15 15:36:46.229 [Test worker] DEBUG c.c.d.s.UserControllerTest - Running with Spring Boot v3.5.3, Spring v6.2.8
25-08-15 15:36:46.230 [Test worker] INFO  c.c.d.s.UserControllerTest - The following 1 profile is active: "testcontroller"
25-08-15 15:36:47.630 [Test worker] INFO  o.s.b.a.w.s.WelcomePageHandlerMappin - Adding welcome page: class path resource [static/index.html]
25-08-15 15:36:47.888 [Test worker] WARN  o.s.b.a.t.ThymeleafAutoConfiguration - Cannot find template location: classpath:/templates/ (please add some templates, check your Thymeleaf configuration, or set spring.thymeleaf.check-template-location=false)
25-08-15 15:36:47.932 [Test worker] INFO  o.s.b.t.m.w.SpringBootMockServletCon - Initializing Spring TestDispatcherServlet ''
25-08-15 15:36:47.933 [Test worker] INFO  o.s.t.w.s.TestDispatcherServlet - Initializing Servlet ''
25-08-15 15:36:47.934 [Test worker] INFO  o.s.t.w.s.TestDispatcherServlet - Completed initialization in 1 ms
25-08-15 15:36:47.960 [Test worker] INFO  c.c.d.s.UserControllerTest - Started UserControllerTest in 2.13 seconds (process running for 3.004)
25-08-15 15:36:48.159 [Test worker] WARN  c.c.d.e.g.GlobalExceptionHandler - 필드 검증 오류: ErrorResponse[timestamp=2025-08-15T06:36:48.159206900Z, code=FILED_VALIDATION_ERROR, message=검증이 필요한 필드가 검증에 실패했습니다., details={fieldErrors={newUsername=must not be blank, newPassword=must not be blank, newEmail=must not be blank}}, exceptionType=MethodArgumentNotValidException, status=400]
25-08-15 15:36:48.225 [Test worker] INFO  c.c.d.controller.UserController - [POST /api/users] 요청 수신 - userCreateRequest=com.codeit.discodeit.dto.user_service_dto.UserCreateRequest@5d94ac8a, profileFileName=없음, profileSize=0
25-08-15 15:36:48.229 [Test worker] INFO  c.c.d.controller.UserController - [POST /api/users] 생성 완료 - createdUserId=46ac70c2-8aaa-4d39-b290-5f8227ce2edf
25-08-15 15:36:48.277 [Test worker] WARN  c.c.d.e.g.GlobalExceptionHandler - 필드 검증 오류: ErrorResponse[timestamp=2025-08-15T06:36:48.277209Z, code=FILED_VALIDATION_ERROR, message=검증이 필요한 필드가 검증에 실패했습니다., details={fieldErrors={password=size must be between 4 and 14, email=size must be between 10 and 30, username=size must be between 4 and 14}}, exceptionType=MethodArgumentNotValidException, status=400]
25-08-15 15:36:48.284 [Test worker] INFO  c.c.d.controller.UserController - [DELETE /api/users/d9d4cd13-7256-41c6-bf8e-9323b4dcb765] 요청 수신
25-08-15 15:36:48.284 [Test worker] INFO  c.c.d.controller.UserController - [DELETE /api/users/d9d4cd13-7256-41c6-bf8e-9323b4dcb765] 삭제 완료
25-08-15 15:36:48.293 [Test worker] INFO  c.c.d.controller.UserController - [DELETE /api/users/0a7a63c8-8ae6-4cef-8d02-b883f92d3b86] 요청 수신
25-08-15 15:36:48.295 [Test worker] WARN  c.c.d.e.g.GlobalExceptionHandler - 유저 오류: ErrorResponse[timestamp=2025-08-15T06:36:48.290207200Z, code=USER_NOT_FOUND, message=유저를 찾을 수 없습니다., details=null, exceptionType=UserNotFoundException, status=404]
25-08-15 15:38:08.902 [background-preinit] INFO  o.h.validator.internal.util.Version - HV000001: Hibernate Validator 8.0.2.Final
25-08-15 15:38:08.942 [Test worker] INFO  c.c.d.s.UserControllerTest - Starting UserControllerTest using Java 17.0.15 with PID 10572 (started by chaos in C:\Users\chaos\SpringProject\Discodeit)
25-08-15 15:38:08.943 [Test worker] DEBUG c.c.d.s.UserControllerTest - Running with Spring Boot v3.5.3, Spring v6.2.8
25-08-15 15:38:08.943 [Test worker] INFO  c.c.d.s.UserControllerTest - The following 1 profile is active: "testcontroller"
25-08-15 15:38:10.213 [Test worker] INFO  o.s.b.a.w.s.WelcomePageHandlerMappin - Adding welcome page: class path resource [static/index.html]
25-08-15 15:38:10.463 [Test worker] WARN  o.s.b.a.t.ThymeleafAutoConfiguration - Cannot find template location: classpath:/templates/ (please add some templates, check your Thymeleaf configuration, or set spring.thymeleaf.check-template-location=false)
25-08-15 15:38:10.510 [Test worker] INFO  o.s.b.t.m.w.SpringBootMockServletCon - Initializing Spring TestDispatcherServlet ''
25-08-15 15:38:10.510 [Test worker] INFO  o.s.t.w.s.TestDispatcherServlet - Initializing Servlet ''
25-08-15 15:38:10.511 [Test worker] INFO  o.s.t.w.s.TestDispatcherServlet - Completed initialization in 1 ms
25-08-15 15:38:10.537 [Test worker] INFO  c.c.d.s.UserControllerTest - Started UserControllerTest in 1.982 seconds (process running for 2.861)
25-08-15 15:38:10.735 [Test worker] WARN  c.c.d.e.g.GlobalExceptionHandler - 필드 검증 오류: ErrorResponse[timestamp=2025-08-15T06:38:10.735826800Z, code=FILED_VALIDATION_ERROR, message=검증이 필요한 필드가 검증에 실패했습니다., details={fieldErrors={newUsername=size must be between 4 and 14, newPassword=size must be between 4 and 14, newEmail=size must be between 10 and 30}}, exceptionType=MethodArgumentNotValidException, status=400]
25-08-15 15:38:10.848 [Test worker] INFO  c.c.d.controller.UserController - [POST /api/users] 요청 수신 - userCreateRequest=com.codeit.discodeit.dto.user_service_dto.UserCreateRequest@1885dc2b, profileFileName=없음, profileSize=0
25-08-15 15:38:10.852 [Test worker] INFO  c.c.d.controller.UserController - [POST /api/users] 생성 완료 - createdUserId=866a81c9-32b9-413a-83c1-a2e2b4ded065
25-08-15 15:38:10.866 [Test worker] WARN  c.c.d.e.g.GlobalExceptionHandler - 필드 검증 오류: ErrorResponse[timestamp=2025-08-15T06:38:10.866827100Z, code=FILED_VALIDATION_ERROR, message=검증이 필요한 필드가 검증에 실패했습니다., details={fieldErrors={password=size must be between 4 and 14, email=size must be between 10 and 30, username=size must be between 4 and 14}}, exceptionType=MethodArgumentNotValidException, status=400]
25-08-15 15:38:10.872 [Test worker] INFO  c.c.d.controller.UserController - [DELETE /api/users/a8310faf-e568-4799-a982-06f0f646a90d] 요청 수신
25-08-15 15:38:10.873 [Test worker] INFO  c.c.d.controller.UserController - [DELETE /api/users/a8310faf-e568-4799-a982-06f0f646a90d] 삭제 완료
25-08-15 15:38:10.880 [Test worker] INFO  c.c.d.controller.UserController - [DELETE /api/users/ed048459-5423-4563-8831-f0166b3949fe] 요청 수신
25-08-15 15:38:10.882 [Test worker] WARN  c.c.d.e.g.GlobalExceptionHandler - 유저 오류: ErrorResponse[timestamp=2025-08-15T06:38:10.877827700Z, code=USER_NOT_FOUND, message=유저를 찾을 수 없습니다., details=null, exceptionType=UserNotFoundException, status=404]
25-08-15 15:38:33.766 [background-preinit] INFO  o.h.validator.internal.util.Version - HV000001: Hibernate Validator 8.0.2.Final
25-08-15 15:38:33.812 [Test worker] INFO  c.c.d.s.UserControllerTest - Starting UserControllerTest using Java 17.0.15 with PID 9856 (started by chaos in C:\Users\chaos\SpringProject\Discodeit)
25-08-15 15:38:33.812 [Test worker] DEBUG c.c.d.s.UserControllerTest - Running with Spring Boot v3.5.3, Spring v6.2.8
25-08-15 15:38:33.813 [Test worker] INFO  c.c.d.s.UserControllerTest - The following 1 profile is active: "testcontroller"
25-08-15 15:38:35.116 [Test worker] INFO  o.s.b.a.w.s.WelcomePageHandlerMappin - Adding welcome page: class path resource [static/index.html]
25-08-15 15:38:35.374 [Test worker] WARN  o.s.b.a.t.ThymeleafAutoConfiguration - Cannot find template location: classpath:/templates/ (please add some templates, check your Thymeleaf configuration, or set spring.thymeleaf.check-template-location=false)
25-08-15 15:38:35.424 [Test worker] INFO  o.s.b.t.m.w.SpringBootMockServletCon - Initializing Spring TestDispatcherServlet ''
25-08-15 15:38:35.424 [Test worker] INFO  o.s.t.w.s.TestDispatcherServlet - Initializing Servlet ''
25-08-15 15:38:35.425 [Test worker] INFO  o.s.t.w.s.TestDispatcherServlet - Completed initialization in 1 ms
25-08-15 15:38:35.451 [Test worker] INFO  c.c.d.s.UserControllerTest - Started UserControllerTest in 2.072 seconds (process running for 2.966)
25-08-15 15:38:35.703 [Test worker] WARN  c.c.d.e.g.GlobalExceptionHandler - 필드 검증 오류: ErrorResponse[timestamp=2025-08-15T06:38:35.703575700Z, code=FILED_VALIDATION_ERROR, message=검증이 필요한 필드가 검증에 실패했습니다., details={fieldErrors={newUsername=size must be between 4 and 14, newPassword=size must be between 4 and 14, newEmail=size must be between 10 and 30}}, exceptionType=MethodArgumentNotValidException, status=400]
25-08-15 15:38:35.829 [Test worker] INFO  c.c.d.controller.UserController - [POST /api/users] 요청 수신 - userCreateRequest=com.codeit.discodeit.dto.user_service_dto.UserCreateRequest@1885dc2b, profileFileName=없음, profileSize=0
25-08-15 15:38:35.833 [Test worker] INFO  c.c.d.controller.UserController - [POST /api/users] 생성 완료 - createdUserId=a339ec3e-4609-40d1-aae5-65ea44c2e958
25-08-15 15:38:35.848 [Test worker] WARN  c.c.d.e.g.GlobalExceptionHandler - 필드 검증 오류: ErrorResponse[timestamp=2025-08-15T06:38:35.848574800Z, code=FILED_VALIDATION_ERROR, message=검증이 필요한 필드가 검증에 실패했습니다., details={fieldErrors={password=size must be between 4 and 14, email=size must be between 10 and 30, username=size must be between 4 and 14}}, exceptionType=MethodArgumentNotValidException, status=400]
25-08-15 15:38:35.863 [Test worker] INFO  c.c.d.controller.UserController - [DELETE /api/users/c34ef559-52e1-4498-98ab-3c20ac67d832] 요청 수신
25-08-15 15:38:35.863 [Test worker] INFO  c.c.d.controller.UserController - [DELETE /api/users/c34ef559-52e1-4498-98ab-3c20ac67d832] 삭제 완료
25-08-15 15:38:35.871 [Test worker] INFO  c.c.d.controller.UserController - [DELETE /api/users/592410a0-0c0e-483e-bc71-ed3fab25df5c] 요청 수신
25-08-15 15:38:35.872 [Test worker] WARN  c.c.d.e.g.GlobalExceptionHandler - 유저 오류: ErrorResponse[timestamp=2025-08-15T06:38:35.868574500Z, code=USER_NOT_FOUND, message=유저를 찾을 수 없습니다., details=null, exceptionType=UserNotFoundException, status=404]
25-08-15 15:40:06.455 [background-preinit] INFO  o.h.validator.internal.util.Version - HV000001: Hibernate Validator 8.0.2.Final
25-08-15 15:40:06.497 [Test worker] INFO  c.c.d.s.UserControllerTest - Starting UserControllerTest using Java 17.0.15 with PID 34436 (started by chaos in C:\Users\chaos\SpringProject\Discodeit)
25-08-15 15:40:06.497 [Test worker] DEBUG c.c.d.s.UserControllerTest - Running with Spring Boot v3.5.3, Spring v6.2.8
25-08-15 15:40:06.498 [Test worker] INFO  c.c.d.s.UserControllerTest - The following 1 profile is active: "testcontroller"
25-08-15 15:40:07.769 [Test worker] INFO  o.s.b.a.w.s.WelcomePageHandlerMappin - Adding welcome page: class path resource [static/index.html]
25-08-15 15:40:08.018 [Test worker] WARN  o.s.b.a.t.ThymeleafAutoConfiguration - Cannot find template location: classpath:/templates/ (please add some templates, check your Thymeleaf configuration, or set spring.thymeleaf.check-template-location=false)
25-08-15 15:40:08.066 [Test worker] INFO  o.s.b.t.m.w.SpringBootMockServletCon - Initializing Spring TestDispatcherServlet ''
25-08-15 15:40:08.067 [Test worker] INFO  o.s.t.w.s.TestDispatcherServlet - Initializing Servlet ''
25-08-15 15:40:08.068 [Test worker] INFO  o.s.t.w.s.TestDispatcherServlet - Completed initialization in 1 ms
25-08-15 15:40:08.094 [Test worker] INFO  c.c.d.s.UserControllerTest - Started UserControllerTest in 1.994 seconds (process running for 2.947)
25-08-15 15:40:08.292 [Test worker] WARN  c.c.d.e.g.GlobalExceptionHandler - 필드 검증 오류: ErrorResponse[timestamp=2025-08-15T06:40:08.292271600Z, code=FILED_VALIDATION_ERROR, message=검증이 필요한 필드가 검증에 실패했습니다., details={fieldErrors={newUsername=size must be between 4 and 14, newPassword=size must be between 4 and 14, newEmail=size must be between 10 and 30}}, exceptionType=MethodArgumentNotValidException, status=400]
25-08-15 15:40:08.408 [Test worker] INFO  c.c.d.controller.UserController - [POST /api/users] 요청 수신 - userCreateRequest=com.codeit.discodeit.dto.user_service_dto.UserCreateRequest@1885dc2b, profileFileName=없음, profileSize=0
25-08-15 15:40:08.411 [Test worker] INFO  c.c.d.controller.UserController - [POST /api/users] 생성 완료 - createdUserId=21b99ad7-6693-42ab-a6b1-da937af01041
25-08-15 15:40:08.425 [Test worker] WARN  c.c.d.e.g.GlobalExceptionHandler - 필드 검증 오류: ErrorResponse[timestamp=2025-08-15T06:40:08.425271100Z, code=FILED_VALIDATION_ERROR, message=검증이 필요한 필드가 검증에 실패했습니다., details={fieldErrors={password=size must be between 4 and 14, email=size must be between 10 and 30, username=size must be between 4 and 14}}, exceptionType=MethodArgumentNotValidException, status=400]
25-08-15 15:40:08.431 [Test worker] INFO  c.c.d.controller.UserController - [DELETE /api/users/c5bda734-88ed-4c6f-ac45-95e5a487bd32] 요청 수신
25-08-15 15:40:08.432 [Test worker] INFO  c.c.d.controller.UserController - [DELETE /api/users/c5bda734-88ed-4c6f-ac45-95e5a487bd32] 삭제 완료
25-08-15 15:40:08.442 [Test worker] INFO  c.c.d.controller.UserController - [DELETE /api/users/f7dbd8fd-c0c3-4794-88a2-05f8041d1687] 요청 수신
25-08-15 15:40:08.444 [Test worker] WARN  c.c.d.e.g.GlobalExceptionHandler - 유저 오류: ErrorResponse[timestamp=2025-08-15T06:40:08.440271500Z, code=USER_NOT_FOUND, message=유저를 찾을 수 없습니다., details=null, exceptionType=UserNotFoundException, status=404]
25-08-15 15:40:44.674 [background-preinit] INFO  o.h.validator.internal.util.Version - HV000001: Hibernate Validator 8.0.2.Final
25-08-15 15:40:44.713 [Test worker] INFO  c.c.d.s.UserControllerTest - Starting UserControllerTest using Java 17.0.15 with PID 26092 (started by chaos in C:\Users\chaos\SpringProject\Discodeit)
25-08-15 15:40:44.714 [Test worker] DEBUG c.c.d.s.UserControllerTest - Running with Spring Boot v3.5.3, Spring v6.2.8
25-08-15 15:40:44.714 [Test worker] INFO  c.c.d.s.UserControllerTest - The following 1 profile is active: "testcontroller"
25-08-15 15:40:46.006 [Test worker] INFO  o.s.b.a.w.s.WelcomePageHandlerMappin - Adding welcome page: class path resource [static/index.html]
25-08-15 15:40:46.256 [Test worker] WARN  o.s.b.a.t.ThymeleafAutoConfiguration - Cannot find template location: classpath:/templates/ (please add some templates, check your Thymeleaf configuration, or set spring.thymeleaf.check-template-location=false)
25-08-15 15:40:46.303 [Test worker] INFO  o.s.b.t.m.w.SpringBootMockServletCon - Initializing Spring TestDispatcherServlet ''
25-08-15 15:40:46.304 [Test worker] INFO  o.s.t.w.s.TestDispatcherServlet - Initializing Servlet ''
25-08-15 15:40:46.305 [Test worker] INFO  o.s.t.w.s.TestDispatcherServlet - Completed initialization in 1 ms
25-08-15 15:40:46.331 [Test worker] INFO  c.c.d.s.UserControllerTest - Started UserControllerTest in 2.01 seconds (process running for 2.88)
25-08-15 15:40:46.650 [Test worker] WARN  c.c.d.e.g.GlobalExceptionHandler - 필드 검증 오류: ErrorResponse[timestamp=2025-08-15T06:40:46.650614700Z, code=FILED_VALIDATION_ERROR, message=검증이 필요한 필드가 검증에 실패했습니다., details={fieldErrors={newPassword=size must be between 4 and 14}}, exceptionType=MethodArgumentNotValidException, status=400]
25-08-15 15:40:46.714 [Test worker] WARN  c.c.d.e.g.GlobalExceptionHandler - 필드 검증 오류: ErrorResponse[timestamp=2025-08-15T06:40:46.714615200Z, code=FILED_VALIDATION_ERROR, message=검증이 필요한 필드가 검증에 실패했습니다., details={fieldErrors={newUsername=size must be between 4 and 14, newPassword=size must be between 4 and 14, newEmail=size must be between 10 and 30}}, exceptionType=MethodArgumentNotValidException, status=400]
25-08-15 15:40:46.762 [Test worker] INFO  c.c.d.controller.UserController - [POST /api/users] 요청 수신 - userCreateRequest=com.codeit.discodeit.dto.user_service_dto.UserCreateRequest@1da32baf, profileFileName=없음, profileSize=0
25-08-15 15:40:46.766 [Test worker] INFO  c.c.d.controller.UserController - [POST /api/users] 생성 완료 - createdUserId=6fbfbd83-425d-4d1a-8c10-279244cc8b38
25-08-15 15:40:46.778 [Test worker] WARN  c.c.d.e.g.GlobalExceptionHandler - 필드 검증 오류: ErrorResponse[timestamp=2025-08-15T06:40:46.778616600Z, code=FILED_VALIDATION_ERROR, message=검증이 필요한 필드가 검증에 실패했습니다., details={fieldErrors={password=size must be between 4 and 14, email=size must be between 10 and 30, username=size must be between 4 and 14}}, exceptionType=MethodArgumentNotValidException, status=400]
25-08-15 15:40:46.783 [Test worker] INFO  c.c.d.controller.UserController - [DELETE /api/users/f4071322-5ec3-416f-bf70-5c2454ac573b] 요청 수신
25-08-15 15:40:46.784 [Test worker] INFO  c.c.d.controller.UserController - [DELETE /api/users/f4071322-5ec3-416f-bf70-5c2454ac573b] 삭제 완료
25-08-15 15:40:46.791 [Test worker] INFO  c.c.d.controller.UserController - [DELETE /api/users/677fbbcc-b399-4b4b-827f-88aef79f22af] 요청 수신
25-08-15 15:40:46.793 [Test worker] WARN  c.c.d.e.g.GlobalExceptionHandler - 유저 오류: ErrorResponse[timestamp=2025-08-15T06:40:46.789616700Z, code=USER_NOT_FOUND, message=유저를 찾을 수 없습니다., details=null, exceptionType=UserNotFoundException, status=404]
25-08-15 15:42:54.493 [background-preinit] INFO  o.h.validator.internal.util.Version - HV000001: Hibernate Validator 8.0.2.Final
25-08-15 15:42:54.533 [Test worker] INFO  c.c.d.s.UserControllerTest - Starting UserControllerTest using Java 17.0.15 with PID 9916 (started by chaos in C:\Users\chaos\SpringProject\Discodeit)
25-08-15 15:42:54.533 [Test worker] DEBUG c.c.d.s.UserControllerTest - Running with Spring Boot v3.5.3, Spring v6.2.8
25-08-15 15:42:54.534 [Test worker] INFO  c.c.d.s.UserControllerTest - The following 1 profile is active: "testcontroller"
25-08-15 15:42:55.805 [Test worker] INFO  o.s.b.a.w.s.WelcomePageHandlerMappin - Adding welcome page: class path resource [static/index.html]
25-08-15 15:42:56.053 [Test worker] WARN  o.s.b.a.t.ThymeleafAutoConfiguration - Cannot find template location: classpath:/templates/ (please add some templates, check your Thymeleaf configuration, or set spring.thymeleaf.check-template-location=false)
25-08-15 15:42:56.098 [Test worker] INFO  o.s.b.t.m.w.SpringBootMockServletCon - Initializing Spring TestDispatcherServlet ''
25-08-15 15:42:56.099 [Test worker] INFO  o.s.t.w.s.TestDispatcherServlet - Initializing Servlet ''
25-08-15 15:42:56.100 [Test worker] INFO  o.s.t.w.s.TestDispatcherServlet - Completed initialization in 1 ms
25-08-15 15:42:56.125 [Test worker] INFO  c.c.d.s.UserControllerTest - Started UserControllerTest in 1.996 seconds (process running for 2.875)
25-08-15 15:42:56.325 [Test worker] INFO  c.c.d.controller.UserController - [PATCH /api/users/9d91c9d2-69be-4fa6-874b-a7d73452ea5d] 요청 수신 - userUpdateRequest=com.codeit.discodeit.dto.user_service_dto.UserUpdateRequest@1f293cb7, profileFileName=profile.jpg, profileSize=11
25-08-15 15:42:56.329 [Test worker] INFO  c.c.d.controller.UserController - [PATCH /api/users/9d91c9d2-69be-4fa6-874b-a7d73452ea5d] 수정 완료
25-08-15 15:42:56.426 [Test worker] WARN  c.c.d.e.g.GlobalExceptionHandler - 필드 검증 오류: ErrorResponse[timestamp=2025-08-15T06:42:56.426171Z, code=FILED_VALIDATION_ERROR, message=검증이 필요한 필드가 검증에 실패했습니다., details={fieldErrors={newUsername=size must be between 4 and 14, newPassword=size must be between 4 and 14, newEmail=size must be between 10 and 30}}, exceptionType=MethodArgumentNotValidException, status=400]
25-08-15 15:42:56.459 [Test worker] INFO  c.c.d.controller.UserController - [POST /api/users] 요청 수신 - userCreateRequest=com.codeit.discodeit.dto.user_service_dto.UserCreateRequest@3ad558bf, profileFileName=없음, profileSize=0
25-08-15 15:42:56.460 [Test worker] INFO  c.c.d.controller.UserController - [POST /api/users] 생성 완료 - createdUserId=d2b07303-61e3-4ee4-9080-bdad156943b8
25-08-15 15:42:56.466 [Test worker] WARN  c.c.d.e.g.GlobalExceptionHandler - 필드 검증 오류: ErrorResponse[timestamp=2025-08-15T06:42:56.466171100Z, code=FILED_VALIDATION_ERROR, message=검증이 필요한 필드가 검증에 실패했습니다., details={fieldErrors={password=size must be between 4 and 14, email=size must be between 10 and 30, username=size must be between 4 and 14}}, exceptionType=MethodArgumentNotValidException, status=400]
25-08-15 15:42:56.473 [Test worker] INFO  c.c.d.controller.UserController - [DELETE /api/users/8a4e67bb-828e-47aa-ac12-6b95028e6875] 요청 수신
25-08-15 15:42:56.473 [Test worker] INFO  c.c.d.controller.UserController - [DELETE /api/users/8a4e67bb-828e-47aa-ac12-6b95028e6875] 삭제 완료
25-08-15 15:42:56.481 [Test worker] INFO  c.c.d.controller.UserController - [DELETE /api/users/30d9d4e9-a4be-4ac2-8ae7-2aedbe79cbc4] 요청 수신
25-08-15 15:42:56.483 [Test worker] WARN  c.c.d.e.g.GlobalExceptionHandler - 유저 오류: ErrorResponse[timestamp=2025-08-15T06:42:56.479172800Z, code=USER_NOT_FOUND, message=유저를 찾을 수 없습니다., details=null, exceptionType=UserNotFoundException, status=404]
25-08-15 16:02:23.438 [background-preinit] INFO  o.h.validator.internal.util.Version - HV000001: Hibernate Validator 8.0.2.Final
25-08-15 16:02:23.497 [Test worker] INFO  c.c.d.s.ChannelControllerTest - Starting ChannelControllerTest using Java 17.0.15 with PID 22932 (started by chaos in C:\Users\chaos\SpringProject\Discodeit)
25-08-15 16:02:23.497 [Test worker] DEBUG c.c.d.s.ChannelControllerTest - Running with Spring Boot v3.5.3, Spring v6.2.8
25-08-15 16:02:23.498 [Test worker] INFO  c.c.d.s.ChannelControllerTest - The following 1 profile is active: "testcontroller"
25-08-15 16:02:25.233 [Test worker] INFO  o.s.b.a.w.s.WelcomePageHandlerMappin - Adding welcome page: class path resource [static/index.html]
25-08-15 16:02:25.586 [Test worker] WARN  o.s.b.a.t.ThymeleafAutoConfiguration - Cannot find template location: classpath:/templates/ (please add some templates, check your Thymeleaf configuration, or set spring.thymeleaf.check-template-location=false)
25-08-15 16:02:25.664 [Test worker] INFO  o.s.b.t.m.w.SpringBootMockServletCon - Initializing Spring TestDispatcherServlet ''
25-08-15 16:02:25.665 [Test worker] INFO  o.s.t.w.s.TestDispatcherServlet - Initializing Servlet ''
25-08-15 16:02:25.666 [Test worker] INFO  o.s.t.w.s.TestDispatcherServlet - Completed initialization in 1 ms
25-08-15 16:02:25.708 [Test worker] INFO  c.c.d.s.ChannelControllerTest - Started ChannelControllerTest in 2.718 seconds (process running for 3.843)
25-08-15 16:02:25.948 [Test worker] INFO  c.c.d.controller.ChannelController - [POST /api/channels/public] 요청 수신: com.codeit.discodeit.dto.channel_service_dto.CreatePublicChannelRequestDto@1feb76b9
25-08-15 16:02:25.951 [Test worker] INFO  c.c.d.controller.ChannelController - [POST /api/channels/public] 생성 완료: channelId=null
25-08-15 16:02:50.669 [background-preinit] INFO  o.h.validator.internal.util.Version - HV000001: Hibernate Validator 8.0.2.Final
25-08-15 16:02:50.717 [Test worker] INFO  c.c.d.s.ChannelControllerTest - Starting ChannelControllerTest using Java 17.0.15 with PID 36464 (started by chaos in C:\Users\chaos\SpringProject\Discodeit)
25-08-15 16:02:50.717 [Test worker] DEBUG c.c.d.s.ChannelControllerTest - Running with Spring Boot v3.5.3, Spring v6.2.8
25-08-15 16:02:50.718 [Test worker] INFO  c.c.d.s.ChannelControllerTest - The following 1 profile is active: "testcontroller"
25-08-15 16:02:52.341 [Test worker] INFO  o.s.b.a.w.s.WelcomePageHandlerMappin - Adding welcome page: class path resource [static/index.html]
25-08-15 16:02:52.667 [Test worker] WARN  o.s.b.a.t.ThymeleafAutoConfiguration - Cannot find template location: classpath:/templates/ (please add some templates, check your Thymeleaf configuration, or set spring.thymeleaf.check-template-location=false)
25-08-15 16:02:52.729 [Test worker] INFO  o.s.b.t.m.w.SpringBootMockServletCon - Initializing Spring TestDispatcherServlet ''
25-08-15 16:02:52.730 [Test worker] INFO  o.s.t.w.s.TestDispatcherServlet - Initializing Servlet ''
25-08-15 16:02:52.731 [Test worker] INFO  o.s.t.w.s.TestDispatcherServlet - Completed initialization in 1 ms
25-08-15 16:02:52.766 [Test worker] INFO  c.c.d.s.ChannelControllerTest - Started ChannelControllerTest in 2.536 seconds (process running for 3.655)
25-08-15 16:02:53.004 [Test worker] INFO  c.c.d.controller.ChannelController - [POST /api/channels/public] 요청 수신: com.codeit.discodeit.dto.channel_service_dto.CreatePublicChannelRequestDto@1feb76b9
25-08-15 16:02:53.010 [Test worker] INFO  c.c.d.controller.ChannelController - [POST /api/channels/public] 생성 완료: channelId=76e6fa42-79cd-41cb-8d69-db4258949742
25-08-15 16:05:11.125 [background-preinit] INFO  o.h.validator.internal.util.Version - HV000001: Hibernate Validator 8.0.2.Final
25-08-15 16:05:11.192 [Test worker] INFO  c.c.d.s.ChannelControllerTest - Starting ChannelControllerTest using Java 17.0.15 with PID 29736 (started by chaos in C:\Users\chaos\SpringProject\Discodeit)
25-08-15 16:05:11.194 [Test worker] DEBUG c.c.d.s.ChannelControllerTest - Running with Spring Boot v3.5.3, Spring v6.2.8
25-08-15 16:05:11.194 [Test worker] INFO  c.c.d.s.ChannelControllerTest - The following 1 profile is active: "testcontroller"
25-08-15 16:05:13.068 [Test worker] INFO  o.s.b.a.w.s.WelcomePageHandlerMappin - Adding welcome page: class path resource [static/index.html]
25-08-15 16:05:13.455 [Test worker] WARN  o.s.b.a.t.ThymeleafAutoConfiguration - Cannot find template location: classpath:/templates/ (please add some templates, check your Thymeleaf configuration, or set spring.thymeleaf.check-template-location=false)
25-08-15 16:05:13.522 [Test worker] INFO  o.s.b.t.m.w.SpringBootMockServletCon - Initializing Spring TestDispatcherServlet ''
25-08-15 16:05:13.523 [Test worker] INFO  o.s.t.w.s.TestDispatcherServlet - Initializing Servlet ''
25-08-15 16:05:13.524 [Test worker] INFO  o.s.t.w.s.TestDispatcherServlet - Completed initialization in 1 ms
25-08-15 16:05:13.569 [Test worker] INFO  c.c.d.s.ChannelControllerTest - Started ChannelControllerTest in 3.034 seconds (process running for 4.302)
25-08-15 16:05:13.816 [Test worker] INFO  c.c.d.controller.ChannelController - [POST /api/channels/public] 요청 수신: com.codeit.discodeit.dto.channel_service_dto.CreatePublicChannelRequestDto@38394dc3
25-08-15 16:05:13.820 [Test worker] INFO  c.c.d.controller.ChannelController - [POST /api/channels/public] 생성 완료: channelId=516dcae7-f25d-4095-9d31-3396ad2695d4
25-08-15 16:05:13.912 [Test worker] INFO  c.c.d.controller.ChannelController - [POST /api/channels/public] 요청 수신: com.codeit.discodeit.dto.channel_service_dto.CreatePublicChannelRequestDto@341964d0
25-08-15 16:05:13.917 [Test worker] WARN  c.c.d.e.g.GlobalExceptionHandler - 채널 오류: ErrorResponse[timestamp=2025-08-15T07:05:13.906874100Z, code=CHANNEL_NAME_DUPLICATE, message=채널을 이름 중복 입니다., details=null, exceptionType=ChannelNameDuplicateException, status=400]
25-08-15 16:55:48.352 [background-preinit] INFO  o.h.validator.internal.util.Version - HV000001: Hibernate Validator 8.0.2.Final
25-08-15 16:55:48.393 [Test worker] INFO  c.c.d.s.ChannelControllerTest - Starting ChannelControllerTest using Java 17.0.15 with PID 22836 (started by chaos in C:\Users\chaos\SpringProject\Discodeit)
25-08-15 16:55:48.393 [Test worker] DEBUG c.c.d.s.ChannelControllerTest - Running with Spring Boot v3.5.3, Spring v6.2.8
25-08-15 16:55:48.394 [Test worker] INFO  c.c.d.s.ChannelControllerTest - The following 1 profile is active: "testcontroller"
25-08-15 16:55:50.075 [Test worker] INFO  o.s.b.a.w.s.WelcomePageHandlerMappin - Adding welcome page: class path resource [static/index.html]
25-08-15 16:55:50.323 [Test worker] WARN  o.s.b.a.t.ThymeleafAutoConfiguration - Cannot find template location: classpath:/templates/ (please add some templates, check your Thymeleaf configuration, or set spring.thymeleaf.check-template-location=false)
25-08-15 16:55:50.370 [Test worker] INFO  o.s.b.t.m.w.SpringBootMockServletCon - Initializing Spring TestDispatcherServlet ''
25-08-15 16:55:50.371 [Test worker] INFO  o.s.t.w.s.TestDispatcherServlet - Initializing Servlet ''
25-08-15 16:55:50.372 [Test worker] INFO  o.s.t.w.s.TestDispatcherServlet - Completed initialization in 1 ms
25-08-15 16:55:50.399 [Test worker] INFO  c.c.d.s.ChannelControllerTest - Started ChannelControllerTest in 2.415 seconds (process running for 3.368)
25-08-15 16:55:50.577 [Test worker] INFO  c.c.d.controller.ChannelController - [POST /api/channels/public] 요청 수신: com.codeit.discodeit.dto.channel_service_dto.CreatePublicChannelRequestDto@32298473
25-08-15 16:55:50.580 [Test worker] INFO  c.c.d.controller.ChannelController - [POST /api/channels/public] 생성 완료: channelId=ae62c3af-e429-4a21-b3b2-e7d2f5dd6541
25-08-15 16:55:50.651 [Test worker] INFO  c.c.d.controller.ChannelController - [POST /api/channels/public] 요청 수신: com.codeit.discodeit.dto.channel_service_dto.CreatePublicChannelRequestDto@3de383f7
25-08-15 16:55:50.654 [Test worker] WARN  c.c.d.e.g.GlobalExceptionHandler - 채널 오류: ErrorResponse[timestamp=2025-08-15T07:55:50.647751300Z, code=CHANNEL_NAME_DUPLICATE, message=채널을 이름 중복 입니다., details=null, exceptionType=ChannelNameDuplicateException, status=400]
25-08-15 16:55:50.694 [Test worker] WARN  c.c.d.e.g.GlobalExceptionHandler - 필드 검증 오류: ErrorResponse[timestamp=2025-08-15T07:55:50.694751400Z, code=FILED_VALIDATION_ERROR, message=검증이 필요한 필드가 검증에 실패했습니다., details={fieldErrors={participantIds=must not be null}}, exceptionType=MethodArgumentNotValidException, status=400]
25-08-15 16:59:25.774 [background-preinit] INFO  o.h.validator.internal.util.Version - HV000001: Hibernate Validator 8.0.2.Final
25-08-15 16:59:25.810 [Test worker] INFO  c.c.d.s.ChannelControllerTest - Starting ChannelControllerTest using Java 17.0.15 with PID 8476 (started by chaos in C:\Users\chaos\SpringProject\Discodeit)
25-08-15 16:59:25.811 [Test worker] DEBUG c.c.d.s.ChannelControllerTest - Running with Spring Boot v3.5.3, Spring v6.2.8
25-08-15 16:59:25.811 [Test worker] INFO  c.c.d.s.ChannelControllerTest - The following 1 profile is active: "testcontroller"
25-08-15 16:59:27.045 [Test worker] INFO  o.s.b.a.w.s.WelcomePageHandlerMappin - Adding welcome page: class path resource [static/index.html]
25-08-15 16:59:27.285 [Test worker] WARN  o.s.b.a.t.ThymeleafAutoConfiguration - Cannot find template location: classpath:/templates/ (please add some templates, check your Thymeleaf configuration, or set spring.thymeleaf.check-template-location=false)
25-08-15 16:59:27.333 [Test worker] INFO  o.s.b.t.m.w.SpringBootMockServletCon - Initializing Spring TestDispatcherServlet ''
25-08-15 16:59:27.333 [Test worker] INFO  o.s.t.w.s.TestDispatcherServlet - Initializing Servlet ''
25-08-15 16:59:27.334 [Test worker] INFO  o.s.t.w.s.TestDispatcherServlet - Completed initialization in 1 ms
25-08-15 16:59:27.360 [Test worker] INFO  c.c.d.s.ChannelControllerTest - Started ChannelControllerTest in 1.936 seconds (process running for 2.906)
25-08-15 16:59:27.545 [Test worker] INFO  c.c.d.controller.ChannelController - [POST /api/channels/public] 요청 수신: com.codeit.discodeit.dto.channel_service_dto.CreatePublicChannelRequestDto@81dfdee
25-08-15 16:59:27.548 [Test worker] INFO  c.c.d.controller.ChannelController - [POST /api/channels/public] 생성 완료: channelId=f63f987e-34f3-437d-8f0a-4aa49cd79ec7
25-08-15 16:59:27.626 [Test worker] INFO  c.c.d.controller.ChannelController - [POST /api/channels/public] 요청 수신: com.codeit.discodeit.dto.channel_service_dto.CreatePublicChannelRequestDto@73dd0f23
25-08-15 16:59:27.630 [Test worker] WARN  c.c.d.e.g.GlobalExceptionHandler - 채널 오류: ErrorResponse[timestamp=2025-08-15T07:59:27.624226300Z, code=CHANNEL_NAME_DUPLICATE, message=채널을 이름 중복 입니다., details=null, exceptionType=ChannelNameDuplicateException, status=400]
25-08-15 16:59:27.660 [Test worker] INFO  c.c.d.controller.ChannelController - [POST /api/channels/private] 요청 수신: participantIds=[867dad28-991c-413c-93f6-0bf09aefab28, 3f65d83e-26c6-4589-9dd3-a283a644989d]
25-08-15 16:59:27.661 [Test worker] INFO  c.c.d.controller.ChannelController - [POST /api/channels/private] 생성 완료: channelId=23b52d58-1af7-413f-bdbd-e2bcd48cc5b8
25-08-15 17:00:40.230 [background-preinit] INFO  o.h.validator.internal.util.Version - HV000001: Hibernate Validator 8.0.2.Final
25-08-15 17:00:40.264 [Test worker] INFO  c.c.d.s.ChannelControllerTest - Starting ChannelControllerTest using Java 17.0.15 with PID 22548 (started by chaos in C:\Users\chaos\SpringProject\Discodeit)
25-08-15 17:00:40.264 [Test worker] DEBUG c.c.d.s.ChannelControllerTest - Running with Spring Boot v3.5.3, Spring v6.2.8
25-08-15 17:00:40.265 [Test worker] INFO  c.c.d.s.ChannelControllerTest - The following 1 profile is active: "testcontroller"
25-08-15 17:00:41.475 [Test worker] INFO  o.s.b.a.w.s.WelcomePageHandlerMappin - Adding welcome page: class path resource [static/index.html]
25-08-15 17:00:41.716 [Test worker] WARN  o.s.b.a.t.ThymeleafAutoConfiguration - Cannot find template location: classpath:/templates/ (please add some templates, check your Thymeleaf configuration, or set spring.thymeleaf.check-template-location=false)
25-08-15 17:00:41.763 [Test worker] INFO  o.s.b.t.m.w.SpringBootMockServletCon - Initializing Spring TestDispatcherServlet ''
25-08-15 17:00:41.763 [Test worker] INFO  o.s.t.w.s.TestDispatcherServlet - Initializing Servlet ''
25-08-15 17:00:41.764 [Test worker] INFO  o.s.t.w.s.TestDispatcherServlet - Completed initialization in 1 ms
25-08-15 17:00:41.789 [Test worker] INFO  c.c.d.s.ChannelControllerTest - Started ChannelControllerTest in 1.908 seconds (process running for 2.88)
25-08-15 17:00:42.022 [Test worker] INFO  c.c.d.controller.ChannelController - [POST /api/channels/public] 요청 수신: com.codeit.discodeit.dto.channel_service_dto.CreatePublicChannelRequestDto@5617168c
25-08-15 17:00:42.024 [Test worker] INFO  c.c.d.controller.ChannelController - [POST /api/channels/public] 생성 완료: channelId=5bc1b8ef-55a7-4f0b-aba0-f49b24a17399
25-08-15 17:00:42.069 [Test worker] INFO  c.c.d.controller.ChannelController - [POST /api/channels/public] 요청 수신: com.codeit.discodeit.dto.channel_service_dto.CreatePublicChannelRequestDto@4f9980e1
25-08-15 17:00:42.071 [Test worker] WARN  c.c.d.e.g.GlobalExceptionHandler - 채널 오류: ErrorResponse[timestamp=2025-08-15T08:00:42.066993800Z, code=CHANNEL_NAME_DUPLICATE, message=채널을 이름 중복 입니다., details=null, exceptionType=ChannelNameDuplicateException, status=400]
25-08-15 17:00:42.093 [Test worker] INFO  c.c.d.controller.ChannelController - [POST /api/channels/private] 요청 수신: participantIds=[ee1c9269-3c8b-47e1-b73d-0427ac6dbaf0, ff92e139-436a-47cd-9e42-5bbe9d4e52f6]
25-08-15 17:00:42.093 [Test worker] INFO  c.c.d.controller.ChannelController - [POST /api/channels/private] 생성 완료: channelId=20d059ce-1d12-4860-9caf-d7aad3217fdb
25-08-15 17:02:02.733 [background-preinit] INFO  o.h.validator.internal.util.Version - HV000001: Hibernate Validator 8.0.2.Final
25-08-15 17:02:02.775 [Test worker] INFO  c.c.d.s.UserControllerTest - Starting UserControllerTest using Java 17.0.15 with PID 15684 (started by chaos in C:\Users\chaos\SpringProject\Discodeit)
25-08-15 17:02:02.776 [Test worker] DEBUG c.c.d.s.UserControllerTest - Running with Spring Boot v3.5.3, Spring v6.2.8
25-08-15 17:02:02.776 [Test worker] INFO  c.c.d.s.UserControllerTest - The following 1 profile is active: "testcontroller"
25-08-15 17:02:04.032 [Test worker] INFO  o.s.b.a.w.s.WelcomePageHandlerMappin - Adding welcome page: class path resource [static/index.html]
25-08-15 17:02:04.277 [Test worker] WARN  o.s.b.a.t.ThymeleafAutoConfiguration - Cannot find template location: classpath:/templates/ (please add some templates, check your Thymeleaf configuration, or set spring.thymeleaf.check-template-location=false)
25-08-15 17:02:04.324 [Test worker] INFO  o.s.b.t.m.w.SpringBootMockServletCon - Initializing Spring TestDispatcherServlet ''
25-08-15 17:02:04.324 [Test worker] INFO  o.s.t.w.s.TestDispatcherServlet - Initializing Servlet ''
25-08-15 17:02:04.325 [Test worker] INFO  o.s.t.w.s.TestDispatcherServlet - Completed initialization in 1 ms
25-08-15 17:02:04.349 [Test worker] INFO  c.c.d.s.UserControllerTest - Started UserControllerTest in 1.974 seconds (process running for 2.859)
25-08-15 17:02:04.542 [Test worker] INFO  c.c.d.controller.UserController - [PATCH /api/users/e56b2a43-ef2f-404a-a13c-75bc24f2ba3d] 요청 수신 - userUpdateRequest=com.codeit.discodeit.dto.user_service_dto.UserUpdateRequest@df432ec, profileFileName=profile.jpg, profileSize=11
25-08-15 17:02:04.546 [Test worker] INFO  c.c.d.controller.UserController - [PATCH /api/users/e56b2a43-ef2f-404a-a13c-75bc24f2ba3d] 수정 완료
25-08-15 17:02:04.649 [Test worker] WARN  c.c.d.e.g.GlobalExceptionHandler - 필드 검증 오류: ErrorResponse[timestamp=2025-08-15T08:02:04.649034300Z, code=FAILED_VALIDATION_ERROR, message=검증이 필요한 필드가 검증에 실패했습니다., details={fieldErrors={newUsername=size must be between 4 and 14, newPassword=size must be between 4 and 14, newEmail=size must be between 10 and 30}}, exceptionType=MethodArgumentNotValidException, status=400]
25-08-15 17:02:04.708 [Test worker] INFO  c.c.d.controller.UserController - [POST /api/users] 요청 수신 - userCreateRequest=com.codeit.discodeit.dto.user_service_dto.UserCreateRequest@1d3546f9, profileFileName=없음, profileSize=0
25-08-15 17:02:04.709 [Test worker] INFO  c.c.d.controller.UserController - [POST /api/users] 생성 완료 - createdUserId=03cd1392-3087-4c0e-981b-036d5984cf9a
25-08-15 17:02:04.718 [Test worker] WARN  c.c.d.e.g.GlobalExceptionHandler - 필드 검증 오류: ErrorResponse[timestamp=2025-08-15T08:02:04.718034200Z, code=FAILED_VALIDATION_ERROR, message=검증이 필요한 필드가 검증에 실패했습니다., details={fieldErrors={password=size must be between 4 and 14, email=size must be between 10 and 30, username=size must be between 4 and 14}}, exceptionType=MethodArgumentNotValidException, status=400]
25-08-15 17:02:04.727 [Test worker] INFO  c.c.d.controller.UserController - [DELETE /api/users/befa78f8-63d5-4ee6-a42e-0348ff9beaac] 요청 수신
25-08-15 17:02:04.727 [Test worker] INFO  c.c.d.controller.UserController - [DELETE /api/users/befa78f8-63d5-4ee6-a42e-0348ff9beaac] 삭제 완료
25-08-15 17:02:04.736 [Test worker] INFO  c.c.d.controller.UserController - [DELETE /api/users/2c6adab7-38fd-440d-8bab-1cd14418ad4e] 요청 수신
25-08-15 17:02:04.739 [Test worker] WARN  c.c.d.e.g.GlobalExceptionHandler - 유저 오류: ErrorResponse[timestamp=2025-08-15T08:02:04.733034400Z, code=USER_NOT_FOUND, message=유저를 찾을 수 없습니다., details=null, exceptionType=UserNotFoundException, status=404]
25-08-15 17:02:12.500 [background-preinit] INFO  o.h.validator.internal.util.Version - HV000001: Hibernate Validator 8.0.2.Final
25-08-15 17:02:12.535 [Test worker] INFO  c.c.d.s.ChannelControllerTest - Starting ChannelControllerTest using Java 17.0.15 with PID 2548 (started by chaos in C:\Users\chaos\SpringProject\Discodeit)
25-08-15 17:02:12.535 [Test worker] DEBUG c.c.d.s.ChannelControllerTest - Running with Spring Boot v3.5.3, Spring v6.2.8
25-08-15 17:02:12.536 [Test worker] INFO  c.c.d.s.ChannelControllerTest - The following 1 profile is active: "testcontroller"
25-08-15 17:02:13.748 [Test worker] INFO  o.s.b.a.w.s.WelcomePageHandlerMappin - Adding welcome page: class path resource [static/index.html]
25-08-15 17:02:13.982 [Test worker] WARN  o.s.b.a.t.ThymeleafAutoConfiguration - Cannot find template location: classpath:/templates/ (please add some templates, check your Thymeleaf configuration, or set spring.thymeleaf.check-template-location=false)
25-08-15 17:02:14.028 [Test worker] INFO  o.s.b.t.m.w.SpringBootMockServletCon - Initializing Spring TestDispatcherServlet ''
25-08-15 17:02:14.029 [Test worker] INFO  o.s.t.w.s.TestDispatcherServlet - Initializing Servlet ''
25-08-15 17:02:14.030 [Test worker] INFO  o.s.t.w.s.TestDispatcherServlet - Completed initialization in 1 ms
25-08-15 17:02:14.055 [Test worker] INFO  c.c.d.s.ChannelControllerTest - Started ChannelControllerTest in 1.905 seconds (process running for 2.888)
25-08-15 17:02:14.275 [Test worker] INFO  c.c.d.controller.ChannelController - [POST /api/channels/public] 요청 수신: com.codeit.discodeit.dto.channel_service_dto.CreatePublicChannelRequestDto@5617168c
25-08-15 17:02:14.278 [Test worker] INFO  c.c.d.controller.ChannelController - [POST /api/channels/public] 생성 완료: channelId=ee231032-f00d-4a21-96df-005acbe1f878
25-08-15 17:02:14.323 [Test worker] INFO  c.c.d.controller.ChannelController - [POST /api/channels/public] 요청 수신: com.codeit.discodeit.dto.channel_service_dto.CreatePublicChannelRequestDto@4f9980e1
25-08-15 17:02:14.325 [Test worker] WARN  c.c.d.e.g.GlobalExceptionHandler - 채널 오류: ErrorResponse[timestamp=2025-08-15T08:02:14.319791200Z, code=CHANNEL_NAME_DUPLICATE, message=채널을 이름 중복 입니다., details=null, exceptionType=ChannelNameDuplicateException, status=400]
25-08-15 17:02:14.346 [Test worker] INFO  c.c.d.controller.ChannelController - [POST /api/channels/private] 요청 수신: participantIds=[9f66745d-7364-4936-83b3-3238e97108ce, 00592f29-b38b-4bee-b156-262c4bf4c408]
25-08-15 17:02:14.346 [Test worker] INFO  c.c.d.controller.ChannelController - [POST /api/channels/private] 생성 완료: channelId=0f998106-056c-4327-97b3-864829a08577
25-08-15 17:02:21.168 [background-preinit] INFO  o.h.validator.internal.util.Version - HV000001: Hibernate Validator 8.0.2.Final
25-08-15 17:02:21.205 [Test worker] INFO  c.c.d.s.ChannelControllerTest - Starting ChannelControllerTest using Java 17.0.15 with PID 18428 (started by chaos in C:\Users\chaos\SpringProject\Discodeit)
25-08-15 17:02:21.206 [Test worker] DEBUG c.c.d.s.ChannelControllerTest - Running with Spring Boot v3.5.3, Spring v6.2.8
25-08-15 17:02:21.206 [Test worker] INFO  c.c.d.s.ChannelControllerTest - The following 1 profile is active: "testcontroller"
25-08-15 17:02:22.405 [Test worker] INFO  o.s.b.a.w.s.WelcomePageHandlerMappin - Adding welcome page: class path resource [static/index.html]
25-08-15 17:02:22.652 [Test worker] WARN  o.s.b.a.t.ThymeleafAutoConfiguration - Cannot find template location: classpath:/templates/ (please add some templates, check your Thymeleaf configuration, or set spring.thymeleaf.check-template-location=false)
25-08-15 17:02:22.697 [Test worker] INFO  o.s.b.t.m.w.SpringBootMockServletCon - Initializing Spring TestDispatcherServlet ''
25-08-15 17:02:22.698 [Test worker] INFO  o.s.t.w.s.TestDispatcherServlet - Initializing Servlet ''
25-08-15 17:02:22.699 [Test worker] INFO  o.s.t.w.s.TestDispatcherServlet - Completed initialization in 1 ms
25-08-15 17:02:22.725 [Test worker] INFO  c.c.d.s.ChannelControllerTest - Started ChannelControllerTest in 1.911 seconds (process running for 2.88)
25-08-15 17:02:22.956 [Test worker] INFO  c.c.d.controller.ChannelController - [POST /api/channels/public] 요청 수신: com.codeit.discodeit.dto.channel_service_dto.CreatePublicChannelRequestDto@13c81bc5
25-08-15 17:02:22.959 [Test worker] INFO  c.c.d.controller.ChannelController - [POST /api/channels/public] 생성 완료: channelId=0c7555d6-5a86-4cb9-bc3b-1e6c790a5da7
25-08-15 17:02:23.009 [Test worker] INFO  c.c.d.controller.ChannelController - [POST /api/channels/public] 요청 수신: com.codeit.discodeit.dto.channel_service_dto.CreatePublicChannelRequestDto@58a7ca42
25-08-15 17:02:23.011 [Test worker] WARN  c.c.d.e.g.GlobalExceptionHandler - 채널 오류: ErrorResponse[timestamp=2025-08-15T08:02:23.006948Z, code=CHANNEL_NAME_DUPLICATE, message=채널을 이름 중복 입니다., details=null, exceptionType=ChannelNameDuplicateException, status=400]
25-08-15 17:02:23.031 [Test worker] INFO  c.c.d.controller.ChannelController - [POST /api/channels/private] 요청 수신: participantIds=[a56dc651-4706-4fc1-8c48-2ee3e8b43321, 12a469ed-a6bf-42c4-9106-32c58ad62320]
25-08-15 17:02:23.032 [Test worker] INFO  c.c.d.controller.ChannelController - [POST /api/channels/private] 생성 완료: channelId=991d9472-5dc1-43bb-a9dd-0e2555fd1362
25-08-15 17:03:35.629 [background-preinit] INFO  o.h.validator.internal.util.Version - HV000001: Hibernate Validator 8.0.2.Final
25-08-15 17:03:35.665 [Test worker] INFO  c.c.d.s.ChannelControllerTest - Starting ChannelControllerTest using Java 17.0.15 with PID 10928 (started by chaos in C:\Users\chaos\SpringProject\Discodeit)
25-08-15 17:03:35.665 [Test worker] DEBUG c.c.d.s.ChannelControllerTest - Running with Spring Boot v3.5.3, Spring v6.2.8
25-08-15 17:03:35.666 [Test worker] INFO  c.c.d.s.ChannelControllerTest - The following 1 profile is active: "testcontroller"
25-08-15 17:03:36.855 [Test worker] INFO  o.s.b.a.w.s.WelcomePageHandlerMappin - Adding welcome page: class path resource [static/index.html]
25-08-15 17:03:37.095 [Test worker] WARN  o.s.b.a.t.ThymeleafAutoConfiguration - Cannot find template location: classpath:/templates/ (please add some templates, check your Thymeleaf configuration, or set spring.thymeleaf.check-template-location=false)
25-08-15 17:03:37.142 [Test worker] INFO  o.s.b.t.m.w.SpringBootMockServletCon - Initializing Spring TestDispatcherServlet ''
25-08-15 17:03:37.142 [Test worker] INFO  o.s.t.w.s.TestDispatcherServlet - Initializing Servlet ''
25-08-15 17:03:37.143 [Test worker] INFO  o.s.t.w.s.TestDispatcherServlet - Completed initialization in 1 ms
25-08-15 17:03:37.168 [Test worker] INFO  c.c.d.s.ChannelControllerTest - Started ChannelControllerTest in 1.884 seconds (process running for 2.839)
25-08-15 17:03:37.353 [Test worker] WARN  c.c.d.e.g.GlobalExceptionHandler - 필드 검증 오류: ErrorResponse[timestamp=2025-08-15T08:03:37.353204500Z, code=FAILED_VALIDATION_ERROR, message=검증이 필요한 필드가 검증에 실패했습니다., details={fieldErrors={participantIds=must not be null}}, exceptionType=MethodArgumentNotValidException, status=400]
25-08-15 17:03:37.453 [Test worker] INFO  c.c.d.controller.ChannelController - [POST /api/channels/public] 요청 수신: com.codeit.discodeit.dto.channel_service_dto.CreatePublicChannelRequestDto@31a4db4f
25-08-15 17:03:37.457 [Test worker] INFO  c.c.d.controller.ChannelController - [POST /api/channels/public] 생성 완료: channelId=4a168bd6-1739-4134-bf58-6b2b23c68f4d
25-08-15 17:03:37.474 [Test worker] INFO  c.c.d.controller.ChannelController - [POST /api/channels/public] 요청 수신: com.codeit.discodeit.dto.channel_service_dto.CreatePublicChannelRequestDto@7852ab30
25-08-15 17:03:37.476 [Test worker] WARN  c.c.d.e.g.GlobalExceptionHandler - 채널 오류: ErrorResponse[timestamp=2025-08-15T08:03:37.471205800Z, code=CHANNEL_NAME_DUPLICATE, message=채널을 이름 중복 입니다., details=null, exceptionType=ChannelNameDuplicateException, status=400]
25-08-15 17:03:37.484 [Test worker] INFO  c.c.d.controller.ChannelController - [POST /api/channels/private] 요청 수신: participantIds=[531fdb64-3274-4951-a1d7-5b770ced5e18, a2c833be-9fa4-4267-ae2d-cc61e9c63ddf]
25-08-15 17:03:37.485 [Test worker] INFO  c.c.d.controller.ChannelController - [POST /api/channels/private] 생성 완료: channelId=1859b46b-ad40-47dd-96ba-890076c0e196
25-08-15 17:05:40.079 [background-preinit] INFO  o.h.validator.internal.util.Version - HV000001: Hibernate Validator 8.0.2.Final
25-08-15 17:05:40.115 [Test worker] INFO  c.c.d.s.ChannelControllerTest - Starting ChannelControllerTest using Java 17.0.15 with PID 13784 (started by chaos in C:\Users\chaos\SpringProject\Discodeit)
25-08-15 17:05:40.116 [Test worker] DEBUG c.c.d.s.ChannelControllerTest - Running with Spring Boot v3.5.3, Spring v6.2.8
25-08-15 17:05:40.116 [Test worker] INFO  c.c.d.s.ChannelControllerTest - The following 1 profile is active: "testcontroller"
25-08-15 17:05:41.301 [Test worker] INFO  o.s.b.a.w.s.WelcomePageHandlerMappin - Adding welcome page: class path resource [static/index.html]
25-08-15 17:05:41.532 [Test worker] WARN  o.s.b.a.t.ThymeleafAutoConfiguration - Cannot find template location: classpath:/templates/ (please add some templates, check your Thymeleaf configuration, or set spring.thymeleaf.check-template-location=false)
25-08-15 17:05:41.576 [Test worker] INFO  o.s.b.t.m.w.SpringBootMockServletCon - Initializing Spring TestDispatcherServlet ''
25-08-15 17:05:41.576 [Test worker] INFO  o.s.t.w.s.TestDispatcherServlet - Initializing Servlet ''
25-08-15 17:05:41.577 [Test worker] INFO  o.s.t.w.s.TestDispatcherServlet - Completed initialization in 0 ms
25-08-15 17:05:41.602 [Test worker] INFO  c.c.d.s.ChannelControllerTest - Started ChannelControllerTest in 1.887 seconds (process running for 2.848)
25-08-15 17:05:41.790 [Test worker] WARN  c.c.d.e.g.GlobalExceptionHandler - 필드 검증 오류: ErrorResponse[timestamp=2025-08-15T08:05:41.790826800Z, code=FAILED_VALIDATION_ERROR, message=검증이 필요한 필드가 검증에 실패했습니다., details={fieldErrors={participantIds=must not be null}}, exceptionType=MethodArgumentNotValidException, status=400]
25-08-15 17:05:41.880 [Test worker] INFO  c.c.d.controller.ChannelController - [PATCH /api/channels/2d2231fe-6290-4315-8f77-4dde2d4a6a7e] 요청 수신: com.codeit.discodeit.dto.channel_service_dto.PublicChannelUpdateRequest@77ebc9e6
25-08-15 17:05:41.882 [Test worker] INFO  c.c.d.controller.ChannelController - [PATCH /api/channels/2d2231fe-6290-4315-8f77-4dde2d4a6a7e] 수정 완료
25-08-15 17:05:41.903 [Test worker] WARN  c.c.d.e.g.GlobalExceptionHandler - 필드 검증 오류: ErrorResponse[timestamp=2025-08-15T08:05:41.903827200Z, code=FAILED_VALIDATION_ERROR, message=검증이 필요한 필드가 검증에 실패했습니다., details={fieldErrors={newName=must not be empty}}, exceptionType=MethodArgumentNotValidException, status=400]
25-08-15 17:05:41.920 [Test worker] INFO  c.c.d.controller.ChannelController - [POST /api/channels/public] 요청 수신: com.codeit.discodeit.dto.channel_service_dto.CreatePublicChannelRequestDto@3da61af2
25-08-15 17:05:41.922 [Test worker] INFO  c.c.d.controller.ChannelController - [POST /api/channels/public] 생성 완료: channelId=a1c9360d-8c47-4379-894f-461ad1f44ce3
25-08-15 17:05:41.931 [Test worker] INFO  c.c.d.controller.ChannelController - [POST /api/channels/public] 요청 수신: com.codeit.discodeit.dto.channel_service_dto.CreatePublicChannelRequestDto@49338f3
25-08-15 17:05:41.933 [Test worker] WARN  c.c.d.e.g.GlobalExceptionHandler - 채널 오류: ErrorResponse[timestamp=2025-08-15T08:05:41.928827Z, code=CHANNEL_NAME_DUPLICATE, message=채널을 이름 중복 입니다., details=null, exceptionType=ChannelNameDuplicateException, status=400]
25-08-15 17:05:41.942 [Test worker] INFO  c.c.d.controller.ChannelController - [POST /api/channels/private] 요청 수신: participantIds=[4c34be0f-2c69-436b-8112-20d6793c14bd, c0a727dc-45e3-4669-adb6-f47cdecd17cc]
25-08-15 17:05:41.942 [Test worker] INFO  c.c.d.controller.ChannelController - [POST /api/channels/private] 생성 완료: channelId=c25bb36e-8dc1-4439-9a7c-a0fce38227bd
25-08-15 17:07:16.296 [background-preinit] INFO  o.h.validator.internal.util.Version - HV000001: Hibernate Validator 8.0.2.Final
25-08-15 17:07:16.332 [Test worker] INFO  c.c.d.s.ChannelControllerTest - Starting ChannelControllerTest using Java 17.0.15 with PID 30896 (started by chaos in C:\Users\chaos\SpringProject\Discodeit)
25-08-15 17:07:16.333 [Test worker] DEBUG c.c.d.s.ChannelControllerTest - Running with Spring Boot v3.5.3, Spring v6.2.8
25-08-15 17:07:16.333 [Test worker] INFO  c.c.d.s.ChannelControllerTest - The following 1 profile is active: "testcontroller"
25-08-15 17:07:17.661 [Test worker] INFO  o.s.b.a.w.s.WelcomePageHandlerMappin - Adding welcome page: class path resource [static/index.html]
25-08-15 17:07:17.976 [Test worker] WARN  o.s.b.a.t.ThymeleafAutoConfiguration - Cannot find template location: classpath:/templates/ (please add some templates, check your Thymeleaf configuration, or set spring.thymeleaf.check-template-location=false)
25-08-15 17:07:18.026 [Test worker] INFO  o.s.b.t.m.w.SpringBootMockServletCon - Initializing Spring TestDispatcherServlet ''
25-08-15 17:07:18.026 [Test worker] INFO  o.s.t.w.s.TestDispatcherServlet - Initializing Servlet ''
25-08-15 17:07:18.028 [Test worker] INFO  o.s.t.w.s.TestDispatcherServlet - Completed initialization in 0 ms
25-08-15 17:07:18.053 [Test worker] INFO  c.c.d.s.ChannelControllerTest - Started ChannelControllerTest in 2.109 seconds (process running for 3.086)
25-08-15 17:07:18.295 [Test worker] WARN  c.c.d.e.g.GlobalExceptionHandler - 필드 검증 오류: ErrorResponse[timestamp=2025-08-15T08:07:18.295993Z, code=FAILED_VALIDATION_ERROR, message=검증이 필요한 필드가 검증에 실패했습니다., details={fieldErrors={participantIds=must not be null}}, exceptionType=MethodArgumentNotValidException, status=400]
25-08-15 17:07:18.392 [Test worker] INFO  c.c.d.controller.ChannelController - [PATCH /api/channels/c722549c-f5c8-484d-a82d-163f03e32b93] 요청 수신: com.codeit.discodeit.dto.channel_service_dto.PublicChannelUpdateRequest@77ebc9e6
25-08-15 17:07:18.394 [Test worker] INFO  c.c.d.controller.ChannelController - [PATCH /api/channels/c722549c-f5c8-484d-a82d-163f03e32b93] 수정 완료
25-08-15 17:07:18.417 [Test worker] WARN  c.c.d.e.g.GlobalExceptionHandler - 필드 검증 오류: ErrorResponse[timestamp=2025-08-15T08:07:18.417993Z, code=FAILED_VALIDATION_ERROR, message=검증이 필요한 필드가 검증에 실패했습니다., details={fieldErrors={newName=must not be empty, newDescription=must not be empty}}, exceptionType=MethodArgumentNotValidException, status=400]
25-08-15 17:07:18.429 [Test worker] INFO  c.c.d.controller.ChannelController - [POST /api/channels/public] 요청 수신: com.codeit.discodeit.dto.channel_service_dto.CreatePublicChannelRequestDto@3da61af2
25-08-15 17:07:18.432 [Test worker] INFO  c.c.d.controller.ChannelController - [POST /api/channels/public] 생성 완료: channelId=b450c8b3-0fa4-4ae0-9a3f-16535e5399f5
25-08-15 17:07:18.443 [Test worker] INFO  c.c.d.controller.ChannelController - [POST /api/channels/public] 요청 수신: com.codeit.discodeit.dto.channel_service_dto.CreatePublicChannelRequestDto@49338f3
25-08-15 17:07:18.445 [Test worker] WARN  c.c.d.e.g.GlobalExceptionHandler - 채널 오류: ErrorResponse[timestamp=2025-08-15T08:07:18.440993500Z, code=CHANNEL_NAME_DUPLICATE, message=채널을 이름 중복 입니다., details=null, exceptionType=ChannelNameDuplicateException, status=400]
25-08-15 17:07:18.454 [Test worker] INFO  c.c.d.controller.ChannelController - [POST /api/channels/private] 요청 수신: participantIds=[27d18526-1d28-40f9-8677-210e63e8a74e, b2c1fb39-384c-4d6e-bd67-c0d51bcabaad]
25-08-15 17:07:18.454 [Test worker] INFO  c.c.d.controller.ChannelController - [POST /api/channels/private] 생성 완료: channelId=d9171355-7d63-44ce-9890-14bfbfe71ecc
25-08-15 17:08:03.175 [background-preinit] INFO  o.h.validator.internal.util.Version - HV000001: Hibernate Validator 8.0.2.Final
25-08-15 17:08:03.211 [Test worker] INFO  c.c.d.s.ChannelControllerTest - Starting ChannelControllerTest using Java 17.0.15 with PID 23236 (started by chaos in C:\Users\chaos\SpringProject\Discodeit)
25-08-15 17:08:03.212 [Test worker] DEBUG c.c.d.s.ChannelControllerTest - Running with Spring Boot v3.5.3, Spring v6.2.8
25-08-15 17:08:03.212 [Test worker] INFO  c.c.d.s.ChannelControllerTest - The following 1 profile is active: "testcontroller"
25-08-15 17:08:04.412 [Test worker] INFO  o.s.b.a.w.s.WelcomePageHandlerMappin - Adding welcome page: class path resource [static/index.html]
25-08-15 17:08:04.648 [Test worker] WARN  o.s.b.a.t.ThymeleafAutoConfiguration - Cannot find template location: classpath:/templates/ (please add some templates, check your Thymeleaf configuration, or set spring.thymeleaf.check-template-location=false)
25-08-15 17:08:04.693 [Test worker] INFO  o.s.b.t.m.w.SpringBootMockServletCon - Initializing Spring TestDispatcherServlet ''
25-08-15 17:08:04.693 [Test worker] INFO  o.s.t.w.s.TestDispatcherServlet - Initializing Servlet ''
25-08-15 17:08:04.694 [Test worker] INFO  o.s.t.w.s.TestDispatcherServlet - Completed initialization in 1 ms
25-08-15 17:08:04.719 [Test worker] INFO  c.c.d.s.ChannelControllerTest - Started ChannelControllerTest in 1.893 seconds (process running for 2.862)
25-08-15 17:08:04.903 [Test worker] WARN  c.c.d.e.g.GlobalExceptionHandler - 필드 검증 오류: ErrorResponse[timestamp=2025-08-15T08:08:04.903393300Z, code=FAILED_VALIDATION_ERROR, message=검증이 필요한 필드가 검증에 실패했습니다., details={fieldErrors={participantIds=must not be null}}, exceptionType=MethodArgumentNotValidException, status=400]
25-08-15 17:08:05.000 [Test worker] WARN  c.c.d.e.g.GlobalExceptionHandler - 필드 검증 오류: ErrorResponse[timestamp=2025-08-15T08:08:05.000394700Z, code=FAILED_VALIDATION_ERROR, message=검증이 필요한 필드가 검증에 실패했습니다., details={fieldErrors={newName=must not be empty, newDescription=must not be empty}}, exceptionType=MethodArgumentNotValidException, status=400]
25-08-15 17:08:05.013 [Test worker] WARN  c.c.d.e.g.GlobalExceptionHandler - 필드 검증 오류: ErrorResponse[timestamp=2025-08-15T08:08:05.013393700Z, code=FAILED_VALIDATION_ERROR, message=검증이 필요한 필드가 검증에 실패했습니다., details={fieldErrors={newName=must not be empty, newDescription=must not be empty}}, exceptionType=MethodArgumentNotValidException, status=400]
25-08-15 17:08:05.024 [Test worker] INFO  c.c.d.controller.ChannelController - [POST /api/channels/public] 요청 수신: com.codeit.discodeit.dto.channel_service_dto.CreatePublicChannelRequestDto@22b3b5d0
25-08-15 17:08:05.027 [Test worker] INFO  c.c.d.controller.ChannelController - [POST /api/channels/public] 생성 완료: channelId=8145babe-5154-48ba-b797-eee3f2730876
25-08-15 17:08:05.040 [Test worker] INFO  c.c.d.controller.ChannelController - [POST /api/channels/public] 요청 수신: com.codeit.discodeit.dto.channel_service_dto.CreatePublicChannelRequestDto@526fc044
25-08-15 17:08:05.042 [Test worker] WARN  c.c.d.e.g.GlobalExceptionHandler - 채널 오류: ErrorResponse[timestamp=2025-08-15T08:08:05.037393900Z, code=CHANNEL_NAME_DUPLICATE, message=채널을 이름 중복 입니다., details=null, exceptionType=ChannelNameDuplicateException, status=400]
25-08-15 17:08:05.050 [Test worker] INFO  c.c.d.controller.ChannelController - [POST /api/channels/private] 요청 수신: participantIds=[bab44ab1-9a03-4428-8da7-871d4842441c, 3c4fe026-ee80-4201-93f9-75497c5d9bd1]
25-08-15 17:08:05.051 [Test worker] INFO  c.c.d.controller.ChannelController - [POST /api/channels/private] 생성 완료: channelId=b4015d6c-95e4-4c06-9d12-a08cd64588c2
25-08-15 17:08:36.274 [background-preinit] INFO  o.h.validator.internal.util.Version - HV000001: Hibernate Validator 8.0.2.Final
25-08-15 17:08:36.314 [Test worker] INFO  c.c.d.s.ChannelControllerTest - Starting ChannelControllerTest using Java 17.0.15 with PID 21632 (started by chaos in C:\Users\chaos\SpringProject\Discodeit)
25-08-15 17:08:36.315 [Test worker] DEBUG c.c.d.s.ChannelControllerTest - Running with Spring Boot v3.5.3, Spring v6.2.8
25-08-15 17:08:36.315 [Test worker] INFO  c.c.d.s.ChannelControllerTest - The following 1 profile is active: "testcontroller"
25-08-15 17:08:37.521 [Test worker] INFO  o.s.b.a.w.s.WelcomePageHandlerMappin - Adding welcome page: class path resource [static/index.html]
25-08-15 17:08:37.762 [Test worker] WARN  o.s.b.a.t.ThymeleafAutoConfiguration - Cannot find template location: classpath:/templates/ (please add some templates, check your Thymeleaf configuration, or set spring.thymeleaf.check-template-location=false)
25-08-15 17:08:37.813 [Test worker] INFO  o.s.b.t.m.w.SpringBootMockServletCon - Initializing Spring TestDispatcherServlet ''
25-08-15 17:08:37.813 [Test worker] INFO  o.s.t.w.s.TestDispatcherServlet - Initializing Servlet ''
25-08-15 17:08:37.814 [Test worker] INFO  o.s.t.w.s.TestDispatcherServlet - Completed initialization in 1 ms
25-08-15 17:08:37.841 [Test worker] INFO  c.c.d.s.ChannelControllerTest - Started ChannelControllerTest in 1.921 seconds (process running for 2.902)
25-08-15 17:08:38.033 [Test worker] WARN  c.c.d.e.g.GlobalExceptionHandler - 필드 검증 오류: ErrorResponse[timestamp=2025-08-15T08:08:38.032866600Z, code=FAILED_VALIDATION_ERROR, message=검증이 필요한 필드가 검증에 실패했습니다., details={fieldErrors={participantIds=must not be null}}, exceptionType=MethodArgumentNotValidException, status=400]
25-08-15 17:08:38.127 [Test worker] WARN  c.c.d.e.g.GlobalExceptionHandler - 필드 검증 오류: ErrorResponse[timestamp=2025-08-15T08:08:38.127866Z, code=FAILED_VALIDATION_ERROR, message=검증이 필요한 필드가 검증에 실패했습니다., details={fieldErrors={newName=must not be empty, newDescription=must not be empty}}, exceptionType=MethodArgumentNotValidException, status=400]
25-08-15 17:08:38.141 [Test worker] WARN  c.c.d.e.g.GlobalExceptionHandler - 필드 검증 오류: ErrorResponse[timestamp=2025-08-15T08:08:38.141865600Z, code=FAILED_VALIDATION_ERROR, message=검증이 필요한 필드가 검증에 실패했습니다., details={fieldErrors={newName=must not be empty, newDescription=must not be empty}}, exceptionType=MethodArgumentNotValidException, status=400]
25-08-15 17:08:38.153 [Test worker] INFO  c.c.d.controller.ChannelController - [POST /api/channels/public] 요청 수신: com.codeit.discodeit.dto.channel_service_dto.CreatePublicChannelRequestDto@4c78e00c
25-08-15 17:08:38.160 [Test worker] INFO  c.c.d.controller.ChannelController - [POST /api/channels/public] 생성 완료: channelId=80b1cace-efc0-4b83-a595-5be077ec2643
25-08-15 17:08:38.172 [Test worker] INFO  c.c.d.controller.ChannelController - [POST /api/channels/public] 요청 수신: com.codeit.discodeit.dto.channel_service_dto.CreatePublicChannelRequestDto@58ad0586
25-08-15 17:08:38.174 [Test worker] WARN  c.c.d.e.g.GlobalExceptionHandler - 채널 오류: ErrorResponse[timestamp=2025-08-15T08:08:38.169867400Z, code=CHANNEL_NAME_DUPLICATE, message=채널을 이름 중복 입니다., details=null, exceptionType=ChannelNameDuplicateException, status=400]
25-08-15 17:08:38.185 [Test worker] INFO  c.c.d.controller.ChannelController - [POST /api/channels/private] 요청 수신: participantIds=[6ec249cf-a4f2-4db6-bc6c-92090272b39f, 5d60ba1a-89ca-4499-986c-e40d378d92ae]
25-08-15 17:08:38.186 [Test worker] INFO  c.c.d.controller.ChannelController - [POST /api/channels/private] 생성 완료: channelId=32559b85-2578-4106-a70f-f60a335eddc6
25-08-15 17:09:10.549 [background-preinit] INFO  o.h.validator.internal.util.Version - HV000001: Hibernate Validator 8.0.2.Final
25-08-15 17:09:10.585 [Test worker] INFO  c.c.d.s.ChannelControllerTest - Starting ChannelControllerTest using Java 17.0.15 with PID 9800 (started by chaos in C:\Users\chaos\SpringProject\Discodeit)
25-08-15 17:09:10.586 [Test worker] DEBUG c.c.d.s.ChannelControllerTest - Running with Spring Boot v3.5.3, Spring v6.2.8
25-08-15 17:09:10.586 [Test worker] INFO  c.c.d.s.ChannelControllerTest - The following 1 profile is active: "testcontroller"
25-08-15 17:09:11.798 [Test worker] INFO  o.s.b.a.w.s.WelcomePageHandlerMappin - Adding welcome page: class path resource [static/index.html]
25-08-15 17:09:12.029 [Test worker] WARN  o.s.b.a.t.ThymeleafAutoConfiguration - Cannot find template location: classpath:/templates/ (please add some templates, check your Thymeleaf configuration, or set spring.thymeleaf.check-template-location=false)
25-08-15 17:09:12.072 [Test worker] INFO  o.s.b.t.m.w.SpringBootMockServletCon - Initializing Spring TestDispatcherServlet ''
25-08-15 17:09:12.073 [Test worker] INFO  o.s.t.w.s.TestDispatcherServlet - Initializing Servlet ''
25-08-15 17:09:12.074 [Test worker] INFO  o.s.t.w.s.TestDispatcherServlet - Completed initialization in 1 ms
25-08-15 17:09:12.099 [Test worker] INFO  c.c.d.s.ChannelControllerTest - Started ChannelControllerTest in 1.906 seconds (process running for 2.871)
25-08-15 17:09:12.283 [Test worker] WARN  c.c.d.e.g.GlobalExceptionHandler - 필드 검증 오류: ErrorResponse[timestamp=2025-08-15T08:09:12.283197300Z, code=FAILED_VALIDATION_ERROR, message=검증이 필요한 필드가 검증에 실패했습니다., details={fieldErrors={participantIds=must not be null}}, exceptionType=MethodArgumentNotValidException, status=400]
25-08-15 17:09:12.375 [Test worker] WARN  c.c.d.e.g.GlobalExceptionHandler - 필드 검증 오류: ErrorResponse[timestamp=2025-08-15T08:09:12.375197500Z, code=FAILED_VALIDATION_ERROR, message=검증이 필요한 필드가 검증에 실패했습니다., details={fieldErrors={newName=must not be empty, newDescription=must not be empty}}, exceptionType=MethodArgumentNotValidException, status=400]
25-08-15 17:09:12.389 [Test worker] WARN  c.c.d.e.g.GlobalExceptionHandler - 필드 검증 오류: ErrorResponse[timestamp=2025-08-15T08:09:12.389198800Z, code=FAILED_VALIDATION_ERROR, message=검증이 필요한 필드가 검증에 실패했습니다., details={fieldErrors={newName=must not be empty, newDescription=must not be empty}}, exceptionType=MethodArgumentNotValidException, status=400]
25-08-15 17:09:12.401 [Test worker] INFO  c.c.d.controller.ChannelController - [POST /api/channels/public] 요청 수신: com.codeit.discodeit.dto.channel_service_dto.CreatePublicChannelRequestDto@22b3b5d0
25-08-15 17:09:12.404 [Test worker] INFO  c.c.d.controller.ChannelController - [POST /api/channels/public] 생성 완료: channelId=3088784a-d921-41c8-8389-cdc603dddc4c
25-08-15 17:09:12.415 [Test worker] INFO  c.c.d.controller.ChannelController - [POST /api/channels/public] 요청 수신: com.codeit.discodeit.dto.channel_service_dto.CreatePublicChannelRequestDto@526fc044
25-08-15 17:09:12.417 [Test worker] WARN  c.c.d.e.g.GlobalExceptionHandler - 채널 오류: ErrorResponse[timestamp=2025-08-15T08:09:12.412201100Z, code=CHANNEL_NAME_DUPLICATE, message=채널을 이름 중복 입니다., details=null, exceptionType=ChannelNameDuplicateException, status=400]
25-08-15 17:09:12.427 [Test worker] INFO  c.c.d.controller.ChannelController - [POST /api/channels/private] 요청 수신: participantIds=[b5e34d91-56af-4c30-8db0-0237c751a1af, 0ef18d95-4e52-4db1-9b5f-d1e9dfdb04e1]
25-08-15 17:09:12.428 [Test worker] INFO  c.c.d.controller.ChannelController - [POST /api/channels/private] 생성 완료: channelId=cce4ed2a-a721-4d58-805a-dd301e737fdd
25-08-15 17:10:33.012 [background-preinit] INFO  o.h.validator.internal.util.Version - HV000001: Hibernate Validator 8.0.2.Final
25-08-15 17:10:33.049 [Test worker] INFO  c.c.d.s.ChannelControllerTest - Starting ChannelControllerTest using Java 17.0.15 with PID 22484 (started by chaos in C:\Users\chaos\SpringProject\Discodeit)
25-08-15 17:10:33.049 [Test worker] DEBUG c.c.d.s.ChannelControllerTest - Running with Spring Boot v3.5.3, Spring v6.2.8
25-08-15 17:10:33.050 [Test worker] INFO  c.c.d.s.ChannelControllerTest - The following 1 profile is active: "testcontroller"
25-08-15 17:10:34.298 [Test worker] INFO  o.s.b.a.w.s.WelcomePageHandlerMappin - Adding welcome page: class path resource [static/index.html]
25-08-15 17:10:34.534 [Test worker] WARN  o.s.b.a.t.ThymeleafAutoConfiguration - Cannot find template location: classpath:/templates/ (please add some templates, check your Thymeleaf configuration, or set spring.thymeleaf.check-template-location=false)
25-08-15 17:10:34.585 [Test worker] INFO  o.s.b.t.m.w.SpringBootMockServletCon - Initializing Spring TestDispatcherServlet ''
25-08-15 17:10:34.586 [Test worker] INFO  o.s.t.w.s.TestDispatcherServlet - Initializing Servlet ''
25-08-15 17:10:34.587 [Test worker] INFO  o.s.t.w.s.TestDispatcherServlet - Completed initialization in 1 ms
25-08-15 17:10:34.614 [Test worker] INFO  c.c.d.s.ChannelControllerTest - Started ChannelControllerTest in 1.96 seconds (process running for 2.966)
25-08-15 17:10:34.805 [Test worker] WARN  c.c.d.e.g.GlobalExceptionHandler - 필드 검증 오류: ErrorResponse[timestamp=2025-08-15T08:10:34.805354200Z, code=FAILED_VALIDATION_ERROR, message=검증이 필요한 필드가 검증에 실패했습니다., details={fieldErrors={participantIds=must not be null}}, exceptionType=MethodArgumentNotValidException, status=400]
25-08-15 17:10:34.896 [Test worker] INFO  c.c.d.controller.ChannelController - [PATCH /api/channels/53465966-f697-4fd7-9587-70396eaf2e22] 요청 수신: com.codeit.discodeit.dto.channel_service_dto.PublicChannelUpdateRequest@77ebc9e6
25-08-15 17:10:34.898 [Test worker] INFO  c.c.d.controller.ChannelController - [PATCH /api/channels/53465966-f697-4fd7-9587-70396eaf2e22] 수정 완료
25-08-15 17:10:34.918 [Test worker] WARN  c.c.d.e.g.GlobalExceptionHandler - 필드 검증 오류: ErrorResponse[timestamp=2025-08-15T08:10:34.918355600Z, code=FAILED_VALIDATION_ERROR, message=검증이 필요한 필드가 검증에 실패했습니다., details={fieldErrors={newName=must not be empty, newDescription=must not be empty}}, exceptionType=MethodArgumentNotValidException, status=400]
25-08-15 17:10:34.931 [Test worker] INFO  c.c.d.controller.ChannelController - [POST /api/channels/public] 요청 수신: com.codeit.discodeit.dto.channel_service_dto.CreatePublicChannelRequestDto@3da61af2
25-08-15 17:10:34.933 [Test worker] INFO  c.c.d.controller.ChannelController - [POST /api/channels/public] 생성 완료: channelId=39bca3f1-e814-4b00-9d40-4f14557db30c
25-08-15 17:10:34.943 [Test worker] INFO  c.c.d.controller.ChannelController - [POST /api/channels/public] 요청 수신: com.codeit.discodeit.dto.channel_service_dto.CreatePublicChannelRequestDto@49338f3
25-08-15 17:10:34.945 [Test worker] WARN  c.c.d.e.g.GlobalExceptionHandler - 채널 오류: ErrorResponse[timestamp=2025-08-15T08:10:34.940355500Z, code=CHANNEL_NAME_DUPLICATE, message=채널을 이름 중복 입니다., details=null, exceptionType=ChannelNameDuplicateException, status=400]
25-08-15 17:10:34.956 [Test worker] INFO  c.c.d.controller.ChannelController - [POST /api/channels/private] 요청 수신: participantIds=[8041432d-85a3-40fa-974d-929cd54da151, 5595213f-dec7-427f-8167-8584cf4dbb76]
25-08-15 17:10:34.956 [Test worker] INFO  c.c.d.controller.ChannelController - [POST /api/channels/private] 생성 완료: channelId=fce96286-81c2-405c-a537-ef4b2bcf0a6d
25-08-15 17:12:04.004 [background-preinit] INFO  o.h.validator.internal.util.Version - HV000001: Hibernate Validator 8.0.2.Final
25-08-15 17:12:04.040 [Test worker] INFO  c.c.d.s.ChannelControllerTest - Starting ChannelControllerTest using Java 17.0.15 with PID 16808 (started by chaos in C:\Users\chaos\SpringProject\Discodeit)
25-08-15 17:12:04.041 [Test worker] DEBUG c.c.d.s.ChannelControllerTest - Running with Spring Boot v3.5.3, Spring v6.2.8
25-08-15 17:12:04.041 [Test worker] INFO  c.c.d.s.ChannelControllerTest - The following 1 profile is active: "testcontroller"
25-08-15 17:12:05.256 [Test worker] INFO  o.s.b.a.w.s.WelcomePageHandlerMappin - Adding welcome page: class path resource [static/index.html]
25-08-15 17:12:05.495 [Test worker] WARN  o.s.b.a.t.ThymeleafAutoConfiguration - Cannot find template location: classpath:/templates/ (please add some templates, check your Thymeleaf configuration, or set spring.thymeleaf.check-template-location=false)
25-08-15 17:12:05.540 [Test worker] INFO  o.s.b.t.m.w.SpringBootMockServletCon - Initializing Spring TestDispatcherServlet ''
25-08-15 17:12:05.541 [Test worker] INFO  o.s.t.w.s.TestDispatcherServlet - Initializing Servlet ''
25-08-15 17:12:05.542 [Test worker] INFO  o.s.t.w.s.TestDispatcherServlet - Completed initialization in 1 ms
25-08-15 17:12:05.568 [Test worker] INFO  c.c.d.s.ChannelControllerTest - Started ChannelControllerTest in 1.922 seconds (process running for 2.908)
25-08-15 17:12:05.755 [Test worker] WARN  c.c.d.e.g.GlobalExceptionHandler - 필드 검증 오류: ErrorResponse[timestamp=2025-08-15T08:12:05.755423500Z, code=FAILED_VALIDATION_ERROR, message=검증이 필요한 필드가 검증에 실패했습니다., details={fieldErrors={participantIds=must not be null}}, exceptionType=MethodArgumentNotValidException, status=400]
25-08-15 17:12:05.843 [Test worker] INFO  c.c.d.controller.ChannelController - [PATCH /api/channels/b02669fc-afdd-45ea-a72a-0c44fd536f1c] 요청 수신: com.codeit.discodeit.dto.channel_service_dto.PublicChannelUpdateRequest@77ebc9e6
25-08-15 17:12:05.846 [Test worker] INFO  c.c.d.controller.ChannelController - [PATCH /api/channels/b02669fc-afdd-45ea-a72a-0c44fd536f1c] 수정 완료
25-08-15 17:12:05.869 [Test worker] WARN  c.c.d.e.g.GlobalExceptionHandler - 필드 검증 오류: ErrorResponse[timestamp=2025-08-15T08:12:05.869424100Z, code=FAILED_VALIDATION_ERROR, message=검증이 필요한 필드가 검증에 실패했습니다., details={fieldErrors={newName=must not be empty, newDescription=must not be empty}}, exceptionType=MethodArgumentNotValidException, status=400]
25-08-15 17:12:05.882 [Test worker] INFO  c.c.d.controller.ChannelController - [POST /api/channels/public] 요청 수신: com.codeit.discodeit.dto.channel_service_dto.CreatePublicChannelRequestDto@3da61af2
25-08-15 17:12:05.884 [Test worker] INFO  c.c.d.controller.ChannelController - [POST /api/channels/public] 생성 완료: channelId=bc65dce6-3bef-45fb-b726-3fde7692fd1f
25-08-15 17:12:05.893 [Test worker] INFO  c.c.d.controller.ChannelController - [POST /api/channels/public] 요청 수신: com.codeit.discodeit.dto.channel_service_dto.CreatePublicChannelRequestDto@49338f3
25-08-15 17:12:05.895 [Test worker] WARN  c.c.d.e.g.GlobalExceptionHandler - 채널 오류: ErrorResponse[timestamp=2025-08-15T08:12:05.890424100Z, code=CHANNEL_NAME_DUPLICATE, message=채널을 이름 중복 입니다., details=null, exceptionType=ChannelNameDuplicateException, status=400]
25-08-15 17:12:05.905 [Test worker] INFO  c.c.d.controller.ChannelController - [POST /api/channels/private] 요청 수신: participantIds=[801a818c-2916-4572-a8e0-db9e73fc64ed, 723249d7-a184-4477-92a2-704daad82ffe]
25-08-15 17:12:05.905 [Test worker] INFO  c.c.d.controller.ChannelController - [POST /api/channels/private] 생성 완료: channelId=25bb9b48-085b-40cf-a7cd-363ea420a9dc
25-08-15 17:13:12.689 [background-preinit] INFO  o.h.validator.internal.util.Version - HV000001: Hibernate Validator 8.0.2.Final
25-08-15 17:13:12.740 [Test worker] INFO  c.c.d.s.ChannelControllerTest - Starting ChannelControllerTest using Java 17.0.15 with PID 33576 (started by chaos in C:\Users\chaos\SpringProject\Discodeit)
25-08-15 17:13:12.741 [Test worker] DEBUG c.c.d.s.ChannelControllerTest - Running with Spring Boot v3.5.3, Spring v6.2.8
25-08-15 17:13:12.742 [Test worker] INFO  c.c.d.s.ChannelControllerTest - The following 1 profile is active: "testcontroller"
25-08-15 17:13:14.008 [Test worker] INFO  o.s.b.a.w.s.WelcomePageHandlerMappin - Adding welcome page: class path resource [static/index.html]
25-08-15 17:13:14.220 [Test worker] WARN  o.s.b.a.t.ThymeleafAutoConfiguration - Cannot find template location: classpath:/templates/ (please add some templates, check your Thymeleaf configuration, or set spring.thymeleaf.check-template-location=false)
25-08-15 17:13:14.271 [Test worker] INFO  o.s.b.t.m.w.SpringBootMockServletCon - Initializing Spring TestDispatcherServlet ''
25-08-15 17:13:14.271 [Test worker] INFO  o.s.t.w.s.TestDispatcherServlet - Initializing Servlet ''
25-08-15 17:13:14.272 [Test worker] INFO  o.s.t.w.s.TestDispatcherServlet - Completed initialization in 1 ms
25-08-15 17:13:14.301 [Test worker] INFO  c.c.d.s.ChannelControllerTest - Started ChannelControllerTest in 2.017 seconds (process running for 3.349)
25-08-15 17:13:14.495 [Test worker] WARN  c.c.d.e.g.GlobalExceptionHandler - 필드 검증 오류: ErrorResponse[timestamp=2025-08-15T08:13:14.495738800Z, code=FAILED_VALIDATION_ERROR, message=검증이 필요한 필드가 검증에 실패했습니다., details={fieldErrors={participantIds=must not be null}}, exceptionType=MethodArgumentNotValidException, status=400]
25-08-15 17:13:25.733 [Test worker] INFO  c.c.d.controller.ChannelController - [PATCH /api/channels/4ef2a630-7ed4-4ddc-8299-bcd93417a385] 요청 수신: com.codeit.discodeit.dto.channel_service_dto.PublicChannelUpdateRequest@4e26c308
25-08-15 17:13:25.734 [Test worker] INFO  c.c.d.controller.ChannelController - [PATCH /api/channels/4ef2a630-7ed4-4ddc-8299-bcd93417a385] 수정 완료
25-08-15 17:13:45.054 [Test worker] WARN  c.c.d.e.g.GlobalExceptionHandler - 필드 검증 오류: ErrorResponse[timestamp=2025-08-15T08:13:45.054072Z, code=FAILED_VALIDATION_ERROR, message=검증이 필요한 필드가 검증에 실패했습니다., details={fieldErrors={newName=must not be empty, newDescription=must not be empty}}, exceptionType=MethodArgumentNotValidException, status=400]
25-08-15 17:13:45.065 [Test worker] INFO  c.c.d.controller.ChannelController - [POST /api/channels/public] 요청 수신: com.codeit.discodeit.dto.channel_service_dto.CreatePublicChannelRequestDto@744f0e0b
25-08-15 17:13:45.067 [Test worker] INFO  c.c.d.controller.ChannelController - [POST /api/channels/public] 생성 완료: channelId=c00b89b2-96d9-42e9-b977-c00a1aefa70a
25-08-15 17:13:45.075 [Test worker] INFO  c.c.d.controller.ChannelController - [POST /api/channels/public] 요청 수신: com.codeit.discodeit.dto.channel_service_dto.CreatePublicChannelRequestDto@66d44581
25-08-15 17:13:45.076 [Test worker] WARN  c.c.d.e.g.GlobalExceptionHandler - 채널 오류: ErrorResponse[timestamp=2025-08-15T08:13:45.072072300Z, code=CHANNEL_NAME_DUPLICATE, message=채널을 이름 중복 입니다., details=null, exceptionType=ChannelNameDuplicateException, status=400]
25-08-15 17:13:45.084 [Test worker] INFO  c.c.d.controller.ChannelController - [POST /api/channels/private] 요청 수신: participantIds=[937996ea-d09d-46f1-93cc-f787567d61ce, 7a489112-9baa-4535-b9ea-ad9f1b09d490]
25-08-15 17:13:45.085 [Test worker] INFO  c.c.d.controller.ChannelController - [POST /api/channels/private] 생성 완료: channelId=55eda0df-3d93-4117-a5ce-37620dee5554
25-08-15 17:15:05.921 [background-preinit] INFO  o.h.validator.internal.util.Version - HV000001: Hibernate Validator 8.0.2.Final
25-08-15 17:15:05.958 [Test worker] INFO  c.c.d.s.ChannelControllerTest - Starting ChannelControllerTest using Java 17.0.15 with PID 34428 (started by chaos in C:\Users\chaos\SpringProject\Discodeit)
25-08-15 17:15:05.958 [Test worker] DEBUG c.c.d.s.ChannelControllerTest - Running with Spring Boot v3.5.3, Spring v6.2.8
25-08-15 17:15:05.959 [Test worker] INFO  c.c.d.s.ChannelControllerTest - The following 1 profile is active: "testcontroller"
25-08-15 17:15:07.205 [Test worker] INFO  o.s.b.a.w.s.WelcomePageHandlerMappin - Adding welcome page: class path resource [static/index.html]
25-08-15 17:15:07.440 [Test worker] WARN  o.s.b.a.t.ThymeleafAutoConfiguration - Cannot find template location: classpath:/templates/ (please add some templates, check your Thymeleaf configuration, or set spring.thymeleaf.check-template-location=false)
25-08-15 17:15:07.486 [Test worker] INFO  o.s.b.t.m.w.SpringBootMockServletCon - Initializing Spring TestDispatcherServlet ''
25-08-15 17:15:07.486 [Test worker] INFO  o.s.t.w.s.TestDispatcherServlet - Initializing Servlet ''
25-08-15 17:15:07.487 [Test worker] INFO  o.s.t.w.s.TestDispatcherServlet - Completed initialization in 1 ms
25-08-15 17:15:07.513 [Test worker] INFO  c.c.d.s.ChannelControllerTest - Started ChannelControllerTest in 1.957 seconds (process running for 2.925)
25-08-15 17:15:07.701 [Test worker] WARN  c.c.d.e.g.GlobalExceptionHandler - 필드 검증 오류: ErrorResponse[timestamp=2025-08-15T08:15:07.700867800Z, code=FAILED_VALIDATION_ERROR, message=검증이 필요한 필드가 검증에 실패했습니다., details={fieldErrors={participantIds=must not be null}}, exceptionType=MethodArgumentNotValidException, status=400]
25-08-15 17:15:07.794 [Test worker] INFO  c.c.d.controller.ChannelController - [PATCH /api/channels/3d427a03-7e41-430a-a1e8-fc3ea53a7113] 요청 수신: com.codeit.discodeit.dto.channel_service_dto.PublicChannelUpdateRequest@2b82018
25-08-15 17:15:07.796 [Test worker] INFO  c.c.d.controller.ChannelController - [PATCH /api/channels/3d427a03-7e41-430a-a1e8-fc3ea53a7113] 수정 완료
25-08-15 17:15:07.817 [Test worker] WARN  c.c.d.e.g.GlobalExceptionHandler - 필드 검증 오류: ErrorResponse[timestamp=2025-08-15T08:15:07.817864300Z, code=FAILED_VALIDATION_ERROR, message=검증이 필요한 필드가 검증에 실패했습니다., details={fieldErrors={newName=must not be empty, newDescription=must not be empty}}, exceptionType=MethodArgumentNotValidException, status=400]
25-08-15 17:15:07.828 [Test worker] INFO  c.c.d.controller.ChannelController - [POST /api/channels/public] 요청 수신: com.codeit.discodeit.dto.channel_service_dto.CreatePublicChannelRequestDto@7c8689e
25-08-15 17:15:07.830 [Test worker] INFO  c.c.d.controller.ChannelController - [POST /api/channels/public] 생성 완료: channelId=0630deea-142d-482e-8c4e-4ac25f7920a8
25-08-15 17:15:07.839 [Test worker] INFO  c.c.d.controller.ChannelController - [POST /api/channels/public] 요청 수신: com.codeit.discodeit.dto.channel_service_dto.CreatePublicChannelRequestDto@1c5fd813
25-08-15 17:15:07.841 [Test worker] WARN  c.c.d.e.g.GlobalExceptionHandler - 채널 오류: ErrorResponse[timestamp=2025-08-15T08:15:07.836864Z, code=CHANNEL_NAME_DUPLICATE, message=채널을 이름 중복 입니다., details=null, exceptionType=ChannelNameDuplicateException, status=400]
25-08-15 17:15:07.849 [Test worker] INFO  c.c.d.controller.ChannelController - [POST /api/channels/private] 요청 수신: participantIds=[43ec9947-0805-4c7a-ad03-b178b7e9e65d, c2dd91bd-2266-49f1-a8e8-876f9325ec16]
25-08-15 17:15:07.849 [Test worker] INFO  c.c.d.controller.ChannelController - [POST /api/channels/private] 생성 완료: channelId=f3fd111c-036a-4f1b-aeab-9880d3aff2a3
25-08-15 17:18:03.325 [background-preinit] INFO  o.h.validator.internal.util.Version - HV000001: Hibernate Validator 8.0.2.Final
25-08-15 17:18:03.362 [Test worker] INFO  c.c.d.s.ChannelControllerTest - Starting ChannelControllerTest using Java 17.0.15 with PID 21060 (started by chaos in C:\Users\chaos\SpringProject\Discodeit)
25-08-15 17:18:03.363 [Test worker] DEBUG c.c.d.s.ChannelControllerTest - Running with Spring Boot v3.5.3, Spring v6.2.8
25-08-15 17:18:03.363 [Test worker] INFO  c.c.d.s.ChannelControllerTest - The following 1 profile is active: "testcontroller"
25-08-15 17:18:04.568 [Test worker] INFO  o.s.b.a.w.s.WelcomePageHandlerMappin - Adding welcome page: class path resource [static/index.html]
25-08-15 17:18:04.814 [Test worker] WARN  o.s.b.a.t.ThymeleafAutoConfiguration - Cannot find template location: classpath:/templates/ (please add some templates, check your Thymeleaf configuration, or set spring.thymeleaf.check-template-location=false)
25-08-15 17:18:04.859 [Test worker] INFO  o.s.b.t.m.w.SpringBootMockServletCon - Initializing Spring TestDispatcherServlet ''
25-08-15 17:18:04.860 [Test worker] INFO  o.s.t.w.s.TestDispatcherServlet - Initializing Servlet ''
25-08-15 17:18:04.861 [Test worker] INFO  o.s.t.w.s.TestDispatcherServlet - Completed initialization in 1 ms
25-08-15 17:18:04.888 [Test worker] INFO  c.c.d.s.ChannelControllerTest - Started ChannelControllerTest in 1.924 seconds (process running for 2.882)
25-08-15 17:18:05.077 [Test worker] WARN  c.c.d.e.g.GlobalExceptionHandler - 필드 검증 오류: ErrorResponse[timestamp=2025-08-15T08:18:05.077649400Z, code=FAILED_VALIDATION_ERROR, message=검증이 필요한 필드가 검증에 실패했습니다., details={fieldErrors={participantIds=must not be null}}, exceptionType=MethodArgumentNotValidException, status=400]
25-08-15 17:18:05.167 [Test worker] INFO  c.c.d.controller.ChannelController - [PATCH /api/channels/7cc328c3-a36e-44cf-9676-7cd3ca4abaff] 요청 수신: com.codeit.discodeit.dto.channel_service_dto.PublicChannelUpdateRequest@77ebc9e6
25-08-15 17:18:05.169 [Test worker] INFO  c.c.d.controller.ChannelController - [PATCH /api/channels/7cc328c3-a36e-44cf-9676-7cd3ca4abaff] 수정 완료
25-08-15 17:18:05.190 [Test worker] WARN  c.c.d.e.g.GlobalExceptionHandler - 필드 검증 오류: ErrorResponse[timestamp=2025-08-15T08:18:05.190649600Z, code=FAILED_VALIDATION_ERROR, message=검증이 필요한 필드가 검증에 실패했습니다., details={fieldErrors={newName=must not be empty, newDescription=must not be empty}}, exceptionType=MethodArgumentNotValidException, status=400]
25-08-15 17:18:05.201 [Test worker] INFO  c.c.d.controller.ChannelController - [POST /api/channels/public] 요청 수신: com.codeit.discodeit.dto.channel_service_dto.CreatePublicChannelRequestDto@3da61af2
25-08-15 17:18:05.203 [Test worker] INFO  c.c.d.controller.ChannelController - [POST /api/channels/public] 생성 완료: channelId=aeea3737-a9eb-4a93-90d2-9eccd8c3deac
25-08-15 17:18:05.212 [Test worker] INFO  c.c.d.controller.ChannelController - [POST /api/channels/public] 요청 수신: com.codeit.discodeit.dto.channel_service_dto.CreatePublicChannelRequestDto@49338f3
25-08-15 17:18:05.214 [Test worker] WARN  c.c.d.e.g.GlobalExceptionHandler - 채널 오류: ErrorResponse[timestamp=2025-08-15T08:18:05.209649400Z, code=CHANNEL_NAME_DUPLICATE, message=채널을 이름 중복 입니다., details=null, exceptionType=ChannelNameDuplicateException, status=400]
25-08-15 17:18:05.223 [Test worker] INFO  c.c.d.controller.ChannelController - [POST /api/channels/private] 요청 수신: participantIds=[c2ec5928-a210-4bb7-9a5c-0cffd63c9320, 7786f5d2-a910-48d9-9b94-6dd5376e94b2]
25-08-15 17:18:05.223 [Test worker] INFO  c.c.d.controller.ChannelController - [POST /api/channels/private] 생성 완료: channelId=3fc2b7fa-0984-49c6-8013-6cb6f329bb40
25-08-15 17:18:23.514 [background-preinit] INFO  o.h.validator.internal.util.Version - HV000001: Hibernate Validator 8.0.2.Final
25-08-15 17:18:23.552 [Test worker] INFO  c.c.d.s.ChannelControllerTest - Starting ChannelControllerTest using Java 17.0.15 with PID 28984 (started by chaos in C:\Users\chaos\SpringProject\Discodeit)
25-08-15 17:18:23.552 [Test worker] DEBUG c.c.d.s.ChannelControllerTest - Running with Spring Boot v3.5.3, Spring v6.2.8
25-08-15 17:18:23.553 [Test worker] INFO  c.c.d.s.ChannelControllerTest - The following 1 profile is active: "testcontroller"
25-08-15 17:18:24.775 [Test worker] INFO  o.s.b.a.w.s.WelcomePageHandlerMappin - Adding welcome page: class path resource [static/index.html]
25-08-15 17:18:25.020 [Test worker] WARN  o.s.b.a.t.ThymeleafAutoConfiguration - Cannot find template location: classpath:/templates/ (please add some templates, check your Thymeleaf configuration, or set spring.thymeleaf.check-template-location=false)
25-08-15 17:18:25.070 [Test worker] INFO  o.s.b.t.m.w.SpringBootMockServletCon - Initializing Spring TestDispatcherServlet ''
25-08-15 17:18:25.070 [Test worker] INFO  o.s.t.w.s.TestDispatcherServlet - Initializing Servlet ''
25-08-15 17:18:25.071 [Test worker] INFO  o.s.t.w.s.TestDispatcherServlet - Completed initialization in 1 ms
25-08-15 17:18:25.097 [Test worker] INFO  c.c.d.s.ChannelControllerTest - Started ChannelControllerTest in 1.937 seconds (process running for 2.899)
25-08-15 17:18:25.281 [Test worker] WARN  c.c.d.e.g.GlobalExceptionHandler - 필드 검증 오류: ErrorResponse[timestamp=2025-08-15T08:18:25.281969100Z, code=FAILED_VALIDATION_ERROR, message=검증이 필요한 필드가 검증에 실패했습니다., details={fieldErrors={participantIds=must not be null}}, exceptionType=MethodArgumentNotValidException, status=400]
25-08-15 17:18:25.373 [Test worker] INFO  c.c.d.controller.ChannelController - [PATCH /api/channels/4893f58d-46fa-4524-9d50-7594c9a58adb] 요청 수신: com.codeit.discodeit.dto.channel_service_dto.PublicChannelUpdateRequest@117069f2
25-08-15 17:18:25.374 [Test worker] INFO  c.c.d.controller.ChannelController - [PATCH /api/channels/4893f58d-46fa-4524-9d50-7594c9a58adb] 수정 완료
25-08-15 17:18:25.394 [Test worker] WARN  c.c.d.e.g.GlobalExceptionHandler - 필드 검증 오류: ErrorResponse[timestamp=2025-08-15T08:18:25.394970100Z, code=FAILED_VALIDATION_ERROR, message=검증이 필요한 필드가 검증에 실패했습니다., details={fieldErrors={newName=must not be empty, newDescription=must not be empty}}, exceptionType=MethodArgumentNotValidException, status=400]
25-08-15 17:18:25.407 [Test worker] INFO  c.c.d.controller.ChannelController - [POST /api/channels/public] 요청 수신: com.codeit.discodeit.dto.channel_service_dto.CreatePublicChannelRequestDto@7c8689e
25-08-15 17:18:25.409 [Test worker] INFO  c.c.d.controller.ChannelController - [POST /api/channels/public] 생성 완료: channelId=3e922262-585d-4b04-a398-da5b20ba0182
25-08-15 17:18:25.419 [Test worker] INFO  c.c.d.controller.ChannelController - [POST /api/channels/public] 요청 수신: com.codeit.discodeit.dto.channel_service_dto.CreatePublicChannelRequestDto@1c5fd813
25-08-15 17:18:25.421 [Test worker] WARN  c.c.d.e.g.GlobalExceptionHandler - 채널 오류: ErrorResponse[timestamp=2025-08-15T08:18:25.417967800Z, code=CHANNEL_NAME_DUPLICATE, message=채널을 이름 중복 입니다., details=null, exceptionType=ChannelNameDuplicateException, status=400]
25-08-15 17:18:25.431 [Test worker] INFO  c.c.d.controller.ChannelController - [POST /api/channels/private] 요청 수신: participantIds=[cb41ced5-f3fc-492a-94b8-df41eee86dfd, 0581730a-5f20-4398-a84e-c70fc432d206]
25-08-15 17:18:25.431 [Test worker] INFO  c.c.d.controller.ChannelController - [POST /api/channels/private] 생성 완료: channelId=6cb5bf71-0959-4777-b55f-45e92b4d7f97
25-08-15 17:26:41.515 [background-preinit] INFO  o.h.validator.internal.util.Version - HV000001: Hibernate Validator 8.0.2.Final
25-08-15 17:26:41.550 [Test worker] INFO  c.c.d.s.ChannelControllerTest - Starting ChannelControllerTest using Java 17.0.15 with PID 36868 (started by chaos in C:\Users\chaos\SpringProject\Discodeit)
25-08-15 17:26:41.550 [Test worker] DEBUG c.c.d.s.ChannelControllerTest - Running with Spring Boot v3.5.3, Spring v6.2.8
25-08-15 17:26:41.551 [Test worker] INFO  c.c.d.s.ChannelControllerTest - The following 1 profile is active: "testcontroller"
25-08-15 17:26:42.742 [Test worker] INFO  o.s.b.a.w.s.WelcomePageHandlerMappin - Adding welcome page: class path resource [static/index.html]
25-08-15 17:26:42.978 [Test worker] WARN  o.s.b.a.t.ThymeleafAutoConfiguration - Cannot find template location: classpath:/templates/ (please add some templates, check your Thymeleaf configuration, or set spring.thymeleaf.check-template-location=false)
25-08-15 17:26:43.023 [Test worker] INFO  o.s.b.t.m.w.SpringBootMockServletCon - Initializing Spring TestDispatcherServlet ''
25-08-15 17:26:43.023 [Test worker] INFO  o.s.t.w.s.TestDispatcherServlet - Initializing Servlet ''
25-08-15 17:26:43.024 [Test worker] INFO  o.s.t.w.s.TestDispatcherServlet - Completed initialization in 1 ms
25-08-15 17:26:43.053 [Test worker] INFO  c.c.d.s.ChannelControllerTest - Started ChannelControllerTest in 1.9 seconds (process running for 2.863)
25-08-15 17:26:43.239 [Test worker] WARN  c.c.d.e.g.GlobalExceptionHandler - 필드 검증 오류: ErrorResponse[timestamp=2025-08-15T08:26:43.239440300Z, code=FAILED_VALIDATION_ERROR, message=검증이 필요한 필드가 검증에 실패했습니다., details={fieldErrors={participantIds=must not be null}}, exceptionType=MethodArgumentNotValidException, status=400]
25-08-15 17:26:43.334 [Test worker] INFO  c.c.d.controller.ChannelController - [PATCH /api/channels/fccf2fef-c666-4221-8401-f42be0548b1b] 요청 수신: com.codeit.discodeit.dto.channel_service_dto.PublicChannelUpdateRequest@77ebc9e6
25-08-15 17:26:43.336 [Test worker] INFO  c.c.d.controller.ChannelController - [PATCH /api/channels/fccf2fef-c666-4221-8401-f42be0548b1b] 수정 완료
25-08-15 17:26:43.350 [Test worker] WARN  c.c.d.e.g.GlobalExceptionHandler - 필드 검증 오류: ErrorResponse[timestamp=2025-08-15T08:26:43.350440Z, code=FAILED_VALIDATION_ERROR, message=검증이 필요한 필드가 검증에 실패했습니다., details={fieldErrors={newName=must not be empty, newDescription=must not be empty}}, exceptionType=MethodArgumentNotValidException, status=400]
25-08-15 17:26:43.360 [Test worker] INFO  c.c.d.controller.ChannelController - [POST /api/channels/public] 요청 수신: com.codeit.discodeit.dto.channel_service_dto.CreatePublicChannelRequestDto@66596c4c
25-08-15 17:26:43.362 [Test worker] INFO  c.c.d.controller.ChannelController - [POST /api/channels/public] 생성 완료: channelId=224c5611-8e91-4c57-942f-d0eb6d448459
25-08-15 17:26:43.370 [Test worker] INFO  c.c.d.controller.ChannelController - [POST /api/channels/public] 요청 수신: com.codeit.discodeit.dto.channel_service_dto.CreatePublicChannelRequestDto@3da61af2
25-08-15 17:26:43.371 [Test worker] WARN  c.c.d.e.g.GlobalExceptionHandler - 채널 오류: ErrorResponse[timestamp=2025-08-15T08:26:43.367437900Z, code=CHANNEL_NAME_DUPLICATE, message=채널을 이름 중복 입니다., details=null, exceptionType=ChannelNameDuplicateException, status=400]
25-08-15 17:26:43.379 [Test worker] INFO  c.c.d.controller.ChannelController - [POST /api/channels/private] 요청 수신: participantIds=[a69cc597-f146-4cb2-b5b0-ac64089d0016, e45cf223-a6a0-4c47-8833-e813e595abd6]
25-08-15 17:26:43.380 [Test worker] INFO  c.c.d.controller.ChannelController - [POST /api/channels/private] 생성 완료: channelId=05176477-9f99-41b6-90ba-a9fe2449b273
25-08-15 17:27:12.313 [background-preinit] INFO  o.h.validator.internal.util.Version - HV000001: Hibernate Validator 8.0.2.Final
25-08-15 17:27:12.354 [Test worker] INFO  c.c.d.s.ChannelControllerTest - Starting ChannelControllerTest using Java 17.0.15 with PID 19988 (started by chaos in C:\Users\chaos\SpringProject\Discodeit)
25-08-15 17:27:12.355 [Test worker] DEBUG c.c.d.s.ChannelControllerTest - Running with Spring Boot v3.5.3, Spring v6.2.8
25-08-15 17:27:12.355 [Test worker] INFO  c.c.d.s.ChannelControllerTest - The following 1 profile is active: "testcontroller"
25-08-15 17:27:13.561 [Test worker] INFO  o.s.b.a.w.s.WelcomePageHandlerMappin - Adding welcome page: class path resource [static/index.html]
25-08-15 17:27:13.813 [Test worker] WARN  o.s.b.a.t.ThymeleafAutoConfiguration - Cannot find template location: classpath:/templates/ (please add some templates, check your Thymeleaf configuration, or set spring.thymeleaf.check-template-location=false)
25-08-15 17:27:13.862 [Test worker] INFO  o.s.b.t.m.w.SpringBootMockServletCon - Initializing Spring TestDispatcherServlet ''
25-08-15 17:27:13.863 [Test worker] INFO  o.s.t.w.s.TestDispatcherServlet - Initializing Servlet ''
25-08-15 17:27:13.865 [Test worker] INFO  o.s.t.w.s.TestDispatcherServlet - Completed initialization in 1 ms
25-08-15 17:27:13.892 [Test worker] INFO  c.c.d.s.ChannelControllerTest - Started ChannelControllerTest in 1.941 seconds (process running for 2.918)
25-08-15 17:27:14.080 [Test worker] WARN  c.c.d.e.g.GlobalExceptionHandler - 필드 검증 오류: ErrorResponse[timestamp=2025-08-15T08:27:14.080817300Z, code=FAILED_VALIDATION_ERROR, message=검증이 필요한 필드가 검증에 실패했습니다., details={fieldErrors={participantIds=must not be null}}, exceptionType=MethodArgumentNotValidException, status=400]
25-08-15 17:27:14.173 [Test worker] INFO  c.c.d.controller.ChannelController - [PATCH /api/channels/34bda902-4eb5-4f8e-a09b-5107c5d51578] 요청 수신: com.codeit.discodeit.dto.channel_service_dto.PublicChannelUpdateRequest@77ebc9e6
25-08-15 17:27:14.175 [Test worker] INFO  c.c.d.controller.ChannelController - [PATCH /api/channels/34bda902-4eb5-4f8e-a09b-5107c5d51578] 수정 완료
25-08-15 17:27:14.195 [Test worker] WARN  c.c.d.e.g.GlobalExceptionHandler - 필드 검증 오류: ErrorResponse[timestamp=2025-08-15T08:27:14.195822200Z, code=FAILED_VALIDATION_ERROR, message=검증이 필요한 필드가 검증에 실패했습니다., details={fieldErrors={newName=must not be empty, newDescription=must not be empty}}, exceptionType=MethodArgumentNotValidException, status=400]
25-08-15 17:27:14.206 [Test worker] INFO  c.c.d.controller.ChannelController - [POST /api/channels/public] 요청 수신: com.codeit.discodeit.dto.channel_service_dto.CreatePublicChannelRequestDto@3da61af2
25-08-15 17:27:14.209 [Test worker] INFO  c.c.d.controller.ChannelController - [POST /api/channels/public] 생성 완료: channelId=40bf5f29-8bbe-4a33-8e61-17e94659b477
25-08-15 17:27:14.220 [Test worker] INFO  c.c.d.controller.ChannelController - [POST /api/channels/public] 요청 수신: com.codeit.discodeit.dto.channel_service_dto.CreatePublicChannelRequestDto@49338f3
25-08-15 17:27:14.222 [Test worker] WARN  c.c.d.e.g.GlobalExceptionHandler - 채널 오류: ErrorResponse[timestamp=2025-08-15T08:27:14.216820Z, code=CHANNEL_NAME_DUPLICATE, message=채널을 이름 중복 입니다., details=null, exceptionType=ChannelNameDuplicateException, status=400]
25-08-15 17:27:14.230 [Test worker] INFO  c.c.d.controller.ChannelController - [POST /api/channels/private] 요청 수신: participantIds=[e3a2dbf1-4fda-4a25-8dba-6ac5d8d366f3, 41b45106-325b-41dd-b464-b162aba5f899]
25-08-15 17:27:14.231 [Test worker] INFO  c.c.d.controller.ChannelController - [POST /api/channels/private] 생성 완료: channelId=e6c4cfc9-1325-4790-a971-97b150b4983d
25-08-15 17:27:39.079 [background-preinit] INFO  o.h.validator.internal.util.Version - HV000001: Hibernate Validator 8.0.2.Final
25-08-15 17:27:39.119 [Test worker] INFO  c.c.d.s.ChannelControllerTest - Starting ChannelControllerTest using Java 17.0.15 with PID 23980 (started by chaos in C:\Users\chaos\SpringProject\Discodeit)
25-08-15 17:27:39.120 [Test worker] DEBUG c.c.d.s.ChannelControllerTest - Running with Spring Boot v3.5.3, Spring v6.2.8
25-08-15 17:27:39.121 [Test worker] INFO  c.c.d.s.ChannelControllerTest - The following 1 profile is active: "testcontroller"
25-08-15 17:27:40.344 [Test worker] INFO  o.s.b.a.w.s.WelcomePageHandlerMappin - Adding welcome page: class path resource [static/index.html]
25-08-15 17:27:40.564 [Test worker] WARN  o.s.b.a.t.ThymeleafAutoConfiguration - Cannot find template location: classpath:/templates/ (please add some templates, check your Thymeleaf configuration, or set spring.thymeleaf.check-template-location=false)
25-08-15 17:27:40.610 [Test worker] INFO  o.s.b.t.m.w.SpringBootMockServletCon - Initializing Spring TestDispatcherServlet ''
25-08-15 17:27:40.610 [Test worker] INFO  o.s.t.w.s.TestDispatcherServlet - Initializing Servlet ''
25-08-15 17:27:40.611 [Test worker] INFO  o.s.t.w.s.TestDispatcherServlet - Completed initialization in 1 ms
25-08-15 17:27:40.638 [Test worker] INFO  c.c.d.s.ChannelControllerTest - Started ChannelControllerTest in 1.947 seconds (process running for 3.14)
25-08-15 17:27:40.835 [Test worker] WARN  c.c.d.e.g.GlobalExceptionHandler - 필드 검증 오류: ErrorResponse[timestamp=2025-08-15T08:27:40.835888800Z, code=FAILED_VALIDATION_ERROR, message=검증이 필요한 필드가 검증에 실패했습니다., details={fieldErrors={participantIds=must not be null}}, exceptionType=MethodArgumentNotValidException, status=400]
25-08-15 17:27:40.931 [Test worker] INFO  c.c.d.controller.ChannelController - [PATCH /api/channels/92769c88-04aa-4f2b-882b-7081f02727f9] 요청 수신: com.codeit.discodeit.dto.channel_service_dto.PublicChannelUpdateRequest@7c8f803d
25-08-15 17:27:40.932 [Test worker] INFO  c.c.d.controller.ChannelController - [PATCH /api/channels/92769c88-04aa-4f2b-882b-7081f02727f9] 수정 완료
25-08-15 17:30:06.177 [background-preinit] INFO  o.h.validator.internal.util.Version - HV000001: Hibernate Validator 8.0.2.Final
25-08-15 17:30:06.213 [Test worker] INFO  c.c.d.s.ChannelControllerTest - Starting ChannelControllerTest using Java 17.0.15 with PID 21244 (started by chaos in C:\Users\chaos\SpringProject\Discodeit)
25-08-15 17:30:06.214 [Test worker] DEBUG c.c.d.s.ChannelControllerTest - Running with Spring Boot v3.5.3, Spring v6.2.8
25-08-15 17:30:06.215 [Test worker] INFO  c.c.d.s.ChannelControllerTest - The following 1 profile is active: "testcontroller"
25-08-15 17:30:07.420 [Test worker] INFO  o.s.b.a.w.s.WelcomePageHandlerMappin - Adding welcome page: class path resource [static/index.html]
25-08-15 17:30:07.651 [Test worker] WARN  o.s.b.a.t.ThymeleafAutoConfiguration - Cannot find template location: classpath:/templates/ (please add some templates, check your Thymeleaf configuration, or set spring.thymeleaf.check-template-location=false)
25-08-15 17:30:07.699 [Test worker] INFO  o.s.b.t.m.w.SpringBootMockServletCon - Initializing Spring TestDispatcherServlet ''
25-08-15 17:30:07.699 [Test worker] INFO  o.s.t.w.s.TestDispatcherServlet - Initializing Servlet ''
25-08-15 17:30:07.700 [Test worker] INFO  o.s.t.w.s.TestDispatcherServlet - Completed initialization in 1 ms
25-08-15 17:30:07.725 [Test worker] INFO  c.c.d.s.ChannelControllerTest - Started ChannelControllerTest in 1.897 seconds (process running for 2.86)
25-08-15 17:30:07.908 [Test worker] WARN  c.c.d.e.g.GlobalExceptionHandler - 필드 검증 오류: ErrorResponse[timestamp=2025-08-15T08:30:07.908290200Z, code=FAILED_VALIDATION_ERROR, message=검증이 필요한 필드가 검증에 실패했습니다., details={fieldErrors={participantIds=must not be null}}, exceptionType=MethodArgumentNotValidException, status=400]
25-08-15 17:30:07.999 [Test worker] INFO  c.c.d.controller.ChannelController - [PATCH /api/channels/6fbf0a2e-2dc9-4ceb-aab9-15a0f88e586c] 요청 수신: com.codeit.discodeit.dto.channel_service_dto.PublicChannelUpdateRequest@117069f2
25-08-15 17:30:08.000 [Test worker] INFO  c.c.d.controller.ChannelController - [PATCH /api/channels/6fbf0a2e-2dc9-4ceb-aab9-15a0f88e586c] 수정 완료
25-08-15 17:30:08.020 [Test worker] WARN  c.c.d.e.g.GlobalExceptionHandler - 필드 검증 오류: ErrorResponse[timestamp=2025-08-15T08:30:08.020290900Z, code=FAILED_VALIDATION_ERROR, message=검증이 필요한 필드가 검증에 실패했습니다., details={fieldErrors={newName=must not be empty, newDescription=must not be empty}}, exceptionType=MethodArgumentNotValidException, status=400]
25-08-15 17:30:08.029 [Test worker] INFO  c.c.d.controller.ChannelController - [POST /api/channels/public] 요청 수신: com.codeit.discodeit.dto.channel_service_dto.CreatePublicChannelRequestDto@7c8689e
25-08-15 17:30:08.031 [Test worker] INFO  c.c.d.controller.ChannelController - [POST /api/channels/public] 생성 완료: channelId=285d383d-c99a-43c0-a794-c70665455276
25-08-15 17:30:08.041 [Test worker] INFO  c.c.d.controller.ChannelController - [POST /api/channels/public] 요청 수신: com.codeit.discodeit.dto.channel_service_dto.CreatePublicChannelRequestDto@1c5fd813
25-08-15 17:30:08.043 [Test worker] WARN  c.c.d.e.g.GlobalExceptionHandler - 채널 오류: ErrorResponse[timestamp=2025-08-15T08:30:08.037289200Z, code=CHANNEL_NAME_DUPLICATE, message=채널을 이름 중복 입니다., details=null, exceptionType=ChannelNameDuplicateException, status=400]
25-08-15 17:30:08.051 [Test worker] INFO  c.c.d.controller.ChannelController - [POST /api/channels/private] 요청 수신: participantIds=[e4768e73-c301-4b2b-934e-d86db1e7899e, f5ee347d-9896-4f6a-be74-da8130c42efa]
25-08-15 17:30:08.052 [Test worker] INFO  c.c.d.controller.ChannelController - [POST /api/channels/private] 생성 완료: channelId=29ca59bd-5ca9-4956-bc0a-4be3484bc22e
25-08-15 17:30:28.291 [background-preinit] INFO  o.h.validator.internal.util.Version - HV000001: Hibernate Validator 8.0.2.Final
25-08-15 17:30:28.325 [Test worker] INFO  c.c.d.s.ChannelControllerTest - Starting ChannelControllerTest using Java 17.0.15 with PID 1012 (started by chaos in C:\Users\chaos\SpringProject\Discodeit)
25-08-15 17:30:28.325 [Test worker] DEBUG c.c.d.s.ChannelControllerTest - Running with Spring Boot v3.5.3, Spring v6.2.8
25-08-15 17:30:28.326 [Test worker] INFO  c.c.d.s.ChannelControllerTest - The following 1 profile is active: "testcontroller"
25-08-15 17:30:29.533 [Test worker] INFO  o.s.b.a.w.s.WelcomePageHandlerMappin - Adding welcome page: class path resource [static/index.html]
25-08-15 17:30:29.768 [Test worker] WARN  o.s.b.a.t.ThymeleafAutoConfiguration - Cannot find template location: classpath:/templates/ (please add some templates, check your Thymeleaf configuration, or set spring.thymeleaf.check-template-location=false)
25-08-15 17:30:29.815 [Test worker] INFO  o.s.b.t.m.w.SpringBootMockServletCon - Initializing Spring TestDispatcherServlet ''
25-08-15 17:30:29.816 [Test worker] INFO  o.s.t.w.s.TestDispatcherServlet - Initializing Servlet ''
25-08-15 17:30:29.817 [Test worker] INFO  o.s.t.w.s.TestDispatcherServlet - Completed initialization in 0 ms
25-08-15 17:30:29.843 [Test worker] INFO  c.c.d.s.ChannelControllerTest - Started ChannelControllerTest in 1.911 seconds (process running for 2.87)
25-08-15 17:30:30.035 [Test worker] WARN  c.c.d.e.g.GlobalExceptionHandler - 필드 검증 오류: ErrorResponse[timestamp=2025-08-15T08:30:30.035867500Z, code=FAILED_VALIDATION_ERROR, message=검증이 필요한 필드가 검증에 실패했습니다., details={fieldErrors={participantIds=must not be null}}, exceptionType=MethodArgumentNotValidException, status=400]
25-08-15 17:30:30.128 [Test worker] INFO  c.c.d.controller.ChannelController - [PATCH /api/channels/a947a0b5-6e8d-4eae-bbe3-262c032ae858] 요청 수신: com.codeit.discodeit.dto.channel_service_dto.PublicChannelUpdateRequest@77ebc9e6
25-08-15 17:30:30.130 [Test worker] INFO  c.c.d.controller.ChannelController - [PATCH /api/channels/a947a0b5-6e8d-4eae-bbe3-262c032ae858] 수정 완료
25-08-15 17:30:30.153 [Test worker] WARN  c.c.d.e.g.GlobalExceptionHandler - 필드 검증 오류: ErrorResponse[timestamp=2025-08-15T08:30:30.153865300Z, code=FAILED_VALIDATION_ERROR, message=검증이 필요한 필드가 검증에 실패했습니다., details={fieldErrors={newName=must not be empty, newDescription=must not be empty}}, exceptionType=MethodArgumentNotValidException, status=400]
25-08-15 17:30:30.166 [Test worker] INFO  c.c.d.controller.ChannelController - [POST /api/channels/public] 요청 수신: com.codeit.discodeit.dto.channel_service_dto.CreatePublicChannelRequestDto@3da61af2
25-08-15 17:30:30.168 [Test worker] INFO  c.c.d.controller.ChannelController - [POST /api/channels/public] 생성 완료: channelId=3ecbfa71-f8c1-4fc2-bc6e-13ce786e3024
25-08-15 17:30:30.180 [Test worker] INFO  c.c.d.controller.ChannelController - [POST /api/channels/public] 요청 수신: com.codeit.discodeit.dto.channel_service_dto.CreatePublicChannelRequestDto@49338f3
25-08-15 17:30:30.183 [Test worker] WARN  c.c.d.e.g.GlobalExceptionHandler - 채널 오류: ErrorResponse[timestamp=2025-08-15T08:30:30.177864100Z, code=CHANNEL_NAME_DUPLICATE, message=채널을 이름 중복 입니다., details=null, exceptionType=ChannelNameDuplicateException, status=400]
25-08-15 17:30:30.193 [Test worker] INFO  c.c.d.controller.ChannelController - [POST /api/channels/private] 요청 수신: participantIds=[f04fb4a8-f577-4d68-948c-b95d4e65e29e, 16aab2c2-f531-4a1f-99f7-707d19553346]
25-08-15 17:30:30.194 [Test worker] INFO  c.c.d.controller.ChannelController - [POST /api/channels/private] 생성 완료: channelId=057417e1-6a56-41b2-8d69-99eb42b0a1a8
25-08-15 17:34:20.295 [background-preinit] INFO  o.h.validator.internal.util.Version - HV000001: Hibernate Validator 8.0.2.Final
25-08-15 17:34:20.334 [Test worker] INFO  c.c.d.s.UserControllerTest - Starting UserControllerTest using Java 17.0.15 with PID 19580 (started by chaos in C:\Users\chaos\SpringProject\Discodeit)
25-08-15 17:34:20.335 [Test worker] DEBUG c.c.d.s.UserControllerTest - Running with Spring Boot v3.5.3, Spring v6.2.8
25-08-15 17:34:20.335 [Test worker] INFO  c.c.d.s.UserControllerTest - The following 1 profile is active: "testcontroller"
25-08-15 17:34:21.570 [Test worker] INFO  o.s.b.a.w.s.WelcomePageHandlerMappin - Adding welcome page: class path resource [static/index.html]
25-08-15 17:34:21.814 [Test worker] WARN  o.s.b.a.t.ThymeleafAutoConfiguration - Cannot find template location: classpath:/templates/ (please add some templates, check your Thymeleaf configuration, or set spring.thymeleaf.check-template-location=false)
25-08-15 17:34:21.859 [Test worker] INFO  o.s.b.t.m.w.SpringBootMockServletCon - Initializing Spring TestDispatcherServlet ''
25-08-15 17:34:21.859 [Test worker] INFO  o.s.t.w.s.TestDispatcherServlet - Initializing Servlet ''
25-08-15 17:34:21.860 [Test worker] INFO  o.s.t.w.s.TestDispatcherServlet - Completed initialization in 1 ms
25-08-15 17:34:21.885 [Test worker] INFO  c.c.d.s.UserControllerTest - Started UserControllerTest in 1.943 seconds (process running for 2.808)
25-08-15 17:34:22.074 [Test worker] INFO  c.c.d.controller.UserController - [PATCH /api/users/4ef7d936-8b65-4a11-baed-93482a260b92] 요청 수신 - userUpdateRequest=com.codeit.discodeit.dto.user_service_dto.UserUpdateRequest@df432ec, profileFileName=profile.jpg, profileSize=11
25-08-15 17:34:22.078 [Test worker] INFO  c.c.d.controller.UserController - [PATCH /api/users/4ef7d936-8b65-4a11-baed-93482a260b92] 수정 완료
25-08-15 17:34:22.171 [Test worker] WARN  c.c.d.e.g.GlobalExceptionHandler - 필드 검증 오류: ErrorResponse[timestamp=2025-08-15T08:34:22.171854300Z, code=FAILED_VALIDATION_ERROR, message=검증이 필요한 필드가 검증에 실패했습니다., details={fieldErrors={newUsername=size must be between 4 and 14, newPassword=size must be between 4 and 14, newEmail=size must be between 10 and 30}}, exceptionType=MethodArgumentNotValidException, status=400]
25-08-15 17:34:22.202 [Test worker] INFO  c.c.d.controller.UserController - [POST /api/users] 요청 수신 - userCreateRequest=com.codeit.discodeit.dto.user_service_dto.UserCreateRequest@1d3546f9, profileFileName=없음, profileSize=0
25-08-15 17:34:22.203 [Test worker] INFO  c.c.d.controller.UserController - [POST /api/users] 생성 완료 - createdUserId=500f96b9-0402-496e-8aaa-c083f4db3226
25-08-15 17:34:22.209 [Test worker] WARN  c.c.d.e.g.GlobalExceptionHandler - 필드 검증 오류: ErrorResponse[timestamp=2025-08-15T08:34:22.209853600Z, code=FAILED_VALIDATION_ERROR, message=검증이 필요한 필드가 검증에 실패했습니다., details={fieldErrors={password=size must be between 4 and 14, email=size must be between 10 and 30, username=size must be between 4 and 14}}, exceptionType=MethodArgumentNotValidException, status=400]
25-08-15 17:34:22.214 [Test worker] INFO  c.c.d.controller.UserController - [DELETE /api/users/33aa323d-c32e-442f-9cdf-7ccc66829cd6] 요청 수신
25-08-15 17:34:22.215 [Test worker] INFO  c.c.d.controller.UserController - [DELETE /api/users/33aa323d-c32e-442f-9cdf-7ccc66829cd6] 삭제 완료
25-08-15 17:34:22.222 [Test worker] INFO  c.c.d.controller.UserController - [DELETE /api/users/1a7bbbdc-b3ad-44a8-a466-c217845d139a] 요청 수신
25-08-15 17:34:22.224 [Test worker] WARN  c.c.d.e.g.GlobalExceptionHandler - 유저 오류: ErrorResponse[timestamp=2025-08-15T08:34:22.220854300Z, code=USER_NOT_FOUND, message=유저를 찾을 수 없습니다., details=null, exceptionType=UserNotFoundException, status=404]
25-08-15 17:34:50.613 [background-preinit] INFO  o.h.validator.internal.util.Version - HV000001: Hibernate Validator 8.0.2.Final
25-08-15 17:34:50.652 [Test worker] INFO  c.c.d.s.UserControllerTest - Starting UserControllerTest using Java 17.0.15 with PID 21140 (started by chaos in C:\Users\chaos\SpringProject\Discodeit)
25-08-15 17:34:50.653 [Test worker] DEBUG c.c.d.s.UserControllerTest - Running with Spring Boot v3.5.3, Spring v6.2.8
25-08-15 17:34:50.653 [Test worker] INFO  c.c.d.s.UserControllerTest - The following 1 profile is active: "testcontroller"
25-08-15 17:34:51.930 [Test worker] INFO  o.s.b.a.w.s.WelcomePageHandlerMappin - Adding welcome page: class path resource [static/index.html]
25-08-15 17:34:52.174 [Test worker] WARN  o.s.b.a.t.ThymeleafAutoConfiguration - Cannot find template location: classpath:/templates/ (please add some templates, check your Thymeleaf configuration, or set spring.thymeleaf.check-template-location=false)
25-08-15 17:34:52.219 [Test worker] INFO  o.s.b.t.m.w.SpringBootMockServletCon - Initializing Spring TestDispatcherServlet ''
25-08-15 17:34:52.219 [Test worker] INFO  o.s.t.w.s.TestDispatcherServlet - Initializing Servlet ''
25-08-15 17:34:52.220 [Test worker] INFO  o.s.t.w.s.TestDispatcherServlet - Completed initialization in 1 ms
25-08-15 17:34:52.246 [Test worker] INFO  c.c.d.s.UserControllerTest - Started UserControllerTest in 1.98 seconds (process running for 2.845)
25-08-15 17:34:52.443 [Test worker] INFO  c.c.d.controller.UserController - [PATCH /api/users/19001cbe-c9b5-418e-9045-291e15b8643b] 요청 수신 - userUpdateRequest=com.codeit.discodeit.dto.user_service_dto.UserUpdateRequest@dd060be, profileFileName=profile.jpg, profileSize=11
25-08-15 17:34:52.448 [Test worker] INFO  c.c.d.controller.UserController - [PATCH /api/users/19001cbe-c9b5-418e-9045-291e15b8643b] 수정 완료
25-08-15 17:34:52.539 [Test worker] WARN  c.c.d.e.g.GlobalExceptionHandler - 필드 검증 오류: ErrorResponse[timestamp=2025-08-15T08:34:52.539390300Z, code=FAILED_VALIDATION_ERROR, message=검증이 필요한 필드가 검증에 실패했습니다., details={fieldErrors={newUsername=size must be between 4 and 14, newPassword=size must be between 4 and 14, newEmail=must be a well-formed email address}}, exceptionType=MethodArgumentNotValidException, status=400]
25-08-15 17:34:52.573 [Test worker] INFO  c.c.d.controller.UserController - [POST /api/users] 요청 수신 - userCreateRequest=com.codeit.discodeit.dto.user_service_dto.UserCreateRequest@59d0fac9, profileFileName=없음, profileSize=0
25-08-15 17:34:52.574 [Test worker] INFO  c.c.d.controller.UserController - [POST /api/users] 생성 완료 - createdUserId=68502601-dae1-4d2b-950c-fc8093c1b26d
25-08-15 17:34:52.582 [Test worker] WARN  c.c.d.e.g.GlobalExceptionHandler - 필드 검증 오류: ErrorResponse[timestamp=2025-08-15T08:34:52.582391700Z, code=FAILED_VALIDATION_ERROR, message=검증이 필요한 필드가 검증에 실패했습니다., details={fieldErrors={password=size must be between 4 and 14, email=size must be between 10 and 30, username=size must be between 4 and 14}}, exceptionType=MethodArgumentNotValidException, status=400]
25-08-15 17:34:52.589 [Test worker] INFO  c.c.d.controller.UserController - [DELETE /api/users/bf58c301-6a00-4b89-9995-6ccfb2bd9fbc] 요청 수신
25-08-15 17:34:52.590 [Test worker] INFO  c.c.d.controller.UserController - [DELETE /api/users/bf58c301-6a00-4b89-9995-6ccfb2bd9fbc] 삭제 완료
25-08-15 17:34:52.598 [Test worker] INFO  c.c.d.controller.UserController - [DELETE /api/users/17c5bad3-d3d1-4d29-8e70-a4903a4cf5d1] 요청 수신
25-08-15 17:34:52.600 [Test worker] WARN  c.c.d.e.g.GlobalExceptionHandler - 유저 오류: ErrorResponse[timestamp=2025-08-15T08:34:52.595391800Z, code=USER_NOT_FOUND, message=유저를 찾을 수 없습니다., details=null, exceptionType=UserNotFoundException, status=404]
25-08-15 18:38:35.228 [background-preinit] INFO  o.h.validator.internal.util.Version - HV000001: Hibernate Validator 8.0.2.Final
25-08-15 18:38:35.265 [Test worker] INFO  c.c.d.s.MessageControllerTest - Starting MessageControllerTest using Java 17.0.15 with PID 33508 (started by chaos in C:\Users\chaos\SpringProject\Discodeit)
25-08-15 18:38:35.266 [Test worker] DEBUG c.c.d.s.MessageControllerTest - Running with Spring Boot v3.5.3, Spring v6.2.8
25-08-15 18:38:35.266 [Test worker] INFO  c.c.d.s.MessageControllerTest - The following 1 profile is active: "testcontroller"
25-08-15 18:38:37.278 [Test worker] INFO  o.s.b.a.w.s.WelcomePageHandlerMappin - Adding welcome page: class path resource [static/index.html]
25-08-15 18:38:37.526 [Test worker] WARN  o.s.b.a.t.ThymeleafAutoConfiguration - Cannot find template location: classpath:/templates/ (please add some templates, check your Thymeleaf configuration, or set spring.thymeleaf.check-template-location=false)
25-08-15 18:38:37.572 [Test worker] INFO  o.s.b.t.m.w.SpringBootMockServletCon - Initializing Spring TestDispatcherServlet ''
25-08-15 18:38:37.572 [Test worker] INFO  o.s.t.w.s.TestDispatcherServlet - Initializing Servlet ''
25-08-15 18:38:37.574 [Test worker] INFO  o.s.t.w.s.TestDispatcherServlet - Completed initialization in 1 ms
25-08-15 18:38:37.600 [Test worker] INFO  c.c.d.s.MessageControllerTest - Started MessageControllerTest in 2.813 seconds (process running for 3.919)
25-08-15 18:39:48.703 [background-preinit] INFO  o.h.validator.internal.util.Version - HV000001: Hibernate Validator 8.0.2.Final
25-08-15 18:39:48.740 [Test worker] INFO  c.c.d.s.MessageControllerTest - Starting MessageControllerTest using Java 17.0.15 with PID 34420 (started by chaos in C:\Users\chaos\SpringProject\Discodeit)
25-08-15 18:39:48.740 [Test worker] DEBUG c.c.d.s.MessageControllerTest - Running with Spring Boot v3.5.3, Spring v6.2.8
25-08-15 18:39:48.741 [Test worker] INFO  c.c.d.s.MessageControllerTest - The following 1 profile is active: "testcontroller"
25-08-15 18:39:50.118 [Test worker] INFO  o.s.b.a.w.s.WelcomePageHandlerMappin - Adding welcome page: class path resource [static/index.html]
25-08-15 18:39:50.374 [Test worker] WARN  o.s.b.a.t.ThymeleafAutoConfiguration - Cannot find template location: classpath:/templates/ (please add some templates, check your Thymeleaf configuration, or set spring.thymeleaf.check-template-location=false)
25-08-15 18:39:50.420 [Test worker] INFO  o.s.b.t.m.w.SpringBootMockServletCon - Initializing Spring TestDispatcherServlet ''
25-08-15 18:39:50.420 [Test worker] INFO  o.s.t.w.s.TestDispatcherServlet - Initializing Servlet ''
25-08-15 18:39:50.422 [Test worker] INFO  o.s.t.w.s.TestDispatcherServlet - Completed initialization in 1 ms
25-08-15 18:39:50.451 [Test worker] INFO  c.c.d.s.MessageControllerTest - Started MessageControllerTest in 2.119 seconds (process running for 3.108)
25-08-15 18:39:50.648 [Test worker] INFO  c.c.d.controller.MessageController - [POST /api/messages] 메시지 생성 요청 수신: content=Hello World, attachmentsCount=1
25-08-15 18:39:50.651 [Test worker] INFO  c.c.d.controller.MessageController - [POST /api/messages] 메시지 생성 완료: messageId=3e329e8d-f79b-45eb-ae8f-84e5485ef533
25-08-15 18:43:25.662 [background-preinit] INFO  o.h.validator.internal.util.Version - HV000001: Hibernate Validator 8.0.2.Final
25-08-15 18:43:25.709 [Test worker] INFO  c.c.d.s.MessageControllerTest - Starting MessageControllerTest using Java 17.0.15 with PID 30912 (started by chaos in C:\Users\chaos\SpringProject\Discodeit)
25-08-15 18:43:25.710 [Test worker] DEBUG c.c.d.s.MessageControllerTest - Running with Spring Boot v3.5.3, Spring v6.2.8
25-08-15 18:43:25.710 [Test worker] INFO  c.c.d.s.MessageControllerTest - The following 1 profile is active: "testcontroller"
25-08-15 18:43:27.498 [Test worker] INFO  o.s.b.a.w.s.WelcomePageHandlerMappin - Adding welcome page: class path resource [static/index.html]
25-08-15 18:43:28.112 [Test worker] WARN  o.s.b.a.t.ThymeleafAutoConfiguration - Cannot find template location: classpath:/templates/ (please add some templates, check your Thymeleaf configuration, or set spring.thymeleaf.check-template-location=false)
25-08-15 18:43:28.195 [Test worker] INFO  o.s.b.t.m.w.SpringBootMockServletCon - Initializing Spring TestDispatcherServlet ''
25-08-15 18:43:28.196 [Test worker] INFO  o.s.t.w.s.TestDispatcherServlet - Initializing Servlet ''
25-08-15 18:43:28.197 [Test worker] INFO  o.s.t.w.s.TestDispatcherServlet - Completed initialization in 1 ms
25-08-15 18:43:28.236 [Test worker] INFO  c.c.d.s.MessageControllerTest - Started MessageControllerTest in 3.103 seconds (process running for 4.384)
25-08-15 18:43:28.598 [Test worker] INFO  c.c.d.controller.MessageController - [POST /api/messages] 메시지 생성 요청 수신: content=Hello World, attachmentsCount=1
25-08-15 18:43:28.604 [Test worker] INFO  c.c.d.controller.MessageController - [POST /api/messages] 메시지 생성 완료: messageId=3cc1ed30-2589-461a-bb63-faa9ac9050cd
25-08-15 18:43:28.762 [Test worker] INFO  c.c.d.controller.MessageController - [DELETE /api/messages/2a44d666-25ad-4d4a-9dbd-e127bbca5048] 삭제 요청 수신
25-08-15 18:43:28.764 [Test worker] INFO  c.c.d.controller.MessageController - [DELETE /api/messages/2a44d666-25ad-4d4a-9dbd-e127bbca5048] 삭제 완료
25-08-15 18:45:34.670 [background-preinit] INFO  o.h.validator.internal.util.Version - HV000001: Hibernate Validator 8.0.2.Final
25-08-15 18:45:34.724 [Test worker] INFO  c.c.d.s.MessageControllerTest - Starting MessageControllerTest using Java 17.0.15 with PID 20732 (started by chaos in C:\Users\chaos\SpringProject\Discodeit)
25-08-15 18:45:34.725 [Test worker] DEBUG c.c.d.s.MessageControllerTest - Running with Spring Boot v3.5.3, Spring v6.2.8
25-08-15 18:45:34.726 [Test worker] INFO  c.c.d.s.MessageControllerTest - The following 1 profile is active: "testcontroller"
25-08-15 18:45:36.367 [Test worker] INFO  o.s.b.a.w.s.WelcomePageHandlerMappin - Adding welcome page: class path resource [static/index.html]
25-08-15 18:45:36.733 [Test worker] WARN  o.s.b.a.t.ThymeleafAutoConfiguration - Cannot find template location: classpath:/templates/ (please add some templates, check your Thymeleaf configuration, or set spring.thymeleaf.check-template-location=false)
25-08-15 18:45:36.795 [Test worker] INFO  o.s.b.t.m.w.SpringBootMockServletCon - Initializing Spring TestDispatcherServlet ''
25-08-15 18:45:36.795 [Test worker] INFO  o.s.t.w.s.TestDispatcherServlet - Initializing Servlet ''
25-08-15 18:45:36.798 [Test worker] INFO  o.s.t.w.s.TestDispatcherServlet - Completed initialization in 2 ms
25-08-15 18:45:36.836 [Test worker] INFO  c.c.d.s.MessageControllerTest - Started MessageControllerTest in 2.609 seconds (process running for 3.805)
25-08-15 18:45:37.104 [Test worker] INFO  c.c.d.controller.MessageController - [POST /api/messages] 메시지 생성 요청 수신: content=Hello World, attachmentsCount=1
25-08-15 18:45:37.109 [Test worker] INFO  c.c.d.controller.MessageController - [POST /api/messages] 메시지 생성 완료: messageId=5864764a-8057-4e34-aab4-ad8c3d589960
25-08-15 18:45:37.242 [Test worker] INFO  c.c.d.controller.MessageController - [DELETE /api/messages/f5ff5edc-d1f1-42da-806f-7de928932463] 삭제 요청 수신
25-08-15 18:45:37.243 [Test worker] INFO  c.c.d.controller.MessageController - [DELETE /api/messages/f5ff5edc-d1f1-42da-806f-7de928932463] 삭제 완료
25-08-15 18:46:29.155 [background-preinit] INFO  o.h.validator.internal.util.Version - HV000001: Hibernate Validator 8.0.2.Final
25-08-15 18:46:29.199 [Test worker] INFO  c.c.d.s.MessageControllerTest - Starting MessageControllerTest using Java 17.0.15 with PID 15660 (started by chaos in C:\Users\chaos\SpringProject\Discodeit)
25-08-15 18:46:29.200 [Test worker] DEBUG c.c.d.s.MessageControllerTest - Running with Spring Boot v3.5.3, Spring v6.2.8
25-08-15 18:46:29.201 [Test worker] INFO  c.c.d.s.MessageControllerTest - The following 1 profile is active: "testcontroller"
25-08-15 18:46:30.832 [Test worker] INFO  o.s.b.a.w.s.WelcomePageHandlerMappin - Adding welcome page: class path resource [static/index.html]
25-08-15 18:46:31.185 [Test worker] WARN  o.s.b.a.t.ThymeleafAutoConfiguration - Cannot find template location: classpath:/templates/ (please add some templates, check your Thymeleaf configuration, or set spring.thymeleaf.check-template-location=false)
25-08-15 18:46:31.257 [Test worker] INFO  o.s.b.t.m.w.SpringBootMockServletCon - Initializing Spring TestDispatcherServlet ''
25-08-15 18:46:31.257 [Test worker] INFO  o.s.t.w.s.TestDispatcherServlet - Initializing Servlet ''
25-08-15 18:46:31.259 [Test worker] INFO  o.s.t.w.s.TestDispatcherServlet - Completed initialization in 1 ms
25-08-15 18:46:31.297 [Test worker] INFO  c.c.d.s.MessageControllerTest - Started MessageControllerTest in 2.595 seconds (process running for 3.826)
25-08-15 18:46:31.567 [Test worker] INFO  c.c.d.controller.MessageController - [POST /api/messages] 메시지 생성 요청 수신: content=Hello World, attachmentsCount=1
25-08-15 18:46:31.573 [Test worker] INFO  c.c.d.controller.MessageController - [POST /api/messages] 메시지 생성 완료: messageId=9fde570b-c51b-439e-bf88-21a35ad13b66
25-08-15 18:46:31.667 [Test worker] INFO  c.c.d.controller.MessageController - [PATCH /api/messages/a86b15a4-1baa-4d70-844d-e84178451529] 수정 요청 수신: com.codeit.discodeit.dto.message_service_dto.MessageUpdateRequest@446f3a53
25-08-15 18:46:31.668 [Test worker] INFO  c.c.d.controller.MessageController - [PATCH /api/messages/a86b15a4-1baa-4d70-844d-e84178451529] 수정 완료
25-08-15 18:46:31.689 [Test worker] INFO  c.c.d.controller.MessageController - [DELETE /api/messages/1fa8e64c-76f8-4f34-8102-7b0259c8aba1] 삭제 요청 수신
25-08-15 18:46:31.691 [Test worker] INFO  c.c.d.controller.MessageController - [DELETE /api/messages/1fa8e64c-76f8-4f34-8102-7b0259c8aba1] 삭제 완료
25-08-15 18:47:21.261 [background-preinit] INFO  o.h.validator.internal.util.Version - HV000001: Hibernate Validator 8.0.2.Final
25-08-15 18:47:21.303 [Test worker] INFO  c.c.d.s.MessageControllerTest - Starting MessageControllerTest using Java 17.0.15 with PID 33860 (started by chaos in C:\Users\chaos\SpringProject\Discodeit)
25-08-15 18:47:21.304 [Test worker] DEBUG c.c.d.s.MessageControllerTest - Running with Spring Boot v3.5.3, Spring v6.2.8
25-08-15 18:47:21.304 [Test worker] INFO  c.c.d.s.MessageControllerTest - The following 1 profile is active: "testcontroller"
25-08-15 18:47:22.979 [Test worker] INFO  o.s.b.a.w.s.WelcomePageHandlerMappin - Adding welcome page: class path resource [static/index.html]
25-08-15 18:47:23.347 [Test worker] WARN  o.s.b.a.t.ThymeleafAutoConfiguration - Cannot find template location: classpath:/templates/ (please add some templates, check your Thymeleaf configuration, or set spring.thymeleaf.check-template-location=false)
25-08-15 18:47:23.414 [Test worker] INFO  o.s.b.t.m.w.SpringBootMockServletCon - Initializing Spring TestDispatcherServlet ''
25-08-15 18:47:23.414 [Test worker] INFO  o.s.t.w.s.TestDispatcherServlet - Initializing Servlet ''
25-08-15 18:47:23.417 [Test worker] INFO  o.s.t.w.s.TestDispatcherServlet - Completed initialization in 2 ms
25-08-15 18:47:23.455 [Test worker] INFO  c.c.d.s.MessageControllerTest - Started MessageControllerTest in 2.581 seconds (process running for 3.732)
25-08-15 18:47:23.717 [Test worker] INFO  c.c.d.controller.MessageController - [POST /api/messages] 메시지 생성 요청 수신: content=Hello World, attachmentsCount=1
25-08-15 18:47:23.721 [Test worker] INFO  c.c.d.controller.MessageController - [POST /api/messages] 메시지 생성 완료: messageId=14549595-3c55-4b3e-94bc-c1ecf0bcf5fa
25-08-15 18:47:23.795 [Test worker] INFO  c.c.d.controller.MessageController - [PATCH /api/messages/37e4d00e-8610-4f93-bdef-5cd637aa495d] 수정 요청 수신: com.codeit.discodeit.dto.message_service_dto.MessageUpdateRequest@446f3a53
25-08-15 18:47:23.796 [Test worker] INFO  c.c.d.controller.MessageController - [PATCH /api/messages/37e4d00e-8610-4f93-bdef-5cd637aa495d] 수정 완료
25-08-15 18:47:23.813 [Test worker] INFO  c.c.d.controller.MessageController - [DELETE /api/messages/28cfa4cd-6664-4edf-b871-9c954ba2f433] 삭제 요청 수신
25-08-15 18:47:23.814 [Test worker] INFO  c.c.d.controller.MessageController - [DELETE /api/messages/28cfa4cd-6664-4edf-b871-9c954ba2f433] 삭제 완료
25-08-15 18:48:26.700 [background-preinit] INFO  o.h.validator.internal.util.Version - HV000001: Hibernate Validator 8.0.2.Final
25-08-15 18:48:26.742 [Test worker] INFO  c.c.d.s.MessageControllerTest - Starting MessageControllerTest using Java 17.0.15 with PID 36512 (started by chaos in C:\Users\chaos\SpringProject\Discodeit)
25-08-15 18:48:26.743 [Test worker] DEBUG c.c.d.s.MessageControllerTest - Running with Spring Boot v3.5.3, Spring v6.2.8
25-08-15 18:48:26.744 [Test worker] INFO  c.c.d.s.MessageControllerTest - The following 1 profile is active: "testcontroller"
25-08-15 18:48:28.390 [Test worker] INFO  o.s.b.a.w.s.WelcomePageHandlerMappin - Adding welcome page: class path resource [static/index.html]
25-08-15 18:48:28.751 [Test worker] WARN  o.s.b.a.t.ThymeleafAutoConfiguration - Cannot find template location: classpath:/templates/ (please add some templates, check your Thymeleaf configuration, or set spring.thymeleaf.check-template-location=false)
25-08-15 18:48:28.817 [Test worker] INFO  o.s.b.t.m.w.SpringBootMockServletCon - Initializing Spring TestDispatcherServlet ''
25-08-15 18:48:28.818 [Test worker] INFO  o.s.t.w.s.TestDispatcherServlet - Initializing Servlet ''
25-08-15 18:48:28.820 [Test worker] INFO  o.s.t.w.s.TestDispatcherServlet - Completed initialization in 2 ms
25-08-15 18:48:28.857 [Test worker] INFO  c.c.d.s.MessageControllerTest - Started MessageControllerTest in 2.664 seconds (process running for 3.973)
25-08-15 18:48:29.113 [Test worker] INFO  c.c.d.controller.MessageController - [POST /api/messages] 메시지 생성 요청 수신: content=Hello World, attachmentsCount=1
25-08-15 18:48:29.117 [Test worker] INFO  c.c.d.controller.MessageController - [POST /api/messages] 메시지 생성 완료: messageId=993def21-b62f-4f9b-b65f-ea558f3bcb08
25-08-15 18:48:29.200 [Test worker] INFO  c.c.d.controller.MessageController - [PATCH /api/messages/6fc411b1-000d-489d-a207-e3738c4ee272] 수정 요청 수신: com.codeit.discodeit.dto.message_service_dto.MessageUpdateRequest@96dfcbb
25-08-15 18:48:29.201 [Test worker] INFO  c.c.d.controller.MessageController - [PATCH /api/messages/6fc411b1-000d-489d-a207-e3738c4ee272] 수정 완료
25-08-15 18:48:29.213 [Test worker] INFO  c.c.d.controller.MessageController - [DELETE /api/messages/5b9f4c0d-b086-47c3-8b37-ec7251d7057a] 삭제 요청 수신
25-08-15 18:48:29.213 [Test worker] INFO  c.c.d.controller.MessageController - [DELETE /api/messages/5b9f4c0d-b086-47c3-8b37-ec7251d7057a] 삭제 완료
